incident_id,service_id,date_id,time_id,causal_confidence_score,mttr_minutes,priority,status,affected_business_unit,root_cause_type,open_time,resolution_time
INC00001,SRV007,2025-09-12,1588,57,268,1,Resolved,Sales,External,2025-09-12 02:40:54.301545,2025-09-13 00:30:16.923262
INC00002,SRV010,2025-03-06,1078,74,286,1,Resolved,Finance,Change,2025-03-06 10:54:04.251997,2025-03-06 08:36:41.913913
INC00003,SRV005,2026-09-04,1826,84,161,3,Resolved,Finance,Change,2026-09-04 20:34:17.859013,2026-09-04 02:50:06.299787
INC00004,SRV007,2026-05-02,2027,62,185,3,Resolved,Manufacturing,Software,2026-05-02 01:07:47.044514,2026-05-02 20:53:45.115775
INC00005,SRV004,2025-10-18,649,54,45,2,Active,HR,Network,2025-10-18 07:43:53.411608,2025-10-18 09:39:59.316689
INC00006,SRV002,2025-10-19,1636,74,127,3,Resolved,Finance,Network,2025-10-19 14:03:47.770232,2025-10-20 01:45:27.65252
INC00007,SRV001,2025-01-11,1107,57,30,2,Active,Finance,Change,2025-01-11 18:01:00.505885,2025-01-11 04:26:09.344112
INC00008,SRV002,2025-09-26,671,52,19,1,Resolved,Sales,Change,2025-09-26 06:40:33.74794,2025-09-26 12:50:14.166242
INC00009,SRV002,2026-01-01,943,74,104,4,Active,Finance,Network,2026-01-01 05:28:37.538462,2026-01-02 00:32:19.12194
INC00010,SRV002,2026-04-05,2108,92,85,1,Resolved,Manufacturing,Change,2026-04-05 23:00:47.997651,2026-04-05 21:38:19.051504
INC00011,SRV008,2026-02-28,1544,51,248,4,Active,Manufacturing,Software,2026-02-28 19:07:50.856956,2026-02-28 17:50:27.069296
INC00012,SRV005,2025-03-20,1254,76,268,4,Resolved,Logistics,Network,2025-03-20 14:05:52.644829,2025-03-20 06:51:00.239727
INC00013,SRV009,2026-12-29,155,80,224,4,Resolved,Sales,Network,2026-12-29 00:52:24.274813,2026-12-29 04:12:28.577233
INC00014,SRV002,2025-04-30,2128,53,185,1,Resolved,HR,Network,2025-04-30 09:10:50.592364,2025-04-30 05:02:43.06055
INC00015,SRV005,2026-09-14,1017,55,230,3,Resolved,Sales,Software,2026-09-14 16:08:01.05366,2026-09-14 04:44:27.227517
INC00016,SRV009,2026-10-02,49,57,270,4,Resolved,Finance,Change,2026-10-02 15:09:05.667077,2026-10-02 13:47:04.011948
INC00017,SRV010,2025-01-22,485,79,205,3,Resolved,Sales,External,2025-01-22 10:56:43.882903,2025-01-22 20:15:00.478869
INC00018,SRV001,2025-10-05,1130,92,66,4,Resolved,Finance,External,2025-10-05 01:48:56.539265,2025-10-05 03:20:38.634457
INC00019,SRV010,2026-08-30,809,89,265,2,Resolved,Logistics,Hardware,2026-08-30 22:51:49.770936,2026-08-30 05:05:14.516131
INC00020,SRV007,2026-07-09,1511,87,257,2,Resolved,Manufacturing,Hardware,2026-07-09 20:17:27.103458,2026-07-09 09:53:06.118351
INC00021,SRV007,2026-07-21,1798,83,135,1,Active,HR,External,2026-07-21 16:20:18.860009,2026-07-21 13:06:42.572275
INC00022,SRV005,2025-04-17,1822,89,214,1,Resolved,HR,External,2025-04-17 16:57:39.562848,2025-04-17 03:48:56.259094
INC00023,SRV003,2026-12-30,242,59,219,2,Resolved,Manufacturing,External,2026-12-30 08:37:39.740545,2026-12-30 04:00:46.229268
INC00024,SRV001,2026-08-10,1586,67,20,2,Active,HR,Network,2026-08-10 22:38:35.556252,2026-08-10 20:54:00.44694
INC00025,SRV010,2025-10-07,1386,77,45,4,Resolved,Finance,Software,2025-10-07 19:14:03.952094,2025-10-07 06:46:42.232851
INC00026,SRV006,2025-02-25,1280,58,116,4,Resolved,Logistics,Network,2025-02-25 17:49:21.423708,2025-02-25 14:06:58.386509
INC00027,SRV006,2025-05-10,2257,91,270,1,Resolved,Manufacturing,Software,2025-05-10 11:44:45.918374,2025-05-10 22:11:01.5865
INC00028,SRV009,2025-05-22,2070,94,54,1,Resolved,HR,Change,2025-05-22 20:12:25.272709,2025-05-22 12:54:07.121722
INC00029,SRV003,2026-03-18,2256,95,234,2,Resolved,Sales,Network,2026-03-18 19:19:31.51045,2026-03-18 07:21:01.520936
INC00030,SRV010,2025-05-04,593,62,281,3,Resolved,HR,External,2025-05-04 00:11:06.3539,2025-05-04 17:16:04.499451
INC00031,SRV009,2025-11-15,83,60,256,4,Resolved,Logistics,Software,2025-11-15 15:18:19.026258,2025-11-15 11:45:04.605274
INC00032,SRV004,2025-04-30,1917,78,265,2,Resolved,Sales,External,2025-04-30 18:56:52.107096,2025-04-30 19:14:00.811248
INC00033,SRV010,2025-07-23,1671,81,224,2,Active,Logistics,Change,2025-07-23 02:21:19.881436,2025-07-23 15:53:50.177488
INC00034,SRV006,2025-09-30,1828,65,158,2,Resolved,Sales,Change,2025-09-30 02:58:03.970657,2025-09-30 18:01:43.365622
INC00035,SRV004,2026-03-17,1686,89,268,2,Resolved,HR,Network,2026-03-17 18:44:56.18233,2026-03-17 23:43:20.462479
INC00036,SRV010,2025-01-19,975,94,202,1,Resolved,Logistics,Network,2025-01-19 20:09:19.960022,2025-01-19 12:11:09.617286
INC00037,SRV010,2026-10-10,2051,70,121,3,Resolved,Manufacturing,Hardware,2026-10-10 23:03:42.386781,2026-10-10 19:48:42.976841
INC00038,SRV003,2026-03-17,636,76,234,2,Resolved,Finance,External,2026-03-17 11:42:53.16881,2026-03-17 23:43:33.23387
INC00039,SRV010,2026-07-02,1191,96,254,1,Resolved,Sales,Software,2026-07-02 21:20:50.183246,2026-07-02 12:39:54.598856
INC00040,SRV009,2026-09-03,1970,58,98,1,Resolved,Manufacturing,Network,2026-09-03 18:17:00.427564,2026-09-03 07:38:30.493836
INC00041,SRV008,2025-02-23,1027,68,102,2,Resolved,Manufacturing,Hardware,2025-02-23 04:48:15.655521,2025-02-23 18:58:00.48326
INC00042,SRV001,2026-01-12,235,89,37,1,Resolved,Sales,External,2026-01-12 18:16:01.126394,2026-01-12 01:39:54.904158
INC00043,SRV010,2026-08-10,1229,56,181,3,Resolved,Sales,External,2026-08-10 12:28:33.500385,2026-08-10 06:23:55.534459
INC00044,SRV005,2026-09-06,576,99,264,1,Active,Logistics,Software,2026-09-06 14:22:18.780203,2026-09-07 02:24:06.389909
INC00045,SRV002,2025-07-22,2148,97,193,4,Resolved,Sales,Hardware,2025-07-22 11:29:28.159373,2025-07-22 05:14:28.914505
INC00046,SRV006,2025-05-17,147,91,292,2,Resolved,Sales,Change,2025-05-17 10:30:49.78827,2025-05-17 20:03:13.179568
INC00047,SRV010,2026-10-25,1571,84,280,2,Resolved,Finance,Hardware,2026-10-25 00:05:31.781277,2026-10-25 17:57:54.679611
INC00048,SRV006,2025-02-20,1846,89,110,3,Resolved,Finance,Hardware,2025-02-20 12:09:45.604775,2025-02-20 10:07:36.843905
INC00049,SRV004,2025-08-16,1531,71,114,4,Resolved,Sales,Software,2025-08-16 15:09:03.210785,2025-08-16 03:04:08.438471
INC00050,SRV001,2026-05-24,420,67,275,2,Resolved,Sales,Software,2026-05-24 14:12:29.770124,2026-05-24 16:41:12.364471
INC00051,SRV007,2026-01-13,114,81,67,3,Resolved,Sales,Network,2026-01-13 21:59:57.648017,2026-01-13 23:45:00.935598
INC00052,SRV008,2025-04-07,877,75,169,2,Resolved,Manufacturing,External,2025-04-07 08:29:32.492889,2025-04-07 11:46:42.346136
INC00053,SRV001,2025-11-22,837,61,42,3,Resolved,HR,Software,2025-11-22 17:59:08.98712,2025-11-22 15:42:57.385696
INC00054,SRV003,2025-05-28,561,66,108,3,Resolved,Sales,Hardware,2025-05-28 06:32:55.167399,2025-05-28 16:06:22.240445
INC00055,SRV002,2025-06-23,2279,63,46,1,Active,Finance,External,2025-06-23 20:38:46.083179,2025-06-23 00:55:46.28612
INC00056,SRV009,2026-12-07,924,69,178,2,Resolved,Sales,Change,2026-12-07 20:02:07.787544,2026-12-07 04:57:20.961992
INC00057,SRV007,2025-03-08,901,65,278,4,Resolved,Logistics,Network,2025-03-08 19:24:42.674541,2025-03-08 09:10:44.681041
INC00058,SRV003,2026-08-10,2236,79,201,4,Resolved,Sales,External,2026-08-10 00:37:05.411129,2026-08-10 23:40:27.436296
INC00059,SRV001,2025-10-04,992,82,108,3,Resolved,Logistics,Hardware,2025-10-04 04:47:58.685607,2025-10-04 19:11:51.587403
INC00060,SRV010,2025-06-16,1194,68,109,1,Resolved,Finance,External,2025-06-16 23:07:19.417583,2025-06-16 10:42:47.486807
INC00061,SRV002,2026-05-14,1526,83,233,3,Active,Sales,Change,2026-05-14 14:15:44.665016,2026-05-15 00:40:12.983895
INC00062,SRV008,2026-05-14,1816,61,161,1,Resolved,Sales,Change,2026-05-14 21:09:58.577252,2026-05-14 08:50:56.226358
INC00063,SRV001,2026-12-27,368,72,107,1,Active,Manufacturing,Software,2026-12-27 05:07:36.266682,2026-12-27 11:07:44.871307
INC00064,SRV006,2026-11-30,2332,86,68,2,Resolved,HR,Network,2026-11-30 11:17:13.095992,2026-11-30 10:28:53.704394
INC00065,SRV006,2025-09-20,2033,58,70,2,Active,HR,Hardware,2025-09-20 02:44:44.948938,2025-09-20 10:41:44.073322
INC00066,SRV004,2025-09-20,1542,71,280,2,Resolved,Finance,Software,2025-09-20 19:09:47.570403,2025-09-20 22:15:36.18108
INC00067,SRV008,2025-01-25,410,52,174,2,Active,Logistics,Network,2025-01-25 09:08:27.213059,2025-01-26 00:37:40.246495
INC00068,SRV004,2026-10-19,1207,84,169,1,Resolved,Finance,Hardware,2026-10-19 14:41:44.395043,2026-10-19 23:41:01.871155
INC00069,SRV001,2025-02-10,2091,85,262,2,Resolved,Finance,Change,2025-02-10 06:53:02.317098,2025-02-10 09:12:18.763009
INC00070,SRV005,2025-05-16,446,89,28,1,Resolved,Finance,Network,2025-05-16 07:34:20.632324,2025-05-16 17:25:45.413792
INC00071,SRV010,2026-08-31,1176,69,272,2,Resolved,Logistics,Software,2026-08-31 02:17:33.279804,2026-08-31 21:02:04.782122
INC00072,SRV009,2026-12-13,1071,61,259,3,Resolved,HR,Hardware,2026-12-13 14:54:05.688031,2026-12-13 17:52:28.0112
INC00073,SRV001,2026-08-09,1199,58,93,1,Active,Logistics,Change,2026-08-09 04:23:15.750323,2026-08-09 23:40:10.102893
INC00074,SRV003,2026-05-20,627,62,107,2,Resolved,Finance,Hardware,2026-05-20 00:00:09.709393,2026-05-20 05:16:23.846187
INC00075,SRV002,2026-02-20,26,68,206,4,Resolved,HR,Network,2026-02-20 23:55:39.295561,2026-02-20 06:32:00.927706
INC00076,SRV005,2026-02-09,464,67,107,2,Resolved,Finance,Hardware,2026-02-09 09:00:45.993081,2026-02-09 17:59:24.344443
INC00077,SRV008,2026-07-24,160,55,35,4,Resolved,HR,External,2026-07-24 16:55:39.361429,2026-07-24 20:01:46.93357
INC00078,SRV009,2025-07-08,2129,69,171,3,Resolved,Logistics,Change,2025-07-08 13:18:41.013763,2025-07-08 06:42:35.628367
INC00079,SRV005,2026-04-14,1799,75,148,3,Resolved,Sales,Change,2026-04-14 23:22:42.909812,2026-04-14 13:50:16.462438
INC00080,SRV008,2026-01-27,1117,92,111,3,Resolved,Finance,Software,2026-01-27 20:55:52.897568,2026-01-27 16:52:53.800095
INC00081,SRV006,2026-08-22,2162,73,256,4,Active,Manufacturing,Software,2026-08-22 13:06:38.146035,2026-08-22 04:38:02.59104
INC00082,SRV004,2025-06-16,1164,53,215,2,Resolved,Sales,Hardware,2025-06-16 15:19:08.713732,2025-06-16 21:09:25.540411
INC00083,SRV009,2026-05-14,2345,96,52,4,Resolved,HR,Software,2026-05-14 01:06:21.076693,2026-05-14 03:50:09.186856
INC00084,SRV010,2025-08-10,551,84,174,3,Resolved,Manufacturing,External,2025-08-10 13:37:46.423418,2025-08-10 17:22:25.933753
INC00085,SRV004,2025-08-03,456,77,187,1,Resolved,Logistics,External,2025-08-03 06:38:21.563671,2025-08-03 16:48:37.728139
INC00086,SRV010,2026-09-16,317,92,268,2,Resolved,Manufacturing,External,2026-09-16 13:15:58.307235,2026-09-16 06:16:34.59675
INC00087,SRV010,2026-10-27,2221,61,195,2,Resolved,Logistics,Network,2026-10-27 20:12:34.891055,2026-10-27 09:49:55.234517
INC00088,SRV002,2026-06-15,1437,86,102,2,Resolved,HR,Software,2026-06-15 23:58:20.126304,2026-06-15 18:08:52.821428
INC00089,SRV001,2025-08-22,770,58,165,3,Resolved,HR,Software,2025-08-22 22:51:54.143398,2025-08-22 17:09:11.315389
INC00090,SRV007,2025-06-15,1161,99,184,2,Resolved,Sales,External,2025-06-15 08:50:55.419683,2025-06-15 15:59:13.467478
INC00091,SRV001,2026-06-10,1364,66,259,4,Resolved,Logistics,External,2026-06-10 00:38:16.302604,2026-06-10 16:47:42.039965
INC00092,SRV007,2026-07-09,1569,64,247,3,Resolved,HR,Change,2026-07-09 11:02:10.179213,2026-07-09 04:52:22.333609
INC00093,SRV010,2025-06-27,1767,50,92,3,Resolved,HR,Change,2025-06-27 06:35:43.790749,2025-06-27 03:51:37.041578
INC00094,SRV007,2026-12-28,1636,99,225,2,Active,Logistics,Network,2026-12-28 19:27:24.216112,2026-12-28 22:11:25.7848
INC00095,SRV006,2026-06-27,1299,67,157,4,Resolved,Finance,Hardware,2026-06-27 09:45:50.025795,2026-06-27 21:12:00.523038
INC00096,SRV010,2026-09-02,417,84,131,3,Resolved,Finance,External,2026-09-02 17:28:02.956946,2026-09-02 17:04:09.198076
INC00097,SRV010,2025-07-31,1928,62,65,2,Resolved,Manufacturing,Hardware,2025-07-31 20:43:28.768189,2025-07-31 17:38:42.754272
INC00098,SRV006,2026-07-02,695,92,222,2,Resolved,Sales,External,2026-07-02 02:40:30.873549,2026-07-02 19:36:05.175886
INC00099,SRV004,2025-03-24,1276,71,69,2,Resolved,Manufacturing,Software,2025-03-24 18:25:48.050836,2025-03-24 04:48:26.943626
INC00100,SRV008,2025-02-02,204,88,139,3,Resolved,Logistics,Change,2025-02-02 05:57:06.999649,2025-02-02 08:02:35.247526
INC00101,SRV010,2025-11-30,590,51,274,3,Resolved,Manufacturing,Software,2025-11-30 21:52:26.47416,2025-11-30 06:31:11.343197
INC00102,SRV001,2025-02-17,1459,77,65,1,Resolved,Finance,External,2025-02-17 18:15:09.29689,2025-02-17 13:38:53.095953
INC00103,SRV001,2025-03-31,2036,68,22,4,Resolved,Manufacturing,Hardware,2025-03-31 02:53:29.542155,2025-03-31 05:04:44.923158
INC00104,SRV002,2026-03-31,967,89,111,1,Resolved,Logistics,External,2026-03-31 00:42:57.639793,2026-03-31 18:33:51.010305
INC00105,SRV001,2026-02-26,1950,77,28,4,Active,HR,Network,2026-02-26 16:06:39.84685,2026-02-26 15:48:07.433793
INC00106,SRV010,2026-12-15,1584,61,131,2,Resolved,Logistics,Software,2026-12-15 12:54:31.437393,2026-12-15 12:53:55.460183
INC00107,SRV005,2026-09-27,482,66,283,2,Active,Finance,Software,2026-09-27 09:43:58.417552,2026-09-28 01:01:11.604976
INC00108,SRV004,2026-08-04,118,84,91,4,Active,Finance,Change,2026-08-04 04:49:14.179246,2026-08-04 05:22:22.475359
INC00109,SRV008,2026-06-25,854,75,33,4,Resolved,Manufacturing,Software,2026-06-25 17:19:21.009583,2026-06-25 06:58:03.999502
INC00110,SRV005,2026-07-04,37,82,202,4,Active,Manufacturing,External,2026-07-04 21:05:52.143506,2026-07-04 19:21:09.53759
INC00111,SRV010,2025-11-02,1349,86,51,3,Resolved,Finance,Network,2025-11-02 13:24:11.662487,2025-11-02 09:52:01.900917
INC00112,SRV010,2026-09-28,333,83,84,4,Resolved,Manufacturing,Software,2026-09-28 07:19:05.363689,2026-09-28 06:49:17.15701
INC00113,SRV006,2026-04-18,1489,64,251,1,Resolved,Logistics,Change,2026-04-18 09:42:55.930456,2026-04-18 23:39:10.083541
INC00114,SRV007,2026-04-09,342,97,138,1,Resolved,Logistics,Network,2026-04-09 13:39:01.231294,2026-04-09 02:22:50.482952
INC00115,SRV006,2026-12-15,2332,56,295,1,Resolved,Logistics,External,2026-12-15 06:04:25.442517,2026-12-15 19:53:53.103328
INC00116,SRV005,2025-07-31,846,78,40,1,Resolved,Finance,Network,2025-07-31 23:21:51.129034,2025-07-31 08:18:22.269496
INC00117,SRV010,2025-04-10,360,67,213,4,Active,HR,External,2025-04-10 13:24:01.991534,2025-04-10 11:50:26.838153
INC00118,SRV010,2025-12-16,1338,98,248,4,Resolved,Finance,Hardware,2025-12-16 02:34:09.353103,2025-12-16 21:44:16.453661
INC00119,SRV002,2026-06-28,44,63,194,4,Resolved,Manufacturing,External,2026-06-28 19:49:02.143587,2026-06-28 22:01:32.369538
INC00120,SRV006,2025-03-15,719,83,257,1,Resolved,HR,External,2025-03-15 12:17:12.375221,2025-03-15 12:42:45.795365
INC00121,SRV005,2025-04-26,1921,69,26,4,Resolved,Manufacturing,Hardware,2025-04-26 05:17:00.133362,2025-04-26 01:48:55.896043
INC00122,SRV002,2025-12-16,209,57,259,3,Resolved,Manufacturing,Change,2025-12-16 10:38:48.852803,2025-12-16 16:20:49.241642
INC00123,SRV002,2025-10-19,1968,59,97,4,Resolved,Sales,External,2025-10-19 12:45:02.749995,2025-10-19 19:02:14.054986
INC00124,SRV004,2025-09-20,1768,69,129,3,Resolved,Manufacturing,Change,2025-09-20 19:27:34.400657,2025-09-20 10:40:26.093018
INC00125,SRV006,2026-05-20,177,54,77,4,Resolved,Manufacturing,Hardware,2026-05-20 12:53:47.078117,2026-05-20 15:46:19.261336
INC00126,SRV004,2025-08-18,924,84,237,3,Resolved,Finance,Change,2025-08-18 00:42:59.777635,2025-08-18 21:26:42.204285
INC00127,SRV003,2026-08-16,352,81,70,4,Resolved,HR,Software,2026-08-16 00:40:03.003807,2026-08-16 01:26:51.873226
INC00128,SRV002,2025-01-29,1625,73,155,3,Resolved,Finance,Network,2025-01-29 20:50:15.382927,2025-01-30 01:41:34.358338
INC00129,SRV009,2026-08-19,1808,52,134,1,Resolved,HR,External,2026-08-19 03:24:53.414862,2026-08-19 09:52:48.698916
INC00130,SRV006,2025-01-02,687,80,196,1,Resolved,Sales,Software,2025-01-02 16:42:15.360424,2025-01-02 12:26:36.387988
INC00131,SRV007,2025-05-29,256,51,190,1,Resolved,Manufacturing,Change,2025-05-29 18:46:00.689482,2025-05-30 00:02:20.388405
INC00132,SRV008,2025-02-04,874,89,277,4,Resolved,Finance,Change,2025-02-04 20:43:25.309129,2025-02-04 17:55:58.852657
INC00133,SRV010,2026-07-20,184,93,152,4,Resolved,Manufacturing,Network,2026-07-20 15:05:28.922453,2026-07-20 14:26:43.770484
INC00134,SRV005,2026-11-12,2323,62,56,3,Resolved,Logistics,Change,2026-11-12 08:36:07.771538,2026-11-12 14:47:57.79117
INC00135,SRV004,2025-09-22,160,91,142,4,Resolved,Logistics,External,2025-09-22 17:55:47.314474,2025-09-22 02:43:55.739778
INC00136,SRV007,2026-01-08,1240,72,29,3,Resolved,Logistics,Software,2026-01-08 09:02:26.330347,2026-01-08 08:23:45.066296
INC00137,SRV004,2026-10-10,2092,70,296,1,Resolved,Logistics,Software,2026-10-10 12:31:47.808105,2026-10-10 19:46:53.843336
INC00138,SRV009,2025-09-05,1593,81,154,2,Resolved,Logistics,Hardware,2025-09-05 00:13:53.906428,2025-09-05 19:19:13.149273
INC00139,SRV004,2026-12-18,1928,94,93,1,Resolved,Logistics,Software,2026-12-18 14:30:40.102021,2026-12-18 17:20:50.818425
INC00140,SRV010,2025-05-07,1961,57,114,4,Resolved,Finance,Network,2025-05-07 16:42:59.782831,2025-05-07 09:33:58.998217
INC00141,SRV003,2025-11-25,26,63,102,2,Resolved,Sales,Hardware,2025-11-25 05:59:08.043816,2025-11-25 12:19:34.98397
INC00142,SRV004,2025-11-04,1731,57,110,2,Resolved,Finance,Software,2025-11-04 09:28:32.955832,2025-11-04 14:24:08.454825
INC00143,SRV003,2026-06-24,412,58,134,2,Active,Sales,Software,2026-06-24 19:33:40.367313,2026-06-24 06:44:20.909978
INC00144,SRV009,2026-05-29,2280,67,18,3,Resolved,Finance,Change,2026-05-29 08:24:47.553116,2026-05-29 16:22:30.474597
INC00145,SRV006,2026-05-05,661,95,138,1,Active,Logistics,Software,2026-05-05 05:23:47.952707,2026-05-06 02:15:39.171331
INC00146,SRV010,2025-03-18,1243,65,276,2,Resolved,Logistics,Network,2025-03-18 23:59:32.111588,2025-03-18 18:11:20.627774
INC00147,SRV003,2026-11-27,1813,83,141,1,Resolved,Logistics,Software,2026-11-27 01:58:42.253558,2026-11-27 12:51:39.253088
INC00148,SRV002,2025-10-26,1754,86,41,1,Resolved,Finance,External,2025-10-26 15:27:26.752587,2025-10-26 05:52:41.327638
INC00149,SRV005,2026-04-14,501,80,41,4,Resolved,Manufacturing,Hardware,2026-04-14 19:38:53.562195,2026-04-14 11:22:18.529948
INC00150,SRV007,2026-01-18,1217,83,164,2,Resolved,Sales,Network,2026-01-18 08:53:57.651083,2026-01-18 16:39:59.489208
INC00151,SRV004,2025-09-24,1823,89,51,2,Active,Sales,Software,2025-09-24 11:00:17.79882,2025-09-24 15:53:32.334102
INC00152,SRV002,2026-07-26,207,88,210,4,Resolved,Sales,Software,2026-07-26 20:31:14.915025,2026-07-26 09:33:20.97601
INC00153,SRV009,2025-02-22,1314,76,89,3,Resolved,Logistics,Change,2025-02-22 16:37:35.650565,2025-02-22 23:58:08.279627
INC00154,SRV009,2026-08-23,1686,64,273,4,Resolved,Finance,External,2026-08-23 17:29:42.03966,2026-08-24 00:03:57.168133
INC00155,SRV010,2026-06-19,265,67,52,1,Resolved,Finance,External,2026-06-19 19:36:04.129729,2026-06-19 06:40:36.019718
INC00156,SRV004,2026-07-04,327,76,151,3,Resolved,Logistics,External,2026-07-04 22:52:35.590734,2026-07-04 22:29:04.080194
INC00157,SRV001,2025-07-26,1567,57,43,3,Resolved,Logistics,Software,2025-07-26 00:47:13.197281,2025-07-26 09:03:44.676571
INC00158,SRV001,2026-02-27,320,77,192,1,Active,Logistics,Hardware,2026-02-27 11:47:42.768093,2026-02-27 10:53:16.878753
INC00159,SRV002,2026-03-23,1922,51,88,1,Resolved,Sales,Network,2026-03-23 22:19:18.354459,2026-03-23 16:35:11.212569
INC00160,SRV002,2025-05-17,196,59,210,2,Resolved,Sales,External,2025-05-17 16:17:20.956688,2025-05-17 09:44:50.643935
INC00161,SRV007,2026-10-13,2271,69,81,4,Resolved,Finance,Software,2026-10-13 22:04:27.816271,2026-10-13 13:57:38.077956
INC00162,SRV010,2025-05-18,1184,82,104,2,Active,Finance,Software,2025-05-18 15:00:40.104523,2025-05-18 10:15:02.306569
INC00163,SRV005,2026-04-14,1211,73,19,1,Resolved,Logistics,External,2026-04-14 09:55:33.026085,2026-04-14 03:12:36.166754
INC00164,SRV002,2025-10-28,639,57,239,1,Resolved,Sales,Change,2025-10-28 11:51:02.997995,2025-10-28 15:37:23.162467
INC00165,SRV006,2026-04-30,15,83,153,4,Resolved,Finance,Hardware,2026-04-30 19:07:49.453659,2026-04-30 13:14:26.076279
INC00166,SRV003,2026-09-24,685,80,138,2,Resolved,Manufacturing,Hardware,2026-09-24 00:19:00.747134,2026-09-24 03:22:11.980073
INC00167,SRV010,2026-10-29,1936,85,231,1,Resolved,HR,External,2026-10-29 11:54:54.428283,2026-10-29 21:29:27.236507
INC00168,SRV009,2026-06-03,1856,96,204,1,Active,Sales,Hardware,2026-06-03 04:27:55.363507,2026-06-03 11:10:45.330416
INC00169,SRV010,2026-01-04,1079,94,276,4,Resolved,HR,Change,2026-01-04 03:01:01.072593,2026-01-04 19:41:10.567364
INC00170,SRV007,2026-01-14,137,74,36,4,Resolved,Sales,External,2026-01-14 09:10:04.771785,2026-01-14 10:19:03.726249
INC00171,SRV003,2026-02-23,56,92,237,3,Resolved,Sales,Hardware,2026-02-23 00:35:34.695353,2026-02-23 23:25:45.229128
INC00172,SRV002,2025-04-04,636,90,234,3,Active,Sales,Hardware,2025-04-04 20:23:41.016017,2025-04-04 06:22:06.086356
INC00173,SRV005,2025-04-28,2148,58,130,4,Resolved,Logistics,Hardware,2025-04-28 04:26:29.022209,2025-04-28 03:39:10.728194
INC00174,SRV008,2026-04-09,2218,65,198,2,Resolved,HR,External,2026-04-09 21:42:32.916169,2026-04-09 05:20:00.858012
INC00175,SRV001,2026-12-31,273,82,40,1,Resolved,Logistics,Software,2026-12-31 16:23:02.19419,2026-12-31 14:05:50.295674
INC00176,SRV004,2026-07-16,1928,60,159,3,Resolved,HR,External,2026-07-16 23:16:57.983405,2026-07-16 07:26:01.522495
INC00177,SRV006,2025-07-30,501,60,163,1,Resolved,Logistics,External,2025-07-30 05:06:15.772022,2025-07-30 17:04:17.282919
INC00178,SRV005,2025-07-18,28,99,91,3,Resolved,HR,Hardware,2025-07-18 07:58:22.094262,2025-07-18 04:10:55.002828
INC00179,SRV007,2026-10-27,2104,97,111,2,Resolved,Finance,Change,2026-10-27 14:22:21.147315,2026-10-27 13:47:43.951907
INC00180,SRV008,2025-09-13,594,55,166,1,Active,HR,Software,2025-09-13 12:39:36.97782,2025-09-13 18:39:08.183286
INC00181,SRV001,2026-06-27,1696,77,152,2,Active,Logistics,Change,2026-06-27 11:40:46.737922,2026-06-27 13:25:08.283813
INC00182,SRV004,2026-09-14,1054,77,138,2,Resolved,HR,Software,2026-09-14 11:06:24.845501,2026-09-14 11:09:10.408229
INC00183,SRV002,2026-08-12,936,62,113,4,Resolved,Logistics,Hardware,2026-08-12 17:23:29.094565,2026-08-12 06:56:12.665317
INC00184,SRV008,2025-04-09,1463,97,236,2,Resolved,Logistics,Hardware,2025-04-09 23:28:40.704012,2025-04-09 22:47:15.159323
INC00185,SRV007,2026-04-27,1720,89,129,2,Resolved,Sales,External,2026-04-27 16:20:23.66178,2026-04-27 17:34:04.517406
INC00186,SRV010,2026-09-17,459,54,198,3,Resolved,Logistics,Change,2026-09-17 01:22:55.790836,2026-09-17 19:05:40.403372
INC00187,SRV006,2026-09-24,1407,93,40,1,Active,HR,Change,2026-09-24 23:25:43.204127,2026-09-24 10:33:39.190791
INC00188,SRV002,2025-05-03,298,82,63,1,Resolved,Manufacturing,Hardware,2025-05-03 06:09:00.2149,2025-05-03 19:31:19.695267
INC00189,SRV001,2025-04-02,560,61,28,2,Resolved,Logistics,External,2025-04-02 05:20:42.631803,2025-04-02 07:29:13.81112
INC00190,SRV007,2025-05-02,1834,89,143,3,Resolved,Logistics,Network,2025-05-02 07:24:48.079964,2025-05-02 02:35:16.101524
INC00191,SRV004,2026-06-01,1149,66,40,3,Resolved,HR,Software,2026-06-01 16:04:01.537632,2026-06-01 18:53:39.928502
INC00192,SRV003,2026-07-04,320,74,37,4,Resolved,Logistics,Software,2026-07-04 22:23:48.581054,2026-07-05 00:19:43.538636
INC00193,SRV002,2025-08-14,1764,63,177,3,Resolved,Sales,Software,2025-08-14 19:16:18.649288,2025-08-14 03:20:31.576474
INC00194,SRV008,2026-11-03,654,75,104,2,Resolved,Sales,Software,2026-11-03 15:48:07.140947,2026-11-03 22:02:13.475662
INC00195,SRV008,2025-06-12,1457,78,237,4,Resolved,Sales,Software,2025-06-12 10:54:00.239828,2025-06-12 05:32:56.437024
INC00196,SRV004,2025-01-23,2030,54,33,4,Resolved,Logistics,Software,2025-01-23 06:15:04.29166,2025-01-23 20:39:34.935906
INC00197,SRV001,2025-02-17,548,58,190,1,Resolved,Sales,Software,2025-02-17 00:55:56.166085,2025-02-17 19:12:50.387021
INC00198,SRV001,2025-10-23,2065,84,123,2,Resolved,Sales,Change,2025-10-23 12:10:41.466811,2025-10-23 13:31:02.263939
INC00199,SRV006,2026-02-12,1736,57,276,1,Active,Logistics,Hardware,2026-02-12 06:01:39.934614,2026-02-13 00:49:00.955792
INC00200,SRV004,2026-02-27,20,72,58,1,Resolved,Finance,Hardware,2026-02-27 20:16:59.659988,2026-02-27 10:23:19.240083
INC00201,SRV001,2026-10-07,692,97,157,4,Resolved,Logistics,Hardware,2026-10-07 14:52:47.578804,2026-10-07 11:18:31.424535
INC00202,SRV007,2025-02-10,288,85,283,2,Resolved,Manufacturing,Network,2025-02-10 22:04:21.358444,2025-02-10 05:24:27.0687
INC00203,SRV004,2026-09-21,2134,69,107,2,Active,HR,Software,2026-09-21 16:29:23.264255,2026-09-21 03:26:35.540925
INC00204,SRV007,2026-01-11,941,76,43,4,Resolved,Finance,External,2026-01-11 09:08:00.931311,2026-01-11 03:27:18.177706
INC00205,SRV009,2026-04-22,2097,93,89,4,Resolved,HR,Network,2026-04-22 05:33:20.953785,2026-04-22 14:29:52.931577
INC00206,SRV003,2025-04-19,1614,57,106,3,Resolved,HR,Change,2025-04-19 08:16:26.53962,2025-04-19 19:34:13.256174
INC00207,SRV002,2026-09-01,41,78,263,4,Resolved,Sales,External,2026-09-01 15:55:08.463032,2026-09-02 02:27:33.601647
INC00208,SRV003,2026-07-25,1051,97,43,3,Active,HR,Hardware,2026-07-25 10:14:01.76148,2026-07-25 11:05:24.043895
INC00209,SRV002,2026-06-13,1803,88,39,3,Resolved,Logistics,Network,2026-06-13 04:01:25.036597,2026-06-13 07:04:42.309499
INC00210,SRV008,2026-10-26,1029,78,25,4,Active,Finance,Software,2026-10-26 00:39:40.149439,2026-10-26 23:27:38.534089
INC00211,SRV007,2026-03-12,563,72,105,3,Resolved,Logistics,Software,2026-03-12 16:51:25.498367,2026-03-12 15:19:33.909316
INC00212,SRV001,2025-12-04,1239,95,241,1,Resolved,Logistics,Software,2025-12-04 19:01:42.571799,2025-12-04 11:01:09.250672
INC00213,SRV009,2026-10-27,1590,53,102,2,Resolved,Sales,Network,2026-10-27 15:35:48.810064,2026-10-27 21:02:25.217204
INC00214,SRV004,2025-05-10,1794,93,201,1,Active,Finance,Network,2025-05-10 12:58:11.546301,2025-05-10 14:58:04.34559
INC00215,SRV008,2026-08-01,1647,52,276,2,Resolved,Manufacturing,Hardware,2026-08-01 20:56:50.095301,2026-08-01 05:08:49.687965
INC00216,SRV005,2025-07-21,334,67,291,3,Resolved,Manufacturing,Change,2025-07-21 08:44:28.192544,2025-07-21 14:27:29.564936
INC00217,SRV009,2026-01-22,230,71,265,1,Resolved,HR,Network,2026-01-22 02:02:10.308384,2026-01-23 02:47:23.446249
INC00218,SRV010,2026-06-21,500,81,51,2,Resolved,Finance,Hardware,2026-06-21 17:32:29.349874,2026-06-21 21:50:54.994707
INC00219,SRV007,2025-11-25,1012,81,79,2,Active,HR,External,2025-11-25 19:06:28.818192,2025-11-25 06:01:53.413957
INC00220,SRV004,2026-11-29,833,75,240,1,Resolved,Sales,Software,2026-11-29 13:20:36.751068,2026-11-29 22:59:24.72384
INC00221,SRV004,2026-11-27,1033,81,286,3,Active,Sales,External,2026-11-27 02:12:04.528746,2026-11-27 15:54:30.917923
INC00222,SRV010,2026-07-30,2151,50,114,4,Resolved,HR,Network,2026-07-30 15:35:39.940992,2026-07-30 23:56:29.299186
INC00223,SRV006,2025-12-29,661,56,110,2,Resolved,Logistics,Change,2025-12-29 09:03:25.216075,2025-12-29 08:57:06.7574
INC00224,SRV004,2025-09-02,203,86,134,4,Resolved,HR,Software,2025-09-02 15:21:01.740388,2025-09-02 06:26:05.457006
INC00225,SRV007,2025-03-18,1097,95,245,1,Resolved,Finance,Network,2025-03-18 22:54:10.631658,2025-03-18 19:22:23.755315
INC00226,SRV001,2025-01-30,89,56,178,4,Active,HR,Hardware,2025-01-30 17:07:23.885522,2025-01-30 18:03:27.825973
INC00227,SRV010,2025-09-04,937,93,200,3,Active,Logistics,Change,2025-09-04 17:09:25.761137,2025-09-04 16:34:29.993423
INC00228,SRV001,2025-04-21,2128,92,287,3,Resolved,Logistics,Change,2025-04-21 10:49:16.703283,2025-04-21 09:30:51.94103
INC00229,SRV008,2026-07-12,241,81,178,2,Resolved,Sales,Hardware,2026-07-12 23:55:54.536816,2026-07-12 06:58:12.974841
INC00230,SRV006,2025-04-14,369,72,252,2,Active,HR,Network,2025-04-14 02:22:53.26276,2025-04-14 09:11:15.106483
INC00231,SRV002,2025-02-10,1527,97,146,1,Resolved,Manufacturing,Hardware,2025-02-10 14:03:46.812324,2025-02-10 06:16:12.37838
INC00232,SRV003,2026-12-14,1895,63,222,3,Resolved,Manufacturing,External,2026-12-14 09:27:14.129667,2026-12-14 23:43:40.925619
INC00233,SRV008,2025-10-30,1442,98,179,3,Resolved,Logistics,Hardware,2025-10-30 01:34:52.949774,2025-10-30 22:39:28.162914
INC00234,SRV003,2025-06-18,1875,63,245,1,Resolved,HR,Software,2025-06-18 00:12:30.090928,2025-06-18 13:01:44.914885
INC00235,SRV002,2026-04-14,889,87,26,1,Resolved,Finance,Hardware,2026-04-14 00:34:04.328406,2026-04-14 13:38:36.666436
INC00236,SRV008,2026-08-04,528,54,168,1,Active,Sales,External,2026-08-04 04:03:46.565465,2026-08-04 11:57:13.990049
INC00237,SRV009,2025-10-26,2193,86,108,2,Resolved,Manufacturing,Change,2025-10-26 09:05:50.732,2025-10-26 07:19:33.826148
INC00238,SRV005,2025-01-01,1306,51,65,2,Resolved,Finance,Software,2025-01-01 23:42:19.295582,2025-01-01 20:54:15.404488
INC00239,SRV007,2026-09-22,2236,95,297,2,Resolved,Manufacturing,External,2026-09-22 08:25:26.010517,2026-09-22 05:11:11.133011
INC00240,SRV001,2026-10-06,762,53,299,4,Resolved,Sales,External,2026-10-06 20:44:35.240925,2026-10-06 11:35:52.532723
INC00241,SRV007,2025-03-23,1546,91,251,3,Resolved,Logistics,Change,2025-03-23 16:39:54.053996,2025-03-24 03:17:48.470104
INC00242,SRV008,2025-06-11,563,82,120,2,Resolved,HR,Hardware,2025-06-11 09:34:16.051087,2025-06-11 07:07:46.556232
INC00243,SRV008,2025-11-22,659,79,24,1,Resolved,Finance,Network,2025-11-22 14:27:05.008353,2025-11-22 13:51:38.726654
INC00244,SRV001,2025-01-18,1292,81,272,2,Resolved,Manufacturing,Hardware,2025-01-18 00:11:05.119352,2025-01-18 12:43:19.484906
INC00245,SRV010,2025-09-30,1704,86,125,4,Resolved,Logistics,Software,2025-09-30 19:54:19.227715,2025-09-30 18:36:08.738411
INC00246,SRV006,2025-09-05,1449,62,188,2,Active,Sales,Network,2025-09-05 02:35:55.108584,2025-09-05 05:23:19.996988
INC00247,SRV009,2026-01-01,2315,78,193,2,Resolved,Sales,Change,2026-01-01 06:28:31.673317,2026-01-01 22:18:01.023046
INC00248,SRV010,2025-05-19,760,93,107,3,Resolved,Sales,Software,2025-05-19 01:52:52.840751,2025-05-19 15:59:15.90457
INC00249,SRV004,2026-05-24,1814,81,232,1,Resolved,HR,Hardware,2026-05-24 13:00:35.810262,2026-05-24 22:19:50.337536
INC00250,SRV002,2025-10-15,2163,64,123,4,Active,Logistics,Change,2025-10-15 01:07:13.194926,2025-10-16 01:56:59.594649
INC00251,SRV001,2026-12-03,1462,63,228,1,Resolved,Logistics,Hardware,2026-12-03 03:07:15.576108,2026-12-03 04:55:28.997719
INC00252,SRV003,2026-08-25,9,78,254,1,Resolved,Sales,External,2026-08-25 21:32:50.243801,2026-08-25 16:07:28.106732
INC00253,SRV010,2025-07-31,919,85,95,3,Resolved,Logistics,External,2025-07-31 20:56:04.72787,2025-07-31 11:58:10.729908
INC00254,SRV002,2025-06-23,581,66,74,4,Resolved,Sales,Network,2025-06-23 07:36:35.294673,2025-06-23 07:01:55.201421
INC00255,SRV003,2025-02-25,47,90,180,3,Resolved,HR,Change,2025-02-25 18:12:40.144114,2025-02-25 07:53:39.16136
INC00256,SRV009,2026-12-31,1230,54,272,1,Resolved,Logistics,Hardware,2026-12-31 13:07:07.817178,2026-12-31 13:59:04.01194
INC00257,SRV007,2026-02-22,1391,62,187,2,Resolved,Finance,Network,2026-02-22 06:23:48.711019,2026-02-22 13:53:37.650164
INC00258,SRV009,2026-04-06,232,65,32,3,Resolved,Finance,Software,2026-04-06 10:48:36.816118,2026-04-06 08:42:25.823118
INC00259,SRV009,2025-08-09,1255,68,117,2,Resolved,Sales,Hardware,2025-08-09 00:17:42.196635,2025-08-10 01:38:44.795503
INC00260,SRV005,2025-03-21,358,74,260,1,Resolved,HR,Hardware,2025-03-21 12:02:29.335866,2025-03-22 02:14:13.545636
INC00261,SRV004,2026-02-25,1552,60,50,1,Resolved,Finance,Change,2026-02-25 01:39:10.876561,2026-02-25 18:17:48.257911
INC00262,SRV001,2025-10-03,865,68,47,1,Resolved,Manufacturing,Hardware,2025-10-03 15:46:51.236385,2025-10-03 23:03:52.324577
INC00263,SRV004,2025-11-17,601,66,225,3,Active,HR,Hardware,2025-11-17 12:46:05.632987,2025-11-17 19:21:47.76573
INC00264,SRV008,2026-09-24,1774,51,201,1,Resolved,HR,Change,2026-09-24 03:09:22.087615,2026-09-24 19:05:42.250589
INC00265,SRV006,2025-03-14,126,82,43,1,Resolved,Logistics,Change,2025-03-14 21:51:39.323547,2025-03-14 12:21:00.698926
INC00266,SRV002,2025-11-11,1905,88,188,2,Resolved,HR,External,2025-11-11 18:37:07.619136,2025-11-11 05:02:03.465863
INC00267,SRV009,2025-10-03,1948,61,295,3,Resolved,Finance,External,2025-10-03 07:34:03.538594,2025-10-03 15:08:31.50147
INC00268,SRV007,2026-04-25,1959,87,138,1,Resolved,Logistics,Network,2026-04-25 11:23:40.538329,2026-04-25 19:04:21.556055
INC00269,SRV009,2025-02-14,2048,95,140,1,Resolved,Logistics,Software,2025-02-14 13:36:44.470085,2025-02-14 15:44:19.395697
INC00270,SRV010,2025-08-13,796,86,268,1,Resolved,Finance,Software,2025-08-13 12:06:24.328468,2025-08-14 04:04:53.143301
INC00271,SRV008,2025-06-30,555,55,229,4,Active,Sales,Software,2025-06-30 15:02:01.691572,2025-06-30 23:43:19.779524
INC00272,SRV006,2026-03-06,1988,99,237,3,Active,Logistics,Hardware,2026-03-06 12:52:19.026173,2026-03-06 16:18:09.354943
INC00273,SRV003,2026-03-12,363,95,88,2,Resolved,Logistics,External,2026-03-12 13:12:02.068874,2026-03-12 16:57:34.399227
INC00274,SRV003,2025-05-06,1918,99,254,4,Resolved,Finance,External,2025-05-06 09:06:00.275214,2025-05-06 05:45:23.098467
INC00275,SRV006,2026-02-23,1365,94,99,1,Resolved,Finance,Network,2026-02-23 19:56:02.989156,2026-02-23 09:39:16.967879
INC00276,SRV007,2025-10-31,536,81,245,2,Resolved,Manufacturing,Change,2025-10-31 14:38:30.377748,2025-10-31 06:53:36.087894
INC00277,SRV009,2025-04-22,593,90,275,2,Resolved,Manufacturing,External,2025-04-22 14:24:04.450946,2025-04-22 11:16:39.274614
INC00278,SRV004,2025-05-12,650,79,166,2,Resolved,Sales,Network,2025-05-12 10:47:47.838018,2025-05-12 17:41:58.278676
INC00279,SRV006,2026-08-07,668,59,280,2,Resolved,Logistics,Software,2026-08-07 15:00:37.280507,2026-08-07 13:30:02.769445
INC00280,SRV003,2026-07-22,6,50,54,2,Resolved,HR,External,2026-07-22 21:21:16.629605,2026-07-22 01:38:29.11468
INC00281,SRV006,2025-06-19,2033,57,87,3,Resolved,Manufacturing,Change,2025-06-19 13:43:42.685498,2025-06-19 13:16:09.139604
INC00282,SRV005,2026-04-08,1200,68,102,4,Resolved,Manufacturing,Hardware,2026-04-08 16:42:58.707652,2026-04-08 14:13:16.772182
INC00283,SRV010,2026-11-13,1838,62,234,4,Resolved,HR,Network,2026-11-13 13:44:15.27243,2026-11-13 14:30:44.228283
INC00284,SRV005,2026-07-17,1795,98,45,1,Resolved,Manufacturing,External,2026-07-17 21:14:10.396542,2026-07-17 02:38:52.319922
INC00285,SRV001,2026-03-16,2093,53,247,1,Resolved,Sales,Network,2026-03-16 21:20:42.646428,2026-03-16 08:25:49.10211
INC00286,SRV002,2025-09-04,569,67,112,3,Resolved,Logistics,Change,2025-09-04 15:12:50.599125,2025-09-04 11:14:14.297394
INC00287,SRV007,2025-03-27,2208,51,58,3,Active,Finance,Network,2025-03-27 03:34:18.603493,2025-03-27 10:05:46.678876
INC00288,SRV002,2026-12-30,156,71,183,2,Resolved,Logistics,Software,2026-12-30 21:07:38.685171,2026-12-30 20:58:49.995194
INC00289,SRV010,2026-08-01,710,87,20,3,Resolved,Finance,Change,2026-08-01 03:28:18.105166,2026-08-01 15:42:10.129868
INC00290,SRV005,2026-08-08,1392,74,281,1,Resolved,Manufacturing,Change,2026-08-08 03:35:08.212883,2026-08-08 21:28:42.071285
INC00291,SRV007,2025-10-25,1296,86,84,4,Active,HR,Change,2025-10-25 07:09:19.381029,2025-10-25 11:11:55.653691
INC00292,SRV001,2025-09-24,1397,65,207,1,Resolved,Sales,Software,2025-09-24 17:09:12.43592,2025-09-24 12:40:15.314289
INC00293,SRV006,2025-01-08,849,63,176,4,Resolved,Manufacturing,Software,2025-01-08 23:05:08.258051,2025-01-08 17:46:42.936675
INC00294,SRV001,2026-01-02,1521,73,193,3,Resolved,Finance,Software,2026-01-02 18:03:16.657761,2026-01-03 00:14:29.317709
INC00295,SRV006,2025-08-29,999,59,124,2,Active,HR,Hardware,2025-08-29 10:00:28.538861,2025-08-29 06:20:27.131744
INC00296,SRV005,2025-11-27,2067,85,147,1,Resolved,Manufacturing,Change,2025-11-27 07:08:27.733382,2025-11-27 18:09:12.877734
INC00297,SRV005,2026-04-14,162,87,261,2,Resolved,Finance,External,2026-04-14 09:25:47.817213,2026-04-14 15:55:01.77903
INC00298,SRV008,2026-09-03,983,91,67,4,Resolved,Logistics,Change,2026-09-03 04:13:25.124793,2026-09-03 04:11:13.812901
INC00299,SRV002,2026-08-02,1046,79,58,2,Resolved,HR,Network,2026-08-02 04:41:38.411927,2026-08-02 12:35:59.347251
INC00300,SRV002,2026-08-08,1186,60,35,4,Resolved,Finance,Network,2026-08-08 16:05:42.409203,2026-08-08 16:46:28.788092
INC00301,SRV010,2025-10-24,991,56,198,2,Resolved,Logistics,Network,2025-10-24 08:06:41.123794,2025-10-24 23:34:55.391487
INC00302,SRV003,2025-05-23,1234,71,178,3,Resolved,Sales,Software,2025-05-23 14:48:32.230963,2025-05-23 07:22:45.974475
INC00303,SRV009,2025-02-20,650,54,126,4,Resolved,Finance,Hardware,2025-02-20 04:15:00.262098,2025-02-20 12:53:37.32461
INC00304,SRV008,2026-09-29,1336,61,64,2,Resolved,HR,Software,2026-09-29 09:07:03.112799,2026-09-29 06:44:55.285674
INC00305,SRV007,2025-09-08,1131,78,49,1,Resolved,Sales,Software,2025-09-08 20:30:23.956358,2025-09-08 09:17:00.760155
INC00306,SRV002,2025-03-20,723,59,237,3,Active,Finance,Software,2025-03-20 13:46:22.360755,2025-03-20 04:24:49.443264
INC00307,SRV009,2025-08-05,1095,91,89,1,Active,Sales,Hardware,2025-08-05 08:36:17.739001,2025-08-05 14:02:30.227643
INC00308,SRV002,2025-04-15,621,72,212,1,Active,Sales,Hardware,2025-04-15 04:00:52.589779,2025-04-15 15:48:14.893068
INC00309,SRV010,2026-04-10,2141,57,67,4,Resolved,Sales,Software,2026-04-10 21:54:58.325059,2026-04-10 22:05:11.027661
INC00310,SRV007,2025-06-01,1003,57,116,2,Resolved,Finance,Network,2025-06-01 00:35:48.119966,2025-06-01 15:58:36.881214
INC00311,SRV005,2026-02-01,980,51,139,1,Resolved,Finance,Hardware,2026-02-01 07:35:35.982271,2026-02-01 11:08:00.682237
INC00312,SRV003,2026-09-25,903,91,175,2,Resolved,Sales,Change,2026-09-25 15:41:54.083571,2026-09-25 16:39:04.758017
INC00313,SRV008,2025-01-21,79,50,159,2,Resolved,Sales,Network,2025-01-21 09:33:41.626602,2025-01-21 19:56:34.357268
INC00314,SRV004,2025-03-24,635,70,136,4,Resolved,Manufacturing,External,2025-03-24 01:03:35.886824,2025-03-24 04:39:00.522516
INC00315,SRV008,2026-07-03,747,64,51,1,Resolved,Manufacturing,External,2026-07-03 21:54:27.103423,2026-07-03 09:44:32.343477
INC00316,SRV002,2026-10-18,428,50,264,2,Resolved,Finance,Change,2026-10-18 09:06:16.711634,2026-10-18 10:00:13.084708
INC00317,SRV006,2025-04-17,1611,65,37,3,Resolved,Logistics,Hardware,2025-04-17 06:41:40.626509,2025-04-17 19:45:57.827927
INC00318,SRV007,2026-05-13,1365,92,130,2,Resolved,Sales,Software,2026-05-13 05:32:16.121188,2026-05-13 04:10:23.272533
INC00319,SRV007,2025-08-15,856,60,194,4,Resolved,Sales,Hardware,2025-08-15 00:34:22.235986,2025-08-15 16:41:52.90721
INC00320,SRV003,2026-06-14,466,59,53,2,Resolved,Logistics,Software,2026-06-14 21:12:15.210977,2026-06-14 19:29:54.833209
INC00321,SRV003,2025-09-29,1335,75,63,1,Resolved,Logistics,Software,2025-09-29 22:22:02.656342,2025-09-29 22:51:44.71355
INC00322,SRV010,2025-04-21,1768,61,179,3,Resolved,Logistics,Change,2025-04-21 02:53:26.958477,2025-04-21 10:47:31.789646
INC00323,SRV003,2026-10-31,268,66,158,4,Resolved,Sales,Hardware,2026-10-31 10:06:35.349952,2026-10-31 05:39:00.774044
INC00324,SRV002,2025-06-23,1053,77,204,2,Resolved,Manufacturing,Software,2025-06-23 15:40:11.875488,2025-06-23 12:05:08.828389
INC00325,SRV001,2025-01-01,1363,84,209,1,Resolved,Sales,Software,2025-01-01 20:14:08.421179,2025-01-02 03:19:44.765526
INC00326,SRV010,2026-01-28,1519,83,110,2,Resolved,Manufacturing,Software,2026-01-28 12:47:18.718449,2026-01-28 05:11:15.241178
INC00327,SRV008,2025-07-24,925,63,255,1,Resolved,Manufacturing,Hardware,2025-07-24 15:39:33.719902,2025-07-24 05:57:04.833631
INC00328,SRV008,2025-11-26,1817,64,207,1,Resolved,Finance,Hardware,2025-11-26 04:37:37.455246,2025-11-26 06:53:29.215297
INC00329,SRV002,2025-07-02,1473,58,285,4,Resolved,Logistics,Change,2025-07-02 10:46:39.250036,2025-07-02 19:21:51.978807
INC00330,SRV002,2025-12-06,2199,64,250,1,Resolved,Manufacturing,Change,2025-12-06 13:02:27.867891,2025-12-07 01:08:40.931067
INC00331,SRV001,2025-06-01,548,87,95,1,Active,Logistics,Network,2025-06-01 13:34:33.931204,2025-06-01 22:26:27.578638
INC00332,SRV002,2026-08-09,1602,56,295,2,Resolved,HR,Change,2026-08-09 03:36:32.181211,2026-08-09 05:08:00.447502
INC00333,SRV003,2026-05-27,204,63,57,4,Resolved,Logistics,External,2026-05-27 21:19:08.574491,2026-05-27 09:08:45.899697
INC00334,SRV003,2026-08-17,947,69,269,2,Resolved,Sales,Change,2026-08-17 19:09:14.02674,2026-08-17 06:32:30.884471
INC00335,SRV002,2025-07-07,2159,89,25,3,Resolved,Sales,Hardware,2025-07-07 02:10:02.123095,2025-07-07 07:33:42.260758
INC00336,SRV001,2025-12-19,514,56,39,1,Active,Sales,External,2025-12-19 05:58:39.756498,2025-12-19 19:45:20.759047
INC00337,SRV010,2025-06-27,1250,77,52,2,Resolved,HR,Hardware,2025-06-27 22:44:17.560339,2025-06-27 13:43:10.017882
INC00338,SRV004,2026-06-30,43,94,232,4,Active,Finance,Network,2026-06-30 04:02:42.10427,2026-06-30 04:53:19.232947
INC00339,SRV004,2026-10-21,1527,86,267,2,Resolved,Manufacturing,Change,2026-10-21 09:09:27.614654,2026-10-21 16:58:35.242902
INC00340,SRV009,2025-09-07,1405,78,160,1,Resolved,Sales,Network,2025-09-07 13:13:56.333028,2025-09-08 00:16:23.793251
INC00341,SRV003,2025-05-11,1561,71,240,1,Resolved,Logistics,External,2025-05-11 09:28:28.725146,2025-05-11 05:04:42.650012
INC00342,SRV008,2026-02-06,1421,69,214,1,Resolved,Logistics,External,2026-02-06 09:44:25.000937,2026-02-06 22:49:44.341938
INC00343,SRV003,2025-07-24,1961,55,40,4,Active,Manufacturing,External,2025-07-24 20:23:54.985079,2025-07-24 06:39:22.009615
INC00344,SRV008,2025-12-03,939,64,131,4,Resolved,HR,Software,2025-12-03 21:43:24.310368,2025-12-03 15:07:04.029089
INC00345,SRV003,2025-11-30,645,73,110,2,Active,Logistics,Software,2025-11-30 10:41:10.542172,2025-11-30 14:31:47.475939
INC00346,SRV002,2025-10-10,1205,53,144,1,Resolved,Finance,Network,2025-10-10 13:58:02.89438,2025-10-10 08:24:46.9232
INC00347,SRV007,2026-11-22,809,56,28,4,Resolved,HR,Change,2026-11-22 01:53:07.129553,2026-11-22 13:17:11.199296
INC00348,SRV006,2025-07-02,1429,54,262,2,Active,Logistics,Hardware,2025-07-02 15:41:45.238373,2025-07-02 07:33:06.143533
INC00349,SRV009,2026-11-24,308,83,202,2,Resolved,Finance,Software,2026-11-24 02:51:05.310638,2026-11-24 15:55:32.828859
INC00350,SRV010,2026-10-13,1088,89,254,3,Resolved,HR,Hardware,2026-10-13 16:57:43.177763,2026-10-13 11:59:50.150744
INC00351,SRV003,2026-07-11,1141,77,118,4,Active,Logistics,Change,2026-07-11 23:09:12.205837,2026-07-11 03:02:10.997691
INC00352,SRV008,2026-04-02,1367,71,89,2,Resolved,Sales,Network,2026-04-02 08:33:48.105243,2026-04-02 15:49:17.604466
INC00353,SRV002,2026-12-07,904,59,248,4,Resolved,HR,Software,2026-12-07 20:40:45.875685,2026-12-07 15:56:28.049153
INC00354,SRV008,2025-10-02,2208,67,162,2,Resolved,Logistics,Hardware,2025-10-02 01:35:12.136089,2025-10-02 08:32:55.240625
INC00355,SRV010,2025-03-04,1605,67,224,1,Resolved,Logistics,Network,2025-03-04 01:52:48.299096,2025-03-04 09:43:44.540984
INC00356,SRV007,2026-06-07,852,88,139,1,Resolved,Finance,External,2026-06-07 20:50:41.488784,2026-06-07 05:55:01.286803
INC00357,SRV005,2026-05-08,1340,74,229,1,Resolved,Manufacturing,External,2026-05-08 07:23:32.736577,2026-05-08 23:18:45.001607
INC00358,SRV003,2026-04-27,1978,83,189,1,Resolved,Logistics,Network,2026-04-27 18:49:38.747437,2026-04-27 20:59:00.80483
INC00359,SRV006,2026-04-25,166,77,132,1,Resolved,Finance,Software,2026-04-25 19:50:17.485945,2026-04-25 10:00:30.071457
INC00360,SRV003,2026-02-23,1084,56,271,1,Resolved,Finance,External,2026-02-23 20:49:48.252967,2026-02-23 18:28:31.882295
INC00361,SRV006,2025-10-13,845,92,273,1,Resolved,Sales,Hardware,2025-10-13 06:39:29.814399,2025-10-13 05:51:44.28379
INC00362,SRV004,2026-06-14,2112,82,205,3,Resolved,Finance,Network,2026-06-14 07:32:34.778649,2026-06-14 19:43:58.851679
INC00363,SRV003,2025-12-18,1963,58,239,3,Resolved,Manufacturing,Network,2025-12-18 18:18:02.393089,2025-12-18 23:22:25.192985
INC00364,SRV003,2026-05-12,2153,91,169,4,Resolved,Finance,External,2026-05-12 16:08:47.338615,2026-05-12 16:35:39.080109
INC00365,SRV001,2026-08-19,833,85,51,1,Resolved,Finance,Network,2026-08-19 12:27:40.874371,2026-08-19 04:20:12.407698
INC00366,SRV006,2026-02-28,2119,96,253,4,Resolved,Sales,Software,2026-02-28 07:41:02.731236,2026-03-01 02:44:09.003408
INC00367,SRV008,2026-02-15,2258,57,146,2,Resolved,HR,Software,2026-02-15 03:02:14.81169,2026-02-15 08:10:46.811246
INC00368,SRV008,2025-04-06,2262,83,247,4,Resolved,Sales,Software,2025-04-06 05:28:56.374108,2025-04-06 13:53:56.259216
INC00369,SRV003,2025-08-29,104,73,105,3,Resolved,Logistics,Hardware,2025-08-29 19:00:56.807557,2025-08-29 08:22:11.532661
INC00370,SRV004,2026-06-19,910,90,233,2,Resolved,Logistics,Change,2026-06-19 21:02:23.043547,2026-06-19 17:36:39.198852
INC00371,SRV008,2025-05-23,1486,87,46,2,Resolved,Manufacturing,External,2025-05-23 09:29:57.831004,2025-05-23 16:13:14.315995
INC00372,SRV002,2026-06-19,1870,90,258,1,Resolved,Finance,Hardware,2026-06-19 05:26:57.928673,2026-06-19 18:55:56.922429
INC00373,SRV003,2026-12-19,913,50,132,3,Active,Logistics,Network,2026-12-19 20:53:40.337402,2026-12-20 01:25:40.951927
INC00374,SRV008,2025-06-22,260,64,224,2,Resolved,Sales,Network,2025-06-22 01:46:11.492964,2025-06-23 00:23:42.341472
INC00375,SRV006,2025-10-05,166,53,232,1,Resolved,Sales,Network,2025-10-05 00:17:17.208926,2025-10-05 12:45:46.232922
INC00376,SRV001,2026-06-09,1151,75,140,4,Resolved,Manufacturing,Hardware,2026-06-09 04:18:45.425625,2026-06-09 17:34:02.153635
INC00377,SRV007,2025-05-24,1413,76,172,3,Resolved,Logistics,Change,2025-05-24 01:02:52.794919,2025-05-24 18:53:35.448453
INC00378,SRV001,2026-05-31,374,71,51,3,Resolved,Sales,Hardware,2026-05-31 16:40:00.755165,2026-05-31 23:33:37.154796
INC00379,SRV009,2026-11-03,342,72,234,2,Resolved,HR,Hardware,2026-11-03 04:05:03.294245,2026-11-03 14:09:05.763134
INC00380,SRV005,2026-08-07,1488,65,53,3,Active,Logistics,External,2026-08-07 06:30:08.531335,2026-08-07 10:43:46.309257
INC00381,SRV009,2026-05-30,713,98,203,4,Active,Sales,Hardware,2026-05-30 20:43:26.913938,2026-05-30 18:48:03.63146
INC00382,SRV008,2026-02-21,1544,54,20,2,Resolved,Sales,Hardware,2026-02-21 06:19:39.837592,2026-02-21 14:00:55.999789
INC00383,SRV001,2025-05-31,298,78,132,4,Resolved,Logistics,Software,2025-05-31 13:16:48.113394,2025-05-31 10:55:54.707001
INC00384,SRV010,2025-05-19,2108,67,125,3,Active,Logistics,External,2025-05-19 18:07:01.297811,2025-05-19 05:13:26.90849
INC00385,SRV010,2026-07-10,2166,89,226,1,Resolved,HR,Change,2026-07-10 11:23:54.978314,2026-07-10 07:05:12.315019
INC00386,SRV005,2025-05-15,668,78,102,2,Resolved,Manufacturing,Software,2025-05-15 10:21:56.370157,2025-05-15 06:02:55.280828
INC00387,SRV007,2025-04-28,280,74,273,4,Resolved,HR,External,2025-04-28 22:36:44.528322,2025-04-28 12:44:30.755564
INC00388,SRV009,2026-10-15,596,61,43,2,Resolved,Logistics,External,2026-10-15 23:11:19.190841,2026-10-15 13:37:08.573841
INC00389,SRV009,2025-09-19,1495,52,241,1,Active,Sales,Hardware,2025-09-19 01:02:30.247877,2025-09-19 21:45:01.325524
INC00390,SRV009,2026-10-26,833,72,172,4,Resolved,HR,Network,2026-10-26 01:47:17.370777,2026-10-26 13:02:15.964972
INC00391,SRV002,2026-06-12,1010,90,48,1,Resolved,HR,Software,2026-06-12 19:59:14.341513,2026-06-12 16:02:29.968848
INC00392,SRV009,2026-04-04,606,54,224,2,Resolved,Finance,Hardware,2026-04-04 01:13:22.186827,2026-04-04 10:42:13.843795
INC00393,SRV002,2026-05-20,1448,80,153,2,Resolved,Finance,External,2026-05-20 04:02:29.74111,2026-05-20 15:16:10.451146
INC00394,SRV009,2026-10-03,1851,74,284,2,Resolved,Logistics,Network,2026-10-03 02:00:14.132287,2026-10-03 12:36:09.863167
INC00395,SRV007,2025-12-12,660,86,186,2,Resolved,Finance,Change,2025-12-12 03:47:14.177495,2025-12-12 20:23:52.043798
INC00396,SRV009,2025-08-18,2208,99,26,4,Resolved,Manufacturing,Change,2025-08-18 16:22:18.154762,2025-08-18 23:06:46.714463
INC00397,SRV009,2026-01-08,603,99,104,3,Resolved,Manufacturing,Network,2026-01-08 04:09:42.182179,2026-01-09 01:35:29.793101
INC00398,SRV010,2026-01-23,1672,93,98,1,Resolved,Sales,Change,2026-01-23 13:46:16.871059,2026-01-23 19:56:54.337756
INC00399,SRV007,2026-03-01,2284,99,46,4,Resolved,Finance,Network,2026-03-01 06:54:10.849295,2026-03-01 11:47:07.701559
INC00400,SRV001,2025-08-29,250,53,90,4,Resolved,Manufacturing,Hardware,2025-08-29 17:35:38.940638,2025-08-29 08:36:26.494295
INC00401,SRV001,2026-03-13,565,92,117,4,Resolved,Sales,Change,2026-03-13 17:03:14.698238,2026-03-13 18:49:20.764774
INC00402,SRV005,2026-03-04,2299,73,266,3,Resolved,Finance,Change,2026-03-04 11:35:46.404079,2026-03-04 15:59:33.195617
INC00403,SRV003,2025-04-07,1357,75,214,1,Resolved,Sales,Software,2025-04-07 11:27:26.09419,2025-04-07 15:09:46.526337
INC00404,SRV006,2026-07-15,1435,56,155,1,Resolved,Manufacturing,Network,2026-07-15 09:58:08.766589,2026-07-15 11:22:55.226459
INC00405,SRV001,2026-09-20,1069,53,57,4,Resolved,Finance,Network,2026-09-20 09:50:30.718056,2026-09-20 23:26:22.808809
INC00406,SRV002,2026-03-27,1614,91,251,4,Resolved,Manufacturing,Network,2026-03-27 18:25:09.084166,2026-03-27 11:46:56.787395
INC00407,SRV003,2025-04-30,1484,82,254,3,Resolved,Logistics,Network,2025-04-30 02:34:46.364814,2025-05-01 02:28:41.956062
INC00408,SRV008,2026-09-05,210,93,42,4,Resolved,Finance,External,2026-09-05 14:57:42.94398,2026-09-05 05:21:47.081103
INC00409,SRV001,2025-01-27,528,70,253,3,Resolved,Finance,Software,2025-01-27 12:13:38.802223,2025-01-27 08:07:12.867021
INC00410,SRV003,2026-09-14,1604,59,58,4,Active,Logistics,Hardware,2026-09-14 14:44:33.705365,2026-09-14 23:32:20.868716
INC00411,SRV007,2025-06-18,1075,81,104,3,Resolved,Finance,Change,2025-06-18 12:09:23.131119,2025-06-18 07:08:58.104392
INC00412,SRV001,2026-10-26,1442,96,158,4,Resolved,HR,External,2026-10-26 15:05:12.142711,2026-10-26 13:19:42.766243
INC00413,SRV004,2026-12-11,1841,78,194,2,Resolved,HR,Change,2026-12-11 08:10:14.813998,2026-12-11 17:31:05.883832
INC00414,SRV009,2025-11-10,571,65,185,1,Resolved,Finance,External,2025-11-10 03:41:42.417169,2025-11-11 02:52:44.536333
INC00415,SRV006,2025-02-13,2103,62,86,4,Active,Finance,Hardware,2025-02-13 23:08:59.611132,2025-02-13 10:15:09.949718
INC00416,SRV004,2025-12-22,1710,53,263,1,Resolved,HR,Network,2025-12-22 15:51:01.484639,2025-12-22 10:25:26.30362
INC00417,SRV010,2026-09-29,539,84,47,2,Resolved,Manufacturing,External,2026-09-29 23:53:13.898573,2026-09-29 04:48:34.831608
INC00418,SRV002,2026-09-21,1664,78,233,3,Resolved,Manufacturing,Software,2026-09-21 11:26:16.234843,2026-09-21 22:30:46.166076
INC00419,SRV007,2026-11-17,1496,72,162,3,Resolved,Manufacturing,Hardware,2026-11-17 16:42:13.003964,2026-11-17 06:36:41.597819
INC00420,SRV005,2026-08-18,1316,67,124,4,Resolved,Manufacturing,Software,2026-08-18 19:38:58.401762,2026-08-18 19:00:17.185112
INC00421,SRV007,2026-11-22,616,52,146,3,Resolved,HR,External,2026-11-22 03:02:49.621613,2026-11-23 01:55:25.775248
INC00422,SRV010,2026-01-01,2121,81,245,2,Active,Sales,External,2026-01-01 12:03:43.729344,2026-01-01 13:03:01.847721
INC00423,SRV010,2026-06-20,1604,68,42,1,Resolved,Manufacturing,Hardware,2026-06-20 11:50:31.023792,2026-06-20 07:22:16.242241
INC00424,SRV009,2026-12-29,365,69,57,1,Resolved,Manufacturing,Change,2026-12-29 22:25:04.749219,2026-12-29 16:43:51.828699
INC00425,SRV006,2025-04-18,1147,96,75,4,Active,Finance,Network,2025-04-18 18:53:20.362424,2025-04-18 13:56:53.782891
INC00426,SRV004,2026-02-24,1059,80,17,2,Resolved,Finance,Software,2026-02-24 02:26:03.84389,2026-02-24 09:07:37.391179
INC00427,SRV010,2025-07-02,363,63,34,4,Resolved,Manufacturing,External,2025-07-02 01:49:15.747927,2025-07-02 03:55:17.780906
INC00428,SRV009,2026-10-26,622,79,49,1,Resolved,Sales,Network,2026-10-26 14:35:20.36433,2026-10-26 04:19:40.40758
INC00429,SRV007,2026-11-18,1988,84,70,3,Resolved,Finance,Hardware,2026-11-18 23:25:07.095805,2026-11-18 07:27:36.341075
INC00430,SRV007,2026-03-15,224,99,114,2,Resolved,Manufacturing,Network,2026-03-15 10:16:18.775346,2026-03-15 10:03:57.178927
INC00431,SRV006,2026-12-26,1896,94,28,2,Resolved,Finance,Network,2026-12-26 20:02:12.487607,2026-12-26 01:19:22.292237
INC00432,SRV008,2025-07-04,1271,56,192,1,Resolved,Finance,Hardware,2025-07-04 19:40:28.703493,2025-07-04 14:53:20.685944
INC00433,SRV007,2025-01-24,1830,92,247,1,Resolved,Logistics,External,2025-01-24 18:02:43.479869,2025-01-24 22:30:55.084979
INC00434,SRV002,2026-07-01,2159,66,145,4,Resolved,HR,Software,2026-07-01 06:47:10.942223,2026-07-01 05:52:32.134398
INC00435,SRV009,2025-11-08,1435,66,75,3,Resolved,Logistics,Software,2025-11-08 04:30:00.421335,2025-11-08 20:32:18.111128
INC00436,SRV003,2025-06-14,837,79,227,3,Resolved,HR,Change,2025-06-14 23:59:27.929122,2025-06-14 14:40:16.370676
INC00437,SRV004,2026-04-01,2118,55,219,4,Resolved,Manufacturing,Hardware,2026-04-01 13:20:16.470584,2026-04-01 05:46:55.288647
INC00438,SRV008,2026-11-15,1082,88,142,2,Active,Manufacturing,Change,2026-11-15 15:02:29.188104,2026-11-15 22:26:22.296554
INC00439,SRV003,2025-09-13,1531,91,269,4,Active,Manufacturing,Change,2025-09-13 21:23:56.430322,2025-09-13 11:12:57.194679
INC00440,SRV009,2026-07-10,45,76,171,3,Resolved,Logistics,External,2026-07-10 03:22:03.210944,2026-07-10 08:11:50.387366
INC00441,SRV004,2026-11-05,1751,72,189,4,Resolved,Finance,Network,2026-11-05 16:28:24.954501,2026-11-05 16:29:50.601306
INC00442,SRV008,2025-04-28,1358,92,73,1,Resolved,Finance,Change,2025-04-28 17:43:33.217643,2025-04-28 18:57:10.00415
INC00443,SRV008,2026-03-21,1998,62,52,2,Resolved,Manufacturing,Hardware,2026-03-21 21:41:22.656524,2026-03-21 22:54:20.153854
INC00444,SRV001,2025-01-04,1549,76,287,2,Active,HR,Hardware,2025-01-04 19:16:55.777941,2025-01-04 13:22:26.741316
INC00445,SRV008,2026-03-02,443,87,80,1,Active,Finance,External,2026-03-02 09:06:58.400046,2026-03-02 07:57:57.10761
INC00446,SRV005,2025-08-05,2066,88,255,2,Resolved,HR,Software,2025-08-05 20:03:09.951362,2025-08-05 21:26:02.895781
INC00447,SRV008,2025-09-16,2275,51,293,4,Resolved,Logistics,Network,2025-09-16 11:34:49.006978,2025-09-16 06:17:16.619112
INC00448,SRV002,2025-01-07,1770,67,224,3,Resolved,HR,Software,2025-01-07 00:35:47.054228,2025-01-07 11:11:08.948947
INC00449,SRV005,2026-01-24,17,51,65,1,Resolved,Sales,External,2026-01-24 23:45:49.18717,2026-01-24 03:28:24.875565
INC00450,SRV005,2025-07-30,1823,95,245,4,Resolved,Logistics,Software,2025-07-30 08:29:16.072584,2025-07-30 15:03:47.76906
INC00451,SRV005,2026-08-08,962,92,191,1,Resolved,Sales,Hardware,2026-08-08 19:42:56.891235,2026-08-08 21:33:20.104284
INC00452,SRV006,2025-10-23,1722,94,219,1,Resolved,Sales,Network,2025-10-23 19:19:30.067404,2025-10-23 21:20:12.692685
INC00453,SRV008,2026-12-09,2264,70,120,3,Active,Sales,Software,2026-12-09 07:38:00.918187,2026-12-09 22:22:36.641853
INC00454,SRV005,2026-04-01,161,80,136,3,Resolved,Sales,Change,2026-04-01 07:08:04.102172,2026-04-01 15:49:03.886196
INC00455,SRV007,2025-08-10,2180,96,52,4,Resolved,HR,Software,2025-08-10 23:52:05.056716,2025-08-10 04:55:16.673324
INC00456,SRV002,2026-04-08,519,90,153,4,Resolved,Finance,Change,2026-04-08 04:12:29.149686,2026-04-08 19:25:19.518835
INC00457,SRV004,2026-01-28,2265,64,158,3,Resolved,Logistics,External,2026-01-28 21:31:07.211089,2026-01-28 04:57:52.38554
INC00458,SRV008,2026-03-20,1829,67,83,4,Resolved,Logistics,External,2026-03-20 14:54:43.220717,2026-03-21 01:16:51.937291
INC00459,SRV002,2025-10-09,953,95,185,4,Resolved,Finance,Change,2025-10-09 17:21:04.825739,2025-10-09 21:13:34.251053
INC00460,SRV004,2025-10-26,921,85,235,4,Resolved,Manufacturing,External,2025-10-26 18:04:59.352719,2025-10-26 04:22:19.787369
INC00461,SRV001,2025-12-28,877,52,243,1,Resolved,Sales,Hardware,2025-12-28 15:42:52.168679,2025-12-28 15:40:18.681378
INC00462,SRV010,2025-06-07,1719,83,184,4,Resolved,Logistics,Software,2025-06-07 17:04:00.881643,2025-06-07 07:25:45.092272
INC00463,SRV002,2026-07-07,72,99,253,3,Active,Finance,Software,2026-07-07 07:30:00.162895,2026-07-07 20:13:18.58121
INC00464,SRV006,2025-03-12,1299,86,142,3,Resolved,Logistics,Change,2025-03-12 10:57:04.884285,2025-03-12 06:25:22.059505
INC00465,SRV009,2025-12-15,557,77,156,2,Resolved,Manufacturing,Hardware,2025-12-15 07:10:19.540344,2025-12-15 15:05:05.799283
INC00466,SRV007,2025-02-04,2174,55,187,3,Resolved,Manufacturing,Hardware,2025-02-04 16:51:02.09212,2025-02-04 23:33:22.632935
INC00467,SRV008,2026-08-04,2219,99,143,1,Resolved,Finance,External,2026-08-04 12:44:02.477992,2026-08-04 07:39:50.030064
INC00468,SRV010,2026-09-01,1891,53,105,1,Resolved,Sales,External,2026-09-01 08:53:43.73166,2026-09-01 04:13:42.431593
INC00469,SRV010,2026-07-21,190,66,152,4,Resolved,Sales,External,2026-07-21 15:44:51.452147,2026-07-21 19:46:05.338934
INC00470,SRV004,2025-05-18,1065,84,225,2,Resolved,Finance,Software,2025-05-18 16:51:49.33418,2025-05-18 08:02:38.634646
INC00471,SRV008,2026-10-16,1937,73,180,2,Resolved,Finance,External,2026-10-16 22:11:20.179462,2026-10-16 13:52:29.064062
INC00472,SRV005,2026-12-04,2317,95,276,1,Resolved,Manufacturing,Network,2026-12-04 17:45:23.47728,2026-12-04 22:31:06.267497
INC00473,SRV004,2026-01-22,1164,91,236,1,Resolved,Logistics,Network,2026-01-22 11:55:37.758065,2026-01-22 20:28:03.297109
INC00474,SRV006,2025-11-23,1384,78,59,3,Resolved,Finance,Network,2025-11-23 01:38:12.551737,2025-11-23 01:02:30.619977
INC00475,SRV008,2026-08-06,1571,73,30,2,Active,Sales,Hardware,2026-08-06 07:14:29.55597,2026-08-06 12:24:56.120885
INC00476,SRV010,2026-09-01,2217,55,257,4,Resolved,HR,Network,2026-09-01 06:58:19.841786,2026-09-01 13:34:16.682714
INC00477,SRV008,2026-08-06,1267,95,188,1,Resolved,HR,Hardware,2026-08-06 15:37:46.37734,2026-08-06 08:42:43.103558
INC00478,SRV002,2026-05-02,1158,61,25,3,Resolved,Finance,External,2026-05-02 04:36:05.798018,2026-05-02 12:54:10.59413
INC00479,SRV007,2025-06-11,1730,64,28,3,Resolved,Sales,Network,2025-06-11 22:09:17.366425,2025-06-11 01:27:13.097378
INC00480,SRV005,2025-07-17,24,73,217,2,Resolved,HR,Network,2025-07-17 15:11:21.057209,2025-07-17 17:36:30.139571
INC00481,SRV005,2026-08-02,2202,96,16,2,Resolved,Manufacturing,Software,2026-08-02 19:57:11.356173,2026-08-02 13:39:20.419932
INC00482,SRV007,2026-01-07,1125,81,43,3,Resolved,Finance,Network,2026-01-07 17:48:50.11188,2026-01-07 01:55:50.059313
INC00483,SRV009,2026-06-24,485,71,122,3,Active,HR,Change,2026-06-24 03:39:08.783749,2026-06-24 20:44:22.278389
INC00484,SRV004,2025-02-08,855,78,52,4,Resolved,Sales,Change,2025-02-08 09:16:52.74283,2025-02-08 21:16:23.907488
INC00485,SRV010,2026-04-20,1671,89,53,3,Resolved,Sales,Change,2026-04-20 13:59:43.565825,2026-04-20 15:25:23.063231
INC00486,SRV009,2025-12-12,31,98,252,3,Resolved,Finance,Change,2025-12-12 16:14:05.866393,2025-12-12 09:51:38.789167
INC00487,SRV009,2026-08-14,240,90,123,2,Resolved,Logistics,Hardware,2026-08-14 12:23:35.748152,2026-08-14 04:34:46.694955
INC00488,SRV004,2025-07-01,2164,73,266,4,Resolved,Sales,Network,2025-07-01 02:11:41.563741,2025-07-01 08:37:51.751599
INC00489,SRV003,2026-09-26,2332,56,273,3,Resolved,HR,External,2026-09-26 06:26:04.418143,2026-09-26 22:06:57.489857
INC00490,SRV010,2026-01-16,1346,50,161,2,Resolved,Manufacturing,Hardware,2026-01-16 06:39:19.039296,2026-01-16 13:09:11.111619
INC00491,SRV002,2026-12-11,1975,86,216,3,Resolved,Manufacturing,Software,2026-12-11 13:03:36.688857,2026-12-11 22:06:29.02623
INC00492,SRV009,2025-12-04,775,78,265,4,Resolved,Manufacturing,Network,2025-12-04 18:07:33.312041,2025-12-04 13:01:19.661437
INC00493,SRV007,2025-05-08,1133,89,212,1,Resolved,Manufacturing,External,2025-05-08 17:35:36.443985,2025-05-09 01:08:25.261321
INC00494,SRV001,2026-11-26,1283,81,228,4,Active,Sales,External,2026-11-26 21:10:03.659181,2026-11-26 10:20:22.227953
INC00495,SRV007,2026-03-26,2326,91,163,3,Resolved,Finance,Hardware,2026-03-26 19:51:25.805643,2026-03-26 04:24:07.554233
INC00496,SRV003,2026-12-09,1375,86,130,1,Resolved,Manufacturing,Change,2026-12-09 09:10:04.22679,2026-12-09 17:14:28.666513
INC00497,SRV010,2025-01-10,2121,76,114,4,Active,Sales,Change,2025-01-10 23:30:03.548901,2025-01-10 13:27:25.673919
INC00498,SRV010,2025-10-26,746,90,152,3,Active,Logistics,Change,2025-10-26 01:49:41.514542,2025-10-26 06:25:18.992998
INC00499,SRV002,2025-07-17,1173,83,97,1,Resolved,HR,Hardware,2025-07-17 19:00:50.893256,2025-07-17 01:50:14.020868
INC00500,SRV008,2025-06-27,1255,52,47,1,Resolved,Manufacturing,Software,2025-06-27 16:58:20.515324,2025-06-27 09:42:54.837808
INC00501,SRV007,2026-08-03,2318,66,65,4,Resolved,Logistics,External,2026-08-03 15:58:22.044486,2026-08-03 14:08:45.156501
INC00502,SRV010,2025-02-20,192,81,268,2,Resolved,Finance,Network,2025-02-20 17:01:11.584263,2025-02-20 10:52:48.098233
INC00503,SRV002,2025-12-18,343,90,289,1,Resolved,Sales,Change,2025-12-18 01:13:41.895928,2025-12-18 21:32:33.973854
INC00504,SRV009,2025-06-29,1229,86,274,1,Active,HR,Software,2025-06-29 15:02:03.308631,2025-06-29 07:59:39.03784
INC00505,SRV006,2026-07-09,2325,73,44,1,Resolved,Logistics,Software,2026-07-09 16:55:33.346211,2026-07-09 22:51:31.579173
INC00506,SRV002,2026-07-30,54,54,171,4,Resolved,Finance,Software,2026-07-30 11:46:26.943718,2026-07-30 07:26:47.359983
INC00507,SRV005,2025-06-21,506,85,281,2,Resolved,Logistics,Software,2025-06-21 23:08:34.309833,2025-06-21 17:45:03.267694
INC00508,SRV005,2025-04-28,567,57,178,2,Active,Logistics,Software,2025-04-28 12:01:53.76391,2025-04-28 20:22:33.179533
INC00509,SRV001,2025-10-22,509,86,227,3,Active,Manufacturing,Network,2025-10-22 23:03:33.94777,2025-10-22 16:59:09.596685
INC00510,SRV010,2026-10-02,918,69,79,4,Resolved,Manufacturing,Software,2026-10-02 00:14:56.317457,2026-10-02 07:22:02.587114
INC00511,SRV007,2025-04-07,698,91,160,3,Resolved,Sales,Network,2025-04-07 01:10:56.143801,2025-04-07 06:30:17.619601
INC00512,SRV008,2025-07-06,561,92,72,4,Resolved,HR,Network,2025-07-06 08:25:00.243845,2025-07-06 07:51:05.084334
INC00513,SRV006,2026-04-12,676,91,206,2,Resolved,Sales,Hardware,2026-04-12 10:01:49.673142,2026-04-12 19:41:38.037844
INC00514,SRV005,2026-03-11,1133,83,92,1,Resolved,Sales,External,2026-03-11 13:03:49.12142,2026-03-11 12:41:51.733242
INC00515,SRV006,2025-06-06,1564,97,44,2,Resolved,Sales,Network,2025-06-06 19:40:19.974016,2025-06-06 14:00:29.312328
INC00516,SRV008,2025-07-17,1983,85,272,4,Resolved,Manufacturing,Software,2025-07-17 10:40:49.207165,2025-07-17 08:25:56.675197
INC00517,SRV003,2026-03-30,798,63,31,2,Resolved,HR,Software,2026-03-30 06:49:57.719614,2026-03-30 15:23:37.456229
INC00518,SRV002,2026-05-07,1702,78,159,3,Resolved,Finance,Network,2026-05-07 14:29:21.508738,2026-05-07 08:37:16.020559
INC00519,SRV007,2025-01-20,135,55,106,4,Resolved,Finance,External,2025-01-20 17:12:23.118527,2025-01-20 12:10:24.074253
INC00520,SRV010,2026-04-01,1016,67,216,2,Resolved,HR,External,2026-04-01 14:02:18.391622,2026-04-01 07:33:28.705889
INC00521,SRV005,2025-08-21,2116,77,297,4,Resolved,Logistics,Hardware,2025-08-21 04:58:09.241317,2025-08-21 10:37:48.061957
INC00522,SRV003,2025-04-23,924,61,111,3,Resolved,Manufacturing,Software,2025-04-23 20:46:52.629828,2025-04-23 17:38:11.222991
INC00523,SRV004,2026-01-04,406,90,174,4,Resolved,HR,External,2026-01-04 06:21:06.372747,2026-01-04 12:11:55.627014
INC00524,SRV008,2026-10-05,1648,93,100,4,Resolved,Finance,External,2026-10-05 08:04:21.48682,2026-10-06 00:02:29.490904
INC00525,SRV010,2026-04-21,2248,62,157,4,Active,Manufacturing,Network,2026-04-21 15:13:07.661111,2026-04-21 23:08:59.457122
INC00526,SRV006,2026-08-28,1652,71,285,2,Resolved,HR,External,2026-08-28 16:05:56.403293,2026-08-28 16:28:01.069674
INC00527,SRV008,2026-02-23,1797,60,43,1,Resolved,Logistics,External,2026-02-23 07:34:19.500134,2026-02-23 15:12:24.563416
INC00528,SRV003,2025-04-29,1193,78,243,1,Resolved,Manufacturing,Change,2025-04-29 21:23:43.714038,2025-04-29 13:55:52.643444
INC00529,SRV002,2026-02-28,304,80,169,1,Active,Logistics,Software,2026-02-28 20:33:20.652807,2026-02-28 15:25:53.92937
INC00530,SRV005,2026-03-06,1833,51,226,4,Resolved,HR,Software,2026-03-06 16:14:45.125691,2026-03-06 19:43:03.656493
INC00531,SRV005,2026-11-12,676,83,54,3,Resolved,Sales,Software,2026-11-12 03:47:22.47602,2026-11-13 00:26:25.862874
INC00532,SRV001,2025-11-11,2041,66,230,2,Resolved,Finance,Software,2025-11-11 02:22:37.987186,2025-11-11 19:16:39.709303
INC00533,SRV007,2025-12-29,1548,51,223,4,Resolved,HR,Software,2025-12-29 15:51:59.776452,2025-12-30 02:00:34.58243
INC00534,SRV007,2025-08-26,1215,88,292,2,Active,Sales,Hardware,2025-08-26 23:45:56.59332,2025-08-26 05:18:51.04504
INC00535,SRV002,2026-02-05,1943,66,76,1,Resolved,Finance,Change,2026-02-05 21:10:52.79023,2026-02-05 03:26:24.924927
INC00536,SRV001,2026-03-21,599,86,239,4,Resolved,Manufacturing,Hardware,2026-03-21 01:55:53.39196,2026-03-22 01:19:13.100592
INC00537,SRV009,2025-09-05,683,58,181,2,Resolved,HR,External,2025-09-05 06:23:41.251974,2025-09-05 23:28:50.202039
INC00538,SRV002,2026-01-08,418,89,164,4,Resolved,Manufacturing,Hardware,2026-01-08 19:58:00.946975,2026-01-08 13:05:07.90096
INC00539,SRV008,2026-06-07,716,98,184,1,Resolved,Finance,Software,2026-06-07 07:24:37.442918,2026-06-07 15:45:15.272424
INC00540,SRV003,2025-12-15,1055,80,44,3,Resolved,Finance,Software,2025-12-15 05:12:32.717892,2025-12-15 12:52:19.003371
INC00541,SRV003,2026-10-28,1250,58,58,3,Resolved,HR,Software,2026-10-28 20:29:11.349232,2026-10-28 12:53:00.312585
INC00542,SRV009,2025-02-05,193,98,24,4,Resolved,Finance,Network,2025-02-05 03:25:40.45532,2025-02-05 08:20:26.86173
INC00543,SRV002,2025-01-22,413,92,149,3,Resolved,HR,Software,2025-01-22 16:49:39.120282,2025-01-22 18:55:13.392745
INC00544,SRV005,2026-05-31,140,50,103,4,Resolved,Logistics,Software,2026-05-31 12:29:59.486723,2026-05-31 19:24:16.411532
INC00545,SRV008,2026-07-11,1119,52,48,2,Resolved,Logistics,Hardware,2026-07-11 02:19:00.059654,2026-07-11 09:59:39.422324
INC00546,SRV007,2025-04-16,2247,83,129,2,Resolved,Sales,Change,2025-04-16 20:18:24.638734,2025-04-16 22:26:12.853277
INC00547,SRV004,2025-10-11,1529,95,83,3,Resolved,Logistics,Software,2025-10-11 06:57:16.710234,2025-10-12 00:02:38.517722
INC00548,SRV003,2025-09-29,1525,63,71,4,Resolved,Sales,Change,2025-09-29 17:50:26.187905,2025-09-29 15:27:36.134103
INC00549,SRV009,2026-10-18,171,91,63,2,Resolved,HR,Software,2026-10-18 04:08:45.787018,2026-10-18 03:03:57.941378
INC00550,SRV005,2025-06-08,286,77,70,4,Resolved,Manufacturing,Change,2025-06-08 06:38:18.056382,2025-06-08 15:28:51.177294
INC00551,SRV010,2025-06-09,1957,69,194,1,Resolved,HR,External,2025-06-09 04:23:59.383018,2025-06-10 00:30:23.274447
INC00552,SRV010,2026-05-26,1204,67,150,2,Active,Finance,Hardware,2026-05-26 17:26:01.843725,2026-05-26 04:02:21.531412
INC00553,SRV009,2026-10-17,219,56,202,1,Resolved,Finance,External,2026-10-17 21:56:00.935948,2026-10-17 23:16:18.439552
INC00554,SRV009,2026-01-13,1461,68,48,3,Resolved,Logistics,Software,2026-01-13 20:24:43.185434,2026-01-13 07:23:25.482418
INC00555,SRV009,2025-03-07,486,82,241,3,Resolved,Sales,Change,2025-03-07 10:40:15.498891,2025-03-07 11:07:13.762105
INC00556,SRV004,2026-09-28,906,83,240,4,Resolved,Manufacturing,Software,2026-09-28 20:24:05.727436,2026-09-29 03:09:53.907035
INC00557,SRV007,2025-03-14,2329,58,165,2,Resolved,Manufacturing,Software,2025-03-14 10:18:17.325249,2025-03-14 16:23:24.595564
INC00558,SRV007,2026-07-29,25,51,190,1,Resolved,Sales,External,2026-07-29 16:44:21.605522,2026-07-30 01:14:26.746354
INC00559,SRV008,2025-09-20,328,97,298,2,Resolved,Sales,Hardware,2025-09-20 20:52:50.169928,2025-09-20 05:08:40.037066
INC00560,SRV004,2025-04-26,1225,51,235,4,Resolved,Sales,Change,2025-04-26 04:48:22.976553,2025-04-26 04:17:56.109966
INC00561,SRV002,2026-11-13,433,81,240,2,Resolved,Manufacturing,Software,2026-11-13 06:34:23.987461,2026-11-13 15:24:51.327243
INC00562,SRV004,2025-06-05,2008,87,117,4,Resolved,Sales,Change,2025-06-05 14:29:36.419074,2025-06-06 01:49:54.990543
INC00563,SRV008,2026-12-19,57,76,197,3,Resolved,Logistics,External,2026-12-19 18:58:03.89232,2026-12-19 17:46:42.581288
INC00564,SRV002,2026-05-01,2105,51,99,1,Active,Manufacturing,External,2026-05-01 05:47:22.507059,2026-05-01 16:21:59.121383
INC00565,SRV007,2026-10-09,177,91,108,3,Resolved,Finance,Network,2026-10-09 00:58:58.660268,2026-10-09 10:17:40.887954
INC00566,SRV008,2026-11-05,1362,68,296,3,Resolved,Manufacturing,External,2026-11-05 19:20:14.901083,2026-11-06 00:45:13.438967
INC00567,SRV002,2026-11-05,1246,99,54,3,Resolved,Sales,Software,2026-11-05 21:40:59.409087,2026-11-05 15:51:49.193838
INC00568,SRV009,2025-05-12,1762,63,124,2,Resolved,Finance,External,2025-05-12 22:41:39.076876,2025-05-12 20:46:45.888951
INC00569,SRV004,2026-07-21,1999,87,80,2,Active,Finance,Hardware,2026-07-21 06:39:37.357219,2026-07-21 06:54:30.197501
INC00570,SRV010,2026-11-30,944,50,113,4,Resolved,Sales,Software,2026-11-30 07:46:56.116662,2026-11-30 10:16:41.914333
INC00571,SRV006,2026-09-27,656,90,296,2,Resolved,Sales,External,2026-09-27 03:37:09.933787,2026-09-27 15:08:50.628674
INC00572,SRV010,2025-06-17,501,87,232,1,Resolved,Manufacturing,Change,2025-06-17 18:17:49.086063,2025-06-17 17:49:20.071237
INC00573,SRV005,2026-11-18,1287,77,61,1,Active,Logistics,Software,2026-11-18 15:45:41.793815,2026-11-18 23:50:17.169143
INC00574,SRV005,2025-12-25,882,85,157,1,Resolved,Finance,Network,2025-12-25 13:01:07.68708,2025-12-25 03:43:11.188279
INC00575,SRV010,2026-11-03,333,88,260,4,Resolved,Logistics,Hardware,2026-11-03 12:45:21.51194,2026-11-04 04:18:06.90332
INC00576,SRV001,2026-01-11,1413,64,128,3,Resolved,HR,Change,2026-01-11 17:34:55.740922,2026-01-11 07:06:15.374291
INC00577,SRV008,2026-05-21,502,53,169,1,Resolved,Finance,Change,2026-05-21 19:28:45.038496,2026-05-21 15:19:00.280007
INC00578,SRV005,2025-02-26,1799,85,139,3,Resolved,HR,Network,2025-02-26 07:57:28.781092,2025-02-26 07:30:29.031906
INC00579,SRV009,2026-12-27,1270,50,146,4,Resolved,HR,Network,2026-12-27 07:15:12.9174,2026-12-27 08:09:11.734044
INC00580,SRV005,2026-12-09,291,62,24,2,Resolved,Sales,External,2026-12-09 04:33:41.63353,2026-12-09 07:44:34.719123
INC00581,SRV010,2026-11-23,924,53,87,2,Resolved,Finance,Software,2026-11-23 05:37:24.414423,2026-11-23 22:07:57.674347
INC00582,SRV009,2025-12-19,1468,55,70,3,Resolved,Manufacturing,Network,2025-12-19 22:19:38.120218,2025-12-20 00:03:40.702151
INC00583,SRV007,2025-11-16,1442,72,298,1,Resolved,HR,External,2025-11-16 15:16:17.970367,2025-11-16 07:38:39.570418
INC00584,SRV008,2026-08-11,1878,50,181,1,Resolved,Manufacturing,Change,2026-08-11 09:39:06.107866,2026-08-11 21:35:04.191992
INC00585,SRV001,2025-08-16,1841,78,22,1,Resolved,HR,Change,2025-08-16 22:48:30.444302,2025-08-16 19:48:29.993616
INC00586,SRV008,2026-11-17,2237,98,24,3,Resolved,Finance,Software,2026-11-17 19:20:48.891121,2026-11-17 07:48:26.125134
INC00587,SRV010,2026-06-26,1720,61,175,1,Resolved,HR,Hardware,2026-06-26 03:07:33.543027,2026-06-26 11:38:01.68483
INC00588,SRV008,2026-02-22,369,94,171,1,Resolved,HR,Hardware,2026-02-22 06:13:34.605996,2026-02-22 21:43:50.299515
INC00589,SRV004,2025-02-02,842,56,191,1,Resolved,Finance,External,2025-02-02 09:53:18.424647,2025-02-02 04:33:47.757399
INC00590,SRV003,2025-02-26,1713,86,183,2,Resolved,Sales,External,2025-02-26 20:57:57.564011,2025-02-26 17:13:06.941059
INC00591,SRV007,2026-07-04,1936,91,257,4,Active,Manufacturing,Network,2026-07-04 23:38:59.470974,2026-07-05 03:12:28.492549
INC00592,SRV010,2026-03-11,374,54,163,2,Resolved,Manufacturing,Software,2026-03-11 00:09:15.976675,2026-03-11 15:03:22.743398
INC00593,SRV005,2026-04-09,1810,92,116,1,Active,Sales,Software,2026-04-09 04:18:19.856664,2026-04-09 18:26:05.463475
INC00594,SRV005,2025-01-06,46,66,181,4,Resolved,Manufacturing,Hardware,2025-01-06 20:34:14.169818,2025-01-06 21:04:57.48296
INC00595,SRV005,2025-04-14,661,93,38,1,Resolved,Logistics,External,2025-04-14 02:06:53.892756,2025-04-14 02:31:14.228841
INC00596,SRV005,2025-10-20,371,52,150,1,Resolved,Logistics,Software,2025-10-20 14:23:41.102229,2025-10-20 02:44:33.496906
INC00597,SRV009,2026-06-25,1186,58,26,2,Resolved,Logistics,Hardware,2026-06-25 16:16:59.45827,2026-06-25 15:49:00.62149
INC00598,SRV003,2025-04-27,271,74,62,4,Resolved,HR,Software,2025-04-27 17:34:49.373494,2025-04-27 19:29:45.768651
INC00599,SRV001,2026-02-18,2029,75,202,3,Active,Sales,Network,2026-02-18 01:25:52.323152,2026-02-18 23:54:12.062199
INC00600,SRV003,2026-01-26,2211,58,254,3,Resolved,Manufacturing,Hardware,2026-01-26 07:59:21.831712,2026-01-27 01:32:47.586301
INC00601,SRV007,2025-03-09,1677,82,257,1,Resolved,Finance,External,2025-03-09 06:00:20.344912,2025-03-09 05:33:56.358272
INC00602,SRV010,2025-08-11,2094,81,44,3,Resolved,Finance,Change,2025-08-11 20:16:49.488179,2025-08-11 06:35:30.360305
INC00603,SRV007,2026-05-03,1423,55,240,3,Resolved,Logistics,Hardware,2026-05-03 13:44:40.820248,2026-05-03 06:20:36.561984
INC00604,SRV001,2025-05-13,724,56,55,4,Active,HR,Network,2025-05-13 21:52:10.481967,2025-05-13 07:17:50.383615
INC00605,SRV010,2025-04-23,78,84,72,2,Resolved,Finance,Network,2025-04-23 16:50:41.200254,2025-04-23 20:26:29.341402
INC00606,SRV010,2026-04-17,1161,66,71,4,Resolved,HR,Change,2026-04-17 02:00:14.425794,2026-04-17 03:40:59.580127
INC00607,SRV008,2025-06-17,1375,79,234,2,Active,Manufacturing,External,2025-06-17 12:40:10.097625,2025-06-17 05:38:52.786802
INC00608,SRV002,2025-07-11,1858,85,37,4,Resolved,Finance,Software,2025-07-11 07:39:10.478156,2025-07-11 16:05:32.735306
INC00609,SRV006,2026-04-16,553,67,257,1,Resolved,HR,External,2026-04-16 17:28:39.974077,2026-04-17 02:18:36.22143
INC00610,SRV001,2026-09-24,277,84,85,1,Resolved,Finance,Hardware,2026-09-24 19:31:07.351974,2026-09-24 06:00:27.470348
INC00611,SRV010,2026-01-01,1871,95,195,2,Resolved,Finance,Hardware,2026-01-01 10:57:02.347347,2026-01-01 09:23:30.923724
INC00612,SRV009,2025-11-20,411,70,73,4,Resolved,Manufacturing,Software,2025-11-20 03:26:17.450516,2025-11-21 00:39:05.005636
INC00613,SRV009,2025-07-25,1797,58,229,3,Resolved,HR,Hardware,2025-07-25 19:59:34.527786,2025-07-25 04:19:14.871359
INC00614,SRV002,2025-06-23,618,74,74,4,Resolved,HR,Hardware,2025-06-23 16:17:47.811035,2025-06-23 22:44:18.077473
INC00615,SRV005,2026-07-16,199,61,241,2,Resolved,Logistics,Network,2026-07-16 10:01:13.35956,2026-07-16 17:40:38.269659
INC00616,SRV006,2026-09-22,2201,79,262,3,Active,HR,External,2026-09-22 19:42:48.392095,2026-09-22 16:47:51.187508
INC00617,SRV008,2025-04-11,2196,51,241,3,Resolved,Manufacturing,Software,2025-04-11 07:43:31.399066,2025-04-11 23:28:14.675806
INC00618,SRV001,2026-01-26,1029,58,270,3,Resolved,Manufacturing,Change,2026-01-26 04:46:48.715043,2026-01-26 11:32:15.637174
INC00619,SRV004,2026-04-04,302,70,261,4,Resolved,HR,Hardware,2026-04-04 15:25:39.093269,2026-04-04 10:42:39.107795
INC00620,SRV010,2025-05-24,435,97,50,2,Resolved,Manufacturing,Change,2025-05-24 08:43:30.993775,2025-05-24 12:57:22.474793
INC00621,SRV007,2025-08-21,252,73,185,2,Resolved,Finance,Network,2025-08-21 06:34:34.115444,2025-08-21 13:22:02.772526
INC00622,SRV003,2026-05-20,1870,83,258,2,Resolved,Manufacturing,Change,2026-05-20 20:19:47.194565,2026-05-20 22:39:14.557274
INC00623,SRV001,2025-03-26,1779,53,115,4,Resolved,Logistics,External,2025-03-26 08:38:48.536882,2025-03-26 18:15:27.622707
INC00624,SRV002,2026-12-08,1515,91,104,3,Resolved,Manufacturing,Network,2026-12-08 22:29:30.029359,2026-12-08 21:40:20.383666
INC00625,SRV005,2025-06-01,376,89,212,2,Resolved,Sales,Software,2025-06-01 09:39:59.726252,2025-06-01 06:57:52.539389
INC00626,SRV002,2026-11-12,2146,54,106,1,Active,HR,Change,2026-11-12 02:34:07.920244,2026-11-13 00:13:38.608221
INC00627,SRV006,2025-12-15,1035,77,61,4,Resolved,HR,Software,2025-12-15 01:27:18.335523,2025-12-15 17:17:16.762503
INC00628,SRV002,2026-06-23,1735,52,58,4,Resolved,Manufacturing,Hardware,2026-06-23 09:11:03.047162,2026-06-23 16:54:00.807451
INC00629,SRV007,2025-10-20,165,94,115,3,Active,Sales,Network,2025-10-20 13:03:26.347231,2025-10-20 14:10:49.647247
INC00630,SRV002,2026-08-20,870,72,143,1,Resolved,Sales,External,2026-08-20 00:46:48.262862,2026-08-21 01:20:25.223402
INC00631,SRV008,2025-01-25,1091,82,238,1,Resolved,Manufacturing,Network,2025-01-25 00:26:57.452071,2025-01-25 22:56:45.325477
INC00632,SRV005,2025-11-28,1090,58,230,3,Resolved,HR,Change,2025-11-28 02:13:27.629432,2025-11-28 09:54:32.297483
INC00633,SRV004,2025-10-23,2199,86,122,4,Active,Manufacturing,Hardware,2025-10-23 15:52:33.382803,2025-10-23 17:11:03.647307
INC00634,SRV004,2025-09-22,651,99,59,1,Resolved,HR,Change,2025-09-22 02:52:42.801304,2025-09-22 21:04:08.22076
INC00635,SRV002,2025-08-24,153,97,161,1,Active,HR,Hardware,2025-08-24 15:51:39.425361,2025-08-24 04:03:51.876433
INC00636,SRV009,2025-12-07,845,62,103,1,Resolved,HR,Change,2025-12-07 16:58:49.519147,2025-12-07 16:26:06.929455
INC00637,SRV005,2025-09-02,821,92,65,1,Resolved,HR,External,2025-09-02 18:37:25.609338,2025-09-03 00:17:02.120482
INC00638,SRV003,2025-06-25,185,81,150,1,Resolved,HR,Hardware,2025-06-25 16:02:47.700712,2025-06-25 18:42:52.863656
INC00639,SRV006,2025-08-05,743,61,23,4,Resolved,Sales,External,2025-08-05 19:16:01.128755,2025-08-05 04:29:04.88947
INC00640,SRV006,2025-10-12,698,74,285,2,Resolved,Logistics,Network,2025-10-12 04:11:50.505721,2025-10-12 21:41:41.494993
INC00641,SRV004,2026-01-11,1431,83,139,4,Active,HR,External,2026-01-11 11:51:58.324428,2026-01-11 11:58:06.569453
INC00642,SRV009,2026-09-18,1695,87,244,3,Resolved,Logistics,External,2026-09-18 00:35:40.79986,2026-09-18 12:08:25.63083
INC00643,SRV009,2026-02-07,473,71,118,3,Active,Sales,Software,2026-02-07 15:26:55.318353,2026-02-07 09:36:29.805922
INC00644,SRV009,2025-11-01,1719,93,284,2,Resolved,Sales,Network,2025-11-01 09:28:47.982362,2025-11-01 15:11:21.499116
INC00645,SRV009,2026-06-23,2000,94,266,4,Resolved,Sales,Hardware,2026-06-23 07:57:11.99217,2026-06-23 19:17:09.791222
INC00646,SRV001,2026-12-07,1045,79,290,3,Resolved,Finance,Change,2026-12-07 08:36:52.292021,2026-12-07 16:21:35.971889
INC00647,SRV003,2025-05-29,990,72,132,3,Resolved,Manufacturing,Change,2025-05-29 08:50:11.645555,2025-05-29 10:56:48.612813
INC00648,SRV006,2026-09-04,1982,73,56,1,Resolved,HR,Network,2026-09-04 07:30:27.514627,2026-09-04 15:22:00.722682
INC00649,SRV010,2025-10-20,2221,61,216,4,Resolved,Logistics,Change,2025-10-20 04:49:43.226288,2025-10-20 21:55:59.624512
INC00650,SRV008,2026-03-04,2288,92,31,2,Resolved,Logistics,Hardware,2026-03-04 02:07:39.691579,2026-03-04 22:24:42.999586
INC00651,SRV009,2025-03-24,1814,63,189,3,Resolved,Sales,Software,2025-03-24 02:21:58.651635,2025-03-24 22:42:17.599733
INC00652,SRV006,2025-03-05,1787,91,81,2,Resolved,Manufacturing,Network,2025-03-05 00:39:36.62541,2025-03-05 07:39:40.161953
INC00653,SRV008,2025-12-23,1546,72,129,3,Resolved,Sales,Hardware,2025-12-23 06:06:15.594417,2025-12-23 16:07:06.506379
INC00654,SRV007,2026-05-18,852,79,254,1,Resolved,HR,Hardware,2026-05-18 05:24:31.508236,2026-05-18 04:23:51.702693
INC00655,SRV003,2025-07-12,2266,60,146,2,Resolved,Logistics,Change,2025-07-12 18:44:21.766373,2025-07-12 15:52:35.880489
INC00656,SRV009,2026-05-18,391,86,77,1,Resolved,Finance,Change,2026-05-18 12:36:20.203156,2026-05-18 11:39:48.834113
INC00657,SRV002,2026-02-28,1969,76,226,1,Resolved,Finance,Hardware,2026-02-28 05:18:25.242982,2026-02-28 05:54:17.762052
INC00658,SRV007,2025-07-16,860,76,213,4,Resolved,Finance,Change,2025-07-16 16:26:39.68936,2025-07-16 12:12:25.495087
INC00659,SRV007,2026-03-15,1807,67,271,2,Resolved,Logistics,Change,2026-03-15 11:07:49.904923,2026-03-15 09:56:58.691926
INC00660,SRV004,2025-07-14,2150,57,273,3,Active,Sales,Network,2025-07-14 01:21:42.317917,2025-07-14 15:53:00.449554
INC00661,SRV010,2025-08-23,1351,82,116,3,Resolved,Sales,Hardware,2025-08-23 08:40:26.214853,2025-08-23 19:43:46.018367
INC00662,SRV009,2026-05-05,753,60,255,2,Resolved,Finance,External,2026-05-05 22:14:26.869628,2026-05-05 18:58:01.628929
INC00663,SRV008,2025-01-09,170,58,20,3,Resolved,Logistics,External,2025-01-09 16:10:31.423735,2025-01-09 11:43:22.298569
INC00664,SRV001,2026-04-09,68,80,170,2,Resolved,Logistics,External,2026-04-09 08:39:03.363997,2026-04-09 23:59:02.616541
INC00665,SRV005,2026-04-09,1288,51,115,2,Resolved,Logistics,External,2026-04-09 02:03:57.318413,2026-04-09 11:49:35.740762
INC00666,SRV004,2026-10-20,1323,53,21,1,Active,Sales,Software,2026-10-20 11:37:02.384663,2026-10-20 18:53:24.570507
INC00667,SRV005,2025-10-07,105,96,86,1,Active,Manufacturing,External,2025-10-07 09:33:04.726799,2025-10-07 07:38:27.183575
INC00668,SRV004,2025-11-17,1069,86,299,1,Resolved,Finance,Network,2025-11-17 09:09:07.426109,2025-11-17 07:32:22.383728
INC00669,SRV005,2026-05-29,2020,57,59,3,Resolved,Finance,Network,2026-05-29 12:50:52.768721,2026-05-29 02:49:49.503963
INC00670,SRV007,2025-04-07,160,63,160,2,Active,Finance,Network,2025-04-07 02:14:53.307537,2025-04-07 16:44:41.07004
INC00671,SRV007,2025-06-04,3,71,105,1,Active,Logistics,Hardware,2025-06-04 06:10:58.972759,2025-06-04 14:14:04.513112
INC00672,SRV010,2025-11-10,336,87,60,1,Resolved,Manufacturing,Change,2025-11-10 02:00:50.395193,2025-11-10 14:52:27.450948
INC00673,SRV002,2026-02-15,1815,80,186,3,Resolved,Finance,Change,2026-02-15 09:53:03.56719,2026-02-15 15:59:26.159319
INC00674,SRV008,2026-02-18,223,56,299,4,Resolved,HR,Network,2026-02-18 04:09:18.862458,2026-02-18 13:52:16.794218
INC00675,SRV010,2026-05-23,1432,74,204,3,Active,Finance,Hardware,2026-05-23 11:40:43.299784,2026-05-23 12:53:39.347914
INC00676,SRV007,2025-05-12,1344,94,223,1,Resolved,Logistics,Hardware,2025-05-12 07:35:46.169782,2025-05-12 21:42:05.042791
INC00677,SRV005,2025-10-04,1971,96,18,3,Resolved,Manufacturing,Software,2025-10-04 21:37:45.085154,2025-10-04 17:54:39.632735
INC00678,SRV006,2026-07-13,1375,83,112,1,Resolved,Manufacturing,Change,2026-07-13 13:10:59.332184,2026-07-13 07:55:57.097849
INC00679,SRV008,2026-08-04,643,78,166,2,Resolved,HR,Software,2026-08-04 10:30:43.538025,2026-08-04 19:14:26.476412
INC00680,SRV006,2026-10-06,490,64,157,1,Resolved,Finance,Hardware,2026-10-06 12:37:54.878584,2026-10-06 12:57:27.16751
INC00681,SRV002,2025-05-04,1063,80,84,1,Resolved,HR,External,2025-05-04 18:37:49.268225,2025-05-04 13:39:26.805855
INC00682,SRV006,2025-09-20,982,91,22,2,Resolved,HR,Software,2025-09-20 21:29:27.937722,2025-09-20 13:24:57.196969
INC00683,SRV008,2025-03-09,1052,79,194,2,Resolved,HR,Hardware,2025-03-09 00:26:55.918327,2025-03-09 19:53:48.771885
INC00684,SRV004,2025-08-19,2069,58,107,3,Resolved,HR,Hardware,2025-08-19 13:11:24.050003,2025-08-19 10:29:25.645742
INC00685,SRV003,2025-04-13,1790,69,136,2,Resolved,Finance,Hardware,2025-04-13 18:13:32.839023,2025-04-13 08:30:53.845257
INC00686,SRV008,2026-08-12,1977,50,281,3,Resolved,Manufacturing,Software,2026-08-12 08:20:43.14755,2026-08-12 16:34:36.978149
INC00687,SRV010,2026-10-06,1853,71,252,3,Resolved,Manufacturing,Hardware,2026-10-06 10:17:08.183382,2026-10-06 13:30:59.314533
INC00688,SRV005,2026-07-19,257,86,168,4,Resolved,Finance,Hardware,2026-07-19 16:55:31.46314,2026-07-19 19:06:13.627027
INC00689,SRV009,2026-07-02,38,52,245,3,Resolved,HR,Network,2026-07-02 21:36:49.724073,2026-07-03 02:20:16.638325
INC00690,SRV010,2026-04-15,2058,70,158,2,Active,HR,Hardware,2026-04-15 23:21:51.082704,2026-04-15 21:43:04.239286
INC00691,SRV004,2025-01-11,2060,75,146,3,Resolved,Manufacturing,Software,2025-01-11 07:46:48.698204,2025-01-11 08:29:59.071501
INC00692,SRV005,2026-11-18,2329,79,75,1,Resolved,Manufacturing,External,2026-11-18 00:25:02.945191,2026-11-18 11:23:08.670013
INC00693,SRV001,2025-10-07,1124,54,38,1,Resolved,Sales,Change,2025-10-07 08:24:18.295641,2025-10-07 00:45:19.43347
INC00694,SRV003,2025-04-10,2316,81,187,2,Active,Finance,Change,2025-04-10 23:55:36.420464,2025-04-10 22:58:25.479137
INC00695,SRV002,2025-08-05,1868,67,93,2,Resolved,HR,Change,2025-08-05 12:01:28.934002,2025-08-06 00:35:42.461154
INC00696,SRV002,2026-06-07,510,74,38,4,Resolved,HR,Software,2026-06-07 19:28:27.970008,2026-06-07 01:37:22.100296
INC00697,SRV005,2026-04-08,32,56,102,1,Resolved,Logistics,Network,2026-04-08 20:04:50.223486,2026-04-08 22:23:13.389867
INC00698,SRV001,2026-02-07,193,98,142,2,Resolved,Logistics,External,2026-02-07 04:18:33.898871,2026-02-07 09:12:27.740125
INC00699,SRV002,2025-09-21,137,57,286,2,Resolved,Logistics,Network,2025-09-21 23:04:16.268791,2025-09-21 13:18:55.540287
INC00700,SRV002,2026-07-01,162,58,35,2,Resolved,Manufacturing,Network,2026-07-01 21:18:21.416772,2026-07-01 11:32:52.435826
INC00701,SRV006,2026-01-01,501,89,42,2,Resolved,Finance,Software,2026-01-01 12:45:10.239669,2026-01-01 08:30:34.696919
INC00702,SRV007,2026-04-20,1842,73,261,1,Active,Logistics,Hardware,2026-04-20 22:26:56.49585,2026-04-21 02:38:04.140113
INC00703,SRV009,2025-06-16,1231,66,222,3,Resolved,Logistics,Change,2025-06-16 09:04:59.282123,2025-06-16 03:49:05.421484
INC00704,SRV010,2026-12-31,1772,58,232,2,Active,Logistics,Change,2026-12-31 18:03:59.335461,2026-12-31 04:11:05.962456
INC00705,SRV007,2025-09-17,764,91,210,4,Resolved,HR,Software,2025-09-17 01:19:42.182173,2025-09-18 02:16:51.79202
INC00706,SRV009,2025-04-18,812,54,219,1,Resolved,Finance,Change,2025-04-18 08:22:16.382513,2025-04-18 17:19:13.545634
INC00707,SRV010,2025-07-11,374,80,103,1,Resolved,HR,Hardware,2025-07-11 23:01:30.430959,2025-07-11 15:07:48.14394
INC00708,SRV010,2026-11-12,42,84,111,3,Resolved,HR,Hardware,2026-11-12 05:59:12.946625,2026-11-12 11:25:00.671181
INC00709,SRV008,2026-04-10,1862,64,257,4,Resolved,Finance,Network,2026-04-10 20:10:15.191858,2026-04-10 12:21:59.521718
INC00710,SRV008,2026-05-31,1820,74,34,4,Resolved,Logistics,Software,2026-05-31 00:57:17.099497,2026-05-31 09:19:42.104895
INC00711,SRV003,2026-10-03,958,50,180,4,Resolved,HR,Hardware,2026-10-03 02:41:10.508182,2026-10-03 18:26:23.530236
INC00712,SRV001,2026-10-12,1351,89,65,2,Resolved,Sales,Hardware,2026-10-12 23:54:45.610846,2026-10-12 10:16:07.813264
INC00713,SRV009,2025-07-30,261,79,135,4,Resolved,Sales,External,2025-07-30 20:03:29.800527,2025-07-30 02:45:43.769135
INC00714,SRV001,2025-11-15,1,60,121,2,Active,Logistics,Software,2025-11-15 23:01:46.614873,2025-11-15 19:50:15.013476
INC00715,SRV004,2026-09-03,2354,54,266,4,Resolved,Manufacturing,Network,2026-09-03 14:18:06.546553,2026-09-04 03:01:47.525052
INC00716,SRV004,2025-04-09,2236,72,169,3,Active,Manufacturing,Network,2025-04-09 22:22:33.955859,2025-04-09 09:34:16.02852
INC00717,SRV010,2025-10-04,1614,63,185,2,Resolved,Sales,Change,2025-10-04 20:33:23.572819,2025-10-04 17:19:18.585362
INC00718,SRV005,2025-03-19,1048,52,180,3,Resolved,Finance,Software,2025-03-19 14:53:59.609093,2025-03-19 05:54:48.861373
INC00719,SRV009,2026-06-29,1055,54,131,1,Resolved,Manufacturing,Change,2026-06-29 12:05:23.270873,2026-06-29 22:40:09.63036
INC00720,SRV004,2026-06-01,112,89,130,3,Resolved,Finance,External,2026-06-01 05:24:03.650267,2026-06-01 11:21:23.092162
INC00721,SRV001,2026-10-22,2294,99,161,4,Resolved,Finance,Software,2026-10-22 04:26:57.063276,2026-10-22 18:24:42.245551
INC00722,SRV002,2025-02-19,1109,90,95,1,Resolved,Manufacturing,Network,2025-02-19 15:37:47.620018,2025-02-19 10:37:20.4808
INC00723,SRV009,2026-02-01,662,99,199,4,Resolved,Logistics,Change,2026-02-01 23:40:52.580003,2026-02-01 10:52:26.977316
INC00724,SRV007,2025-08-22,2108,66,102,4,Resolved,Logistics,Network,2025-08-22 17:57:20.284126,2025-08-22 11:37:33.382238
INC00725,SRV009,2026-05-17,417,55,225,2,Active,Logistics,Change,2026-05-17 14:01:35.4969,2026-05-17 21:01:20.666538
INC00726,SRV008,2025-08-27,2224,80,127,1,Active,HR,Hardware,2025-08-27 12:09:10.969883,2025-08-27 22:58:30.12452
INC00727,SRV005,2025-04-20,1285,66,59,2,Resolved,HR,Hardware,2025-04-20 19:38:49.939124,2025-04-20 16:10:45.68331
INC00728,SRV004,2026-02-24,865,90,250,2,Resolved,Manufacturing,Software,2026-02-24 03:50:33.681794,2026-02-24 06:08:16.27265
INC00729,SRV010,2025-10-13,1024,90,146,3,Resolved,Logistics,External,2025-10-13 11:39:05.521957,2025-10-13 05:29:54.863707
INC00730,SRV001,2026-07-26,1661,84,110,4,Resolved,Sales,Change,2026-07-26 01:41:32.876024,2026-07-26 15:34:02.845179
INC00731,SRV003,2025-11-24,1344,85,254,3,Resolved,Manufacturing,Change,2025-11-24 10:44:44.272187,2025-11-25 02:33:43.651494
INC00732,SRV002,2025-03-19,1395,67,24,3,Resolved,Sales,Network,2025-03-19 14:44:55.890407,2025-03-19 07:43:38.8801
INC00733,SRV001,2026-03-03,58,56,78,4,Resolved,Logistics,Network,2026-03-03 06:42:39.06948,2026-03-03 16:57:41.570924
INC00734,SRV008,2025-03-04,2336,50,150,3,Active,Logistics,Network,2025-03-04 13:15:48.60535,2025-03-04 11:53:31.718146
INC00735,SRV004,2026-04-29,664,96,285,4,Resolved,Manufacturing,External,2026-04-29 01:41:24.227877,2026-04-29 16:10:41.388187
INC00736,SRV008,2025-03-09,184,96,288,3,Active,Finance,Hardware,2025-03-09 15:12:39.050233,2025-03-10 01:57:29.502032
INC00737,SRV003,2025-10-01,1564,80,107,4,Active,HR,Change,2025-10-01 01:00:33.78377,2025-10-01 03:57:56.305071
INC00738,SRV004,2026-07-24,392,96,84,3,Resolved,Finance,Hardware,2026-07-24 01:03:32.932745,2026-07-24 16:55:18.84205
INC00739,SRV005,2025-07-10,1596,74,272,3,Resolved,Manufacturing,Software,2025-07-10 20:49:55.456757,2025-07-10 16:19:31.377049
INC00740,SRV010,2025-10-01,1565,81,51,3,Resolved,Manufacturing,Hardware,2025-10-01 17:55:43.554575,2025-10-01 17:10:33.348856
INC00741,SRV004,2025-12-13,692,56,156,2,Resolved,Finance,Network,2025-12-13 03:00:14.409412,2025-12-13 06:31:13.500755
INC00742,SRV005,2025-08-01,1010,90,100,4,Resolved,Finance,Change,2025-08-01 16:44:06.390156,2025-08-01 04:05:26.876672
INC00743,SRV003,2025-10-05,455,87,102,1,Resolved,HR,Change,2025-10-05 00:03:21.474151,2025-10-05 08:56:34.947848
INC00744,SRV007,2026-11-01,2048,82,136,4,Resolved,Manufacturing,External,2026-11-01 00:16:30.683427,2026-11-01 10:47:00.335813
INC00745,SRV007,2026-01-30,2304,76,103,2,Resolved,Sales,External,2026-01-30 01:29:22.398382,2026-01-30 03:53:35.334781
INC00746,SRV004,2026-06-05,448,67,160,1,Resolved,HR,Change,2026-06-05 23:13:18.193501,2026-06-05 10:23:08.992292
INC00747,SRV004,2026-08-28,1387,98,59,3,Resolved,Logistics,Software,2026-08-28 16:33:07.036844,2026-08-28 21:55:02.10642
INC00748,SRV006,2026-06-04,658,52,163,4,Resolved,Manufacturing,External,2026-06-04 20:52:38.45743,2026-06-04 15:57:01.920919
INC00749,SRV002,2026-08-05,291,70,296,3,Active,Sales,Change,2026-08-05 15:28:07.214404,2026-08-05 18:10:57.698489
INC00750,SRV009,2026-08-31,761,51,133,1,Resolved,Sales,Change,2026-08-31 15:06:08.033686,2026-08-31 11:27:32.588799
INC00751,SRV010,2025-01-12,809,98,105,3,Resolved,Finance,Change,2025-01-12 09:02:33.019632,2025-01-12 13:31:06.74844
INC00752,SRV007,2025-02-05,1860,92,273,4,Active,Sales,Software,2025-02-05 10:28:12.328066,2025-02-05 08:32:25.023442
INC00753,SRV005,2025-08-25,234,69,249,2,Resolved,Logistics,Network,2025-08-25 21:44:01.948928,2025-08-25 06:53:59.688897
INC00754,SRV004,2025-11-04,586,91,172,4,Resolved,Sales,Change,2025-11-04 00:43:39.073144,2025-11-04 10:52:47.694331
INC00755,SRV006,2025-04-08,2318,71,287,3,Resolved,Manufacturing,Software,2025-04-08 16:14:55.888899,2025-04-08 20:21:44.805364
INC00756,SRV006,2025-12-07,40,51,169,2,Resolved,Sales,Software,2025-12-07 10:33:00.413652,2025-12-07 04:45:51.382922
INC00757,SRV003,2026-10-20,2050,63,226,4,Resolved,Logistics,Network,2026-10-20 01:34:04.479447,2026-10-20 11:02:14.273992
INC00758,SRV010,2026-01-30,626,73,141,4,Resolved,Logistics,Software,2026-01-30 18:42:50.201438,2026-01-30 09:26:35.224193
INC00759,SRV007,2026-09-18,623,67,225,1,Resolved,Finance,Network,2026-09-18 10:29:13.706843,2026-09-18 10:19:22.172722
INC00760,SRV007,2025-01-30,734,94,268,2,Resolved,HR,External,2025-01-30 15:26:11.559359,2025-01-31 03:52:49.032267
INC00761,SRV001,2026-10-19,1319,84,208,1,Resolved,Manufacturing,Network,2026-10-19 13:42:02.345295,2026-10-19 12:31:37.966763
INC00762,SRV006,2026-05-10,1866,75,128,2,Resolved,HR,Change,2026-05-10 13:59:34.525219,2026-05-10 02:15:51.073874
INC00763,SRV002,2026-08-28,1312,55,118,4,Resolved,HR,Change,2026-08-28 08:40:33.92546,2026-08-28 18:30:25.984691
INC00764,SRV006,2026-06-03,1646,97,127,1,Resolved,Finance,Network,2026-06-03 12:13:00.78297,2026-06-03 05:29:47.4153
INC00765,SRV009,2026-02-21,2338,96,35,4,Resolved,Finance,Software,2026-02-21 12:04:34.080331,2026-02-21 10:21:25.612228
INC00766,SRV008,2026-10-01,1195,82,201,3,Resolved,Sales,External,2026-10-01 21:47:49.131974,2026-10-01 16:40:42.23412
INC00767,SRV008,2026-03-23,126,81,243,1,Resolved,Finance,Hardware,2026-03-23 03:21:39.625367,2026-03-23 05:07:36.724459
INC00768,SRV002,2026-01-20,580,72,93,3,Resolved,Manufacturing,Hardware,2026-01-20 06:48:20.478767,2026-01-20 03:36:50.322828
INC00769,SRV010,2026-08-06,1026,69,194,3,Resolved,Sales,External,2026-08-06 03:35:56.417828,2026-08-07 00:12:32.466448
INC00770,SRV001,2026-08-03,1228,93,74,3,Resolved,Sales,Software,2026-08-03 17:42:36.284422,2026-08-03 10:21:03.605574
INC00771,SRV009,2026-05-27,858,66,149,1,Resolved,Logistics,Network,2026-05-27 12:23:03.757107,2026-05-27 23:02:57.192586
INC00772,SRV008,2026-10-09,1676,57,104,3,Resolved,Finance,Network,2026-10-09 15:25:06.507468,2026-10-09 23:36:11.029412
INC00773,SRV007,2025-03-13,1142,83,282,4,Active,Logistics,Change,2025-03-13 23:04:51.974876,2025-03-13 21:00:58.517799
INC00774,SRV008,2026-02-20,341,78,125,2,Active,Manufacturing,Software,2026-02-20 11:53:35.575462,2026-02-20 16:29:34.284621
INC00775,SRV002,2025-12-15,54,73,161,3,Resolved,HR,External,2025-12-15 04:36:18.697098,2025-12-15 17:00:35.798765
INC00776,SRV010,2025-02-12,1471,76,60,3,Resolved,HR,Hardware,2025-02-12 15:48:08.863367,2025-02-12 06:39:02.542563
INC00777,SRV010,2026-02-16,2024,96,177,2,Resolved,Logistics,Software,2026-02-16 10:55:54.104603,2026-02-16 19:29:23.452948
INC00778,SRV001,2026-11-30,1895,89,238,2,Resolved,Logistics,Software,2026-11-30 11:12:59.243018,2026-11-30 23:16:37.34136
INC00779,SRV003,2026-09-06,2232,77,170,4,Resolved,Logistics,Software,2026-09-06 11:50:27.595402,2026-09-06 19:29:23.505009
INC00780,SRV004,2026-12-05,297,68,209,2,Resolved,Logistics,Network,2026-12-05 20:53:11.195761,2026-12-05 04:14:50.963875
INC00781,SRV009,2025-03-05,816,84,165,3,Resolved,Logistics,External,2025-03-05 06:07:09.966051,2025-03-05 19:07:43.558768
INC00782,SRV009,2026-04-17,1702,54,240,4,Resolved,Manufacturing,Network,2026-04-17 00:02:05.846636,2026-04-18 02:05:05.122856
INC00783,SRV003,2025-07-24,164,79,242,1,Resolved,HR,Change,2025-07-24 22:39:10.918956,2025-07-24 13:23:25.151087
INC00784,SRV006,2026-05-17,481,73,104,1,Resolved,HR,Network,2026-05-17 10:04:55.580152,2026-05-17 02:26:07.662692
INC00785,SRV007,2025-08-28,381,76,73,4,Resolved,Logistics,Hardware,2025-08-28 22:53:32.37514,2025-08-28 16:55:20.316984
INC00786,SRV006,2026-03-04,1860,90,176,4,Resolved,Manufacturing,Change,2026-03-04 04:22:00.877334,2026-03-04 10:59:58.820078
INC00787,SRV010,2025-02-24,1065,83,160,3,Resolved,Logistics,Hardware,2025-02-24 17:47:57.40216,2025-02-24 19:38:03.865025
INC00788,SRV010,2025-03-04,1112,92,22,1,Resolved,Manufacturing,Software,2025-03-04 21:08:28.313934,2025-03-04 13:30:48.992995
INC00789,SRV001,2026-12-06,689,73,220,4,Resolved,Sales,Change,2026-12-06 00:52:14.057525,2026-12-07 02:18:38.314469
INC00790,SRV007,2026-02-20,921,53,170,2,Active,Logistics,Software,2026-02-20 09:43:13.215917,2026-02-20 03:58:16.99911
INC00791,SRV009,2025-01-16,228,85,248,3,Active,Manufacturing,Change,2025-01-16 16:52:44.118464,2025-01-17 01:19:49.386017
INC00792,SRV001,2025-01-31,306,89,108,2,Resolved,Finance,Hardware,2025-01-31 13:17:37.498549,2025-01-31 19:53:44.043252
INC00793,SRV001,2025-12-28,180,92,147,3,Active,Manufacturing,Software,2025-12-28 00:57:19.971987,2025-12-28 23:57:36.530455
INC00794,SRV007,2026-06-15,1627,93,198,1,Resolved,Sales,Change,2026-06-15 10:44:00.931621,2026-06-15 03:22:01.331004
INC00795,SRV003,2026-01-28,1420,53,222,3,Resolved,Manufacturing,Hardware,2026-01-28 07:52:42.108013,2026-01-28 04:01:59.247426
INC00796,SRV003,2025-04-21,889,96,18,3,Resolved,Finance,External,2025-04-21 20:16:59.083287,2025-04-21 04:22:56.290799
INC00797,SRV003,2025-12-05,158,85,82,3,Resolved,Sales,Change,2025-12-05 17:38:35.802185,2025-12-05 15:24:29.161499
INC00798,SRV001,2026-09-09,2089,88,270,1,Resolved,Sales,Hardware,2026-09-09 00:47:57.142757,2026-09-09 17:27:16.174006
INC00799,SRV005,2025-08-01,436,86,30,1,Resolved,Logistics,External,2025-08-01 20:28:29.503767,2025-08-01 12:06:15.928279
INC00800,SRV010,2026-01-25,2329,88,238,1,Resolved,Logistics,Software,2026-01-25 13:39:47.389463,2026-01-25 10:58:56.394663
INC00801,SRV003,2026-05-14,2088,65,48,2,Resolved,Manufacturing,Network,2026-05-14 15:55:53.202359,2026-05-14 11:21:32.889551
INC00802,SRV002,2026-07-30,850,69,83,3,Resolved,Manufacturing,Software,2026-07-30 01:11:23.322761,2026-07-30 13:10:51.465807
INC00803,SRV004,2026-05-29,1715,69,19,2,Resolved,Logistics,Network,2026-05-29 20:45:25.573292,2026-05-29 00:19:58.918071
INC00804,SRV003,2026-09-24,1865,96,32,4,Resolved,Finance,External,2026-09-24 11:36:42.760859,2026-09-24 04:32:01.912587
INC00805,SRV009,2026-09-27,2217,90,237,2,Resolved,HR,Software,2026-09-27 23:53:34.687411,2026-09-27 05:35:34.920442
INC00806,SRV004,2026-05-12,251,73,39,3,Resolved,Manufacturing,Network,2026-05-12 07:41:50.482188,2026-05-12 02:16:22.26727
INC00807,SRV003,2026-04-07,486,84,85,1,Resolved,Finance,Hardware,2026-04-07 17:30:42.372573,2026-04-07 12:10:50.731414
INC00808,SRV008,2026-10-25,1201,56,100,1,Active,Sales,Software,2026-10-25 22:45:00.360523,2026-10-25 03:19:36.956952
INC00809,SRV001,2025-07-07,187,88,248,1,Resolved,Sales,Software,2025-07-07 15:37:43.402797,2025-07-07 10:47:56.098822
INC00810,SRV009,2025-08-13,2125,86,53,4,Resolved,HR,Change,2025-08-13 08:34:53.134879,2025-08-13 07:14:52.084524
INC00811,SRV008,2026-07-02,2048,81,254,3,Resolved,Manufacturing,Hardware,2026-07-02 21:52:54.08031,2026-07-02 07:04:46.731395
INC00812,SRV002,2026-03-09,1955,91,89,1,Resolved,Finance,Software,2026-03-09 11:36:07.838061,2026-03-09 06:14:48.540222
INC00813,SRV009,2025-08-31,1440,53,182,3,Active,Finance,Change,2025-08-31 12:03:57.757305,2025-08-31 17:17:55.52232
INC00814,SRV001,2026-02-23,381,58,135,1,Resolved,Sales,Change,2026-02-23 07:00:22.924971,2026-02-23 15:58:10.957378
INC00815,SRV004,2026-08-26,211,55,202,2,Resolved,Finance,External,2026-08-26 04:13:35.65674,2026-08-26 06:32:49.993188
INC00816,SRV009,2026-11-23,2279,56,262,2,Resolved,HR,External,2026-11-23 15:36:24.825419,2026-11-23 21:01:56.015845
INC00817,SRV002,2025-12-19,1256,71,113,4,Resolved,HR,Software,2025-12-19 07:18:03.36884,2025-12-19 16:10:51.939174
INC00818,SRV006,2025-08-18,988,56,212,2,Active,Manufacturing,Hardware,2025-08-18 17:39:35.976088,2025-08-18 21:25:05.041798
INC00819,SRV004,2026-09-03,1040,52,221,2,Resolved,HR,External,2026-09-03 22:57:49.856462,2026-09-03 21:57:08.174977
INC00820,SRV005,2026-12-05,847,66,70,3,Active,Logistics,Software,2026-12-05 01:33:43.971002,2026-12-06 00:59:14.90364
INC00821,SRV010,2026-10-23,2139,92,49,2,Resolved,Sales,Hardware,2026-10-23 00:06:34.777739,2026-10-23 16:12:15.262732
INC00822,SRV007,2025-04-28,87,96,252,4,Resolved,Finance,External,2025-04-28 00:43:00.923438,2025-04-28 04:33:23.961892
INC00823,SRV008,2026-04-06,417,87,114,2,Resolved,Manufacturing,Change,2026-04-06 15:49:51.46265,2026-04-07 00:00:25.476402
INC00824,SRV005,2025-03-16,106,50,124,3,Resolved,HR,Change,2025-03-16 17:47:11.158575,2025-03-16 10:25:08.300082
INC00825,SRV007,2026-09-16,1332,76,191,1,Resolved,HR,Software,2026-09-16 22:31:27.192529,2026-09-16 17:01:45.315451
INC00826,SRV010,2025-06-24,417,83,290,2,Resolved,HR,External,2025-06-24 02:20:35.76371,2025-06-24 16:05:33.507899
INC00827,SRV001,2026-08-14,1931,99,287,1,Resolved,Sales,Hardware,2026-08-14 19:07:10.334834,2026-08-14 19:57:55.08107
INC00828,SRV009,2026-10-27,1359,78,277,4,Resolved,Sales,Software,2026-10-27 22:15:51.944429,2026-10-28 03:53:12.935678
INC00829,SRV004,2026-11-18,452,79,132,1,Resolved,HR,Change,2026-11-18 19:39:44.746003,2026-11-18 02:25:52.923041
INC00830,SRV004,2026-07-06,1624,80,249,2,Active,Sales,Network,2026-07-06 07:02:19.313853,2026-07-06 19:44:23.99108
INC00831,SRV003,2026-11-11,750,56,101,4,Active,Sales,Change,2026-11-11 10:14:09.376068,2026-11-11 04:42:13.706974
INC00832,SRV006,2026-11-01,770,85,121,3,Resolved,Sales,Software,2026-11-01 05:24:11.033812,2026-11-02 01:51:54.724755
INC00833,SRV010,2026-01-28,2303,70,40,4,Resolved,Finance,Hardware,2026-01-28 23:24:45.819363,2026-01-28 08:36:13.066528
INC00834,SRV010,2025-09-14,718,61,299,1,Resolved,Sales,Hardware,2025-09-14 22:06:42.409958,2025-09-14 11:27:13.142935
INC00835,SRV003,2026-04-11,1118,67,87,2,Resolved,HR,Change,2026-04-11 15:48:27.83353,2026-04-11 12:09:12.014534
INC00836,SRV002,2026-02-23,1862,57,244,4,Resolved,Logistics,Network,2026-02-23 16:06:27.527792,2026-02-24 00:49:05.689328
INC00837,SRV002,2026-12-09,1874,63,32,2,Resolved,Sales,External,2026-12-09 19:45:26.468956,2026-12-09 08:05:46.33432
INC00838,SRV006,2025-02-06,1570,85,43,3,Resolved,Sales,Software,2025-02-06 13:09:56.485583,2025-02-06 18:09:36.154243
INC00839,SRV006,2026-04-09,1155,94,195,3,Resolved,HR,Software,2026-04-09 11:49:00.310932,2026-04-10 02:11:27.62957
INC00840,SRV005,2025-03-30,132,71,249,2,Resolved,HR,Change,2025-03-30 23:03:43.18837,2025-03-30 07:25:25.005435
INC00841,SRV007,2026-03-03,2166,74,282,1,Resolved,Finance,Software,2026-03-03 12:59:53.800804,2026-03-03 14:36:48.848176
INC00842,SRV001,2025-09-23,202,93,104,4,Resolved,Logistics,Change,2025-09-23 17:35:03.935142,2025-09-23 06:16:37.177386
INC00843,SRV007,2025-10-28,1233,85,157,4,Active,Finance,Software,2025-10-28 06:55:22.107936,2025-10-28 20:23:45.626174
INC00844,SRV003,2025-05-18,896,51,270,3,Resolved,Logistics,External,2025-05-18 14:58:31.602286,2025-05-18 21:10:04.712092
INC00845,SRV009,2026-10-02,340,68,264,1,Resolved,Manufacturing,Hardware,2026-10-02 07:34:30.514781,2026-10-02 05:41:29.234401
INC00846,SRV009,2025-05-24,737,78,67,1,Resolved,Sales,External,2025-05-24 10:20:32.107988,2025-05-24 15:11:36.216288
INC00847,SRV009,2025-10-16,851,94,253,2,Resolved,Finance,External,2025-10-16 23:50:08.695994,2025-10-16 11:43:31.217555
INC00848,SRV009,2025-01-24,2316,73,33,3,Resolved,HR,Change,2025-01-24 10:31:44.040521,2025-01-24 16:34:53.968133
INC00849,SRV002,2026-03-09,1234,70,241,4,Resolved,Finance,Software,2026-03-09 12:46:38.376776,2026-03-09 14:03:48.473896
INC00850,SRV001,2026-11-04,1180,81,138,3,Resolved,HR,External,2026-11-04 16:41:52.327548,2026-11-04 13:23:19.471341
INC00851,SRV002,2026-09-30,1289,97,32,4,Resolved,Finance,Change,2026-09-30 11:14:27.494104,2026-10-01 00:13:29.025277
INC00852,SRV010,2025-06-23,531,87,181,1,Active,Sales,Network,2025-06-23 14:25:05.797279,2025-06-23 08:19:19.131725
INC00853,SRV008,2026-01-25,1407,54,129,4,Resolved,Manufacturing,Hardware,2026-01-25 04:46:01.795309,2026-01-25 20:55:11.162329
INC00854,SRV004,2025-12-24,2009,66,125,3,Resolved,HR,Change,2025-12-24 02:01:21.714171,2025-12-24 21:25:18.805362
INC00855,SRV008,2025-04-19,2276,51,199,4,Resolved,Manufacturing,Network,2025-04-19 04:09:44.731233,2025-04-19 04:12:25.108625
INC00856,SRV007,2025-02-27,861,63,206,4,Resolved,Manufacturing,Hardware,2025-02-27 04:43:59.691673,2025-02-27 19:07:18.166908
INC00857,SRV004,2025-07-16,1064,64,27,4,Resolved,Sales,Software,2025-07-16 08:54:02.474924,2025-07-17 00:14:53.544613
INC00858,SRV010,2026-10-23,1740,52,20,2,Resolved,Logistics,Hardware,2026-10-23 21:07:43.46906,2026-10-23 05:08:08.92067
INC00859,SRV006,2026-07-03,1305,67,220,1,Resolved,HR,Software,2026-07-03 03:37:50.95096,2026-07-03 07:39:53.525794
INC00860,SRV001,2026-12-13,412,82,107,3,Active,Manufacturing,Software,2026-12-13 05:04:25.135927,2026-12-13 12:11:24.101198
INC00861,SRV009,2025-04-30,1634,67,29,4,Resolved,Manufacturing,Change,2025-04-30 00:36:28.559384,2025-04-30 09:43:30.40354
INC00862,SRV001,2025-08-12,1563,61,150,1,Resolved,HR,Change,2025-08-12 11:33:02.864498,2025-08-13 00:31:45.908344
INC00863,SRV001,2025-03-10,1815,56,113,2,Resolved,Manufacturing,Hardware,2025-03-10 23:43:13.526569,2025-03-10 23:44:40.897507
INC00864,SRV004,2026-12-29,1163,93,78,4,Resolved,Finance,Network,2026-12-29 15:56:42.91346,2026-12-29 02:31:32.391652
INC00865,SRV006,2026-05-11,1028,54,298,2,Resolved,Logistics,Network,2026-05-11 12:03:28.609672,2026-05-11 19:25:52.862944
INC00866,SRV004,2025-07-21,383,65,117,2,Resolved,HR,Software,2025-07-21 04:14:36.648059,2025-07-21 14:42:42.233914
INC00867,SRV009,2026-01-19,1528,72,149,2,Resolved,Sales,External,2026-01-19 20:22:01.756513,2026-01-19 22:58:06.169263
INC00868,SRV007,2026-05-28,725,52,252,1,Active,Manufacturing,Hardware,2026-05-28 23:06:54.700196,2026-05-28 18:49:18.000044
INC00869,SRV002,2026-07-10,1766,91,27,1,Resolved,Manufacturing,External,2026-07-10 00:00:14.350791,2026-07-10 19:30:19.627897
INC00870,SRV001,2026-12-30,1882,73,231,1,Resolved,Logistics,Hardware,2026-12-30 22:31:16.705319,2026-12-31 03:46:01.638878
INC00871,SRV006,2025-07-01,1710,74,213,3,Resolved,Finance,Change,2025-07-01 18:17:31.588791,2025-07-01 04:39:45.411108
INC00872,SRV004,2026-03-04,1978,76,34,3,Resolved,Logistics,Change,2026-03-04 19:59:38.896643,2026-03-04 13:40:13.106372
INC00873,SRV002,2026-09-16,1934,97,72,4,Resolved,Manufacturing,Hardware,2026-09-16 22:20:01.619719,2026-09-16 02:20:41.143019
INC00874,SRV003,2026-12-06,176,89,212,3,Active,HR,External,2026-12-06 14:34:52.963057,2026-12-07 01:00:03.150488
INC00875,SRV007,2026-02-13,900,78,69,2,Active,HR,Network,2026-02-13 11:01:57.740426,2026-02-13 07:32:27.225098
INC00876,SRV003,2025-11-19,104,61,185,2,Resolved,Manufacturing,Software,2025-11-19 21:25:47.616097,2025-11-19 08:44:51.923415
INC00877,SRV002,2026-05-04,2059,57,188,1,Resolved,Logistics,Hardware,2026-05-04 10:30:22.599453,2026-05-04 19:17:10.821256
INC00878,SRV006,2025-09-18,461,94,157,4,Resolved,HR,External,2025-09-18 13:54:53.663317,2025-09-19 02:35:58.077005
INC00879,SRV004,2025-04-11,1737,69,112,1,Resolved,Manufacturing,Software,2025-04-11 20:09:52.959576,2025-04-12 00:46:27.817023
INC00880,SRV001,2026-07-23,1776,66,46,1,Resolved,Sales,Software,2026-07-23 05:45:45.942036,2026-07-23 15:33:41.136129
INC00881,SRV005,2025-07-14,237,76,75,3,Resolved,Sales,Hardware,2025-07-14 23:52:33.776581,2025-07-14 22:27:50.325675
INC00882,SRV007,2025-03-27,304,92,19,4,Resolved,Finance,Change,2025-03-27 07:12:31.900523,2025-03-27 08:43:06.462012
INC00883,SRV003,2026-02-14,947,56,128,1,Resolved,Sales,Network,2026-02-14 11:13:16.474732,2026-02-14 05:40:15.84989
INC00884,SRV006,2026-07-18,158,86,163,3,Active,Manufacturing,Change,2026-07-18 10:27:25.163901,2026-07-18 19:33:22.086177
INC00885,SRV009,2025-02-10,2170,97,41,2,Resolved,Finance,Software,2025-02-10 14:22:52.531703,2025-02-10 19:27:19.597722
INC00886,SRV004,2026-08-07,872,95,40,1,Resolved,Logistics,Change,2026-08-07 20:43:58.494596,2026-08-07 12:03:15.090873
INC00887,SRV002,2025-03-26,138,65,276,4,Active,Sales,Hardware,2025-03-26 15:52:00.920386,2025-03-27 03:42:35.830923
INC00888,SRV007,2025-12-17,1536,81,236,1,Resolved,Finance,Software,2025-12-17 13:33:07.712645,2025-12-17 13:58:46.463187
INC00889,SRV007,2026-10-24,1330,94,137,1,Resolved,Sales,Software,2026-10-24 01:58:00.095133,2026-10-24 12:09:58.582667
INC00890,SRV007,2025-07-01,1815,80,283,4,Resolved,Sales,Network,2025-07-01 06:44:03.614308,2025-07-01 07:51:07.418089
INC00891,SRV007,2025-04-09,616,78,56,3,Resolved,Manufacturing,Change,2025-04-09 20:24:18.838064,2025-04-09 23:43:14.991622
INC00892,SRV010,2025-01-31,954,60,110,3,Resolved,Logistics,Change,2025-01-31 17:51:00.224885,2025-01-31 08:37:45.855981
INC00893,SRV006,2025-02-14,1816,93,266,2,Resolved,HR,Change,2025-02-14 18:15:28.272796,2025-02-14 05:11:12.679375
INC00894,SRV004,2025-09-13,1297,77,289,2,Active,HR,Change,2025-09-13 14:47:09.076383,2025-09-13 12:24:00.980339
INC00895,SRV003,2026-04-22,1752,81,196,1,Active,Finance,Hardware,2026-04-22 02:50:39.205775,2026-04-22 10:16:46.140416
INC00896,SRV006,2026-01-22,1951,98,51,4,Resolved,Finance,Software,2026-01-22 07:41:56.00943,2026-01-22 07:02:21.112324
INC00897,SRV010,2026-01-22,111,59,233,2,Resolved,Finance,Hardware,2026-01-22 09:01:12.923362,2026-01-23 01:53:36.37916
INC00898,SRV006,2026-06-27,2133,63,88,2,Resolved,Sales,Software,2026-06-27 18:40:17.471953,2026-06-27 03:28:47.799323
INC00899,SRV001,2026-01-28,1030,91,292,4,Resolved,Logistics,Hardware,2026-01-28 21:39:23.692028,2026-01-28 15:29:13.476009
INC00900,SRV009,2026-05-24,2110,64,100,1,Resolved,HR,Hardware,2026-05-24 17:06:38.798326,2026-05-24 11:02:27.468743
INC00901,SRV003,2025-01-19,77,71,179,2,Resolved,Finance,Network,2025-01-19 15:00:36.447848,2025-01-19 09:54:39.647413
INC00902,SRV002,2026-11-11,272,57,66,3,Active,Manufacturing,Software,2026-11-11 22:09:50.050356,2026-11-11 11:58:22.617638
INC00903,SRV005,2025-11-18,2260,88,277,3,Resolved,Logistics,Network,2025-11-18 20:30:20.972601,2025-11-18 17:29:29.341297
INC00904,SRV005,2025-02-19,647,61,255,4,Resolved,Sales,Hardware,2025-02-19 22:34:13.412111,2025-02-19 20:58:44.550725
INC00905,SRV006,2025-09-28,959,58,171,4,Resolved,Logistics,Network,2025-09-28 12:35:01.968631,2025-09-28 08:08:06.457692
INC00906,SRV006,2026-03-01,1680,78,30,2,Active,Manufacturing,Network,2026-03-01 00:40:40.627852,2026-03-01 12:53:18.28387
INC00907,SRV003,2025-04-26,2229,52,271,2,Resolved,Sales,Network,2025-04-26 11:53:31.049587,2025-04-26 14:40:11.212313
INC00908,SRV002,2025-03-23,852,98,271,3,Resolved,Manufacturing,Hardware,2025-03-23 05:44:32.894842,2025-03-24 01:11:18.12209
INC00909,SRV002,2025-12-17,1283,91,92,3,Resolved,Logistics,Change,2025-12-17 07:34:03.769498,2025-12-17 22:21:12.898465
INC00910,SRV008,2025-05-05,1723,62,174,4,Resolved,Finance,Software,2025-05-05 00:04:18.096122,2025-05-05 14:45:21.397227
INC00911,SRV009,2025-12-16,1575,91,180,1,Resolved,Logistics,Change,2025-12-16 13:42:04.786974,2025-12-17 02:52:20.159034
INC00912,SRV004,2026-11-06,1807,98,57,4,Resolved,Finance,Hardware,2026-11-06 16:49:47.763552,2026-11-06 11:30:22.960446
INC00913,SRV006,2025-07-01,333,64,221,2,Resolved,HR,Software,2025-07-01 09:53:28.422524,2025-07-01 10:41:23.838285
INC00914,SRV009,2026-02-15,1292,79,117,3,Resolved,Manufacturing,External,2026-02-15 18:39:42.810139,2026-02-16 00:02:42.218712
INC00915,SRV007,2025-02-27,2087,80,30,1,Resolved,HR,External,2025-02-27 12:19:09.310563,2025-02-27 14:55:10.314686
INC00916,SRV009,2026-11-23,945,81,140,4,Resolved,HR,Software,2026-11-23 02:21:46.955419,2026-11-23 22:59:14.729719
INC00917,SRV010,2025-03-03,58,65,197,4,Active,Finance,Network,2025-03-03 00:10:18.409465,2025-03-03 10:29:33.119937
INC00918,SRV005,2026-04-28,1794,67,288,2,Resolved,HR,Network,2026-04-28 13:20:00.405149,2026-04-28 11:18:11.075051
INC00919,SRV005,2025-10-21,932,85,35,2,Resolved,Sales,Change,2025-10-21 03:08:17.414794,2025-10-21 02:57:58.851004
INC00920,SRV007,2025-06-07,662,75,130,4,Resolved,Finance,Software,2025-06-07 09:21:22.027377,2025-06-07 06:59:21.585067
INC00921,SRV009,2026-05-27,2023,89,281,2,Resolved,HR,Change,2026-05-27 00:42:49.165114,2026-05-28 03:44:03.876178
INC00922,SRV007,2025-06-07,633,91,232,4,Resolved,HR,Change,2025-06-07 09:13:35.028581,2025-06-07 21:15:35.966333
INC00923,SRV005,2026-11-07,544,60,242,2,Resolved,Logistics,Hardware,2026-11-07 01:03:26.300921,2026-11-08 00:57:33.554111
INC00924,SRV010,2025-10-24,1254,51,34,1,Active,HR,Software,2025-10-24 11:11:08.807897,2025-10-24 13:58:04.51765
INC00925,SRV007,2026-01-10,909,51,40,2,Resolved,Sales,Change,2026-01-10 12:28:59.284413,2026-01-10 18:39:55.581875
INC00926,SRV006,2026-10-26,1205,90,17,1,Resolved,Finance,External,2026-10-26 18:32:15.78539,2026-10-26 20:43:57.533187
INC00927,SRV003,2025-05-20,215,50,294,2,Resolved,Sales,Network,2025-05-20 06:15:44.940136,2025-05-20 22:10:15.181535
INC00928,SRV009,2025-06-23,1559,86,113,3,Resolved,Sales,Change,2025-06-23 13:14:00.843842,2025-06-23 07:09:09.575974
INC00929,SRV003,2025-11-18,1349,78,208,3,Resolved,HR,Software,2025-11-18 17:00:31.064374,2025-11-18 14:01:46.717835
INC00930,SRV005,2025-10-19,689,81,42,2,Resolved,Manufacturing,Software,2025-10-19 22:11:43.81922,2025-10-20 00:37:53.699714
INC00931,SRV006,2025-01-24,2197,90,262,1,Resolved,Sales,External,2025-01-24 23:40:54.384704,2025-01-24 11:53:59.337458
INC00932,SRV008,2026-11-26,1952,71,212,1,Active,Finance,External,2026-11-26 09:31:26.813094,2026-11-27 02:07:45.423065
INC00933,SRV001,2026-05-02,1224,96,189,2,Resolved,Manufacturing,Change,2026-05-02 09:54:43.157987,2026-05-02 22:08:29.533182
INC00934,SRV005,2025-08-26,1397,83,245,2,Resolved,HR,Software,2025-08-26 01:15:44.414357,2025-08-26 11:37:19.287315
INC00935,SRV006,2025-05-16,1624,85,16,1,Resolved,Manufacturing,Change,2025-05-16 19:36:23.198112,2025-05-16 03:40:31.22304
INC00936,SRV002,2025-03-03,646,70,154,3,Resolved,Finance,External,2025-03-03 20:12:49.519798,2025-03-04 00:02:53.630017
INC00937,SRV006,2026-11-02,275,57,145,1,Resolved,Sales,Hardware,2026-11-02 09:18:59.177298,2026-11-02 04:51:59.180912
INC00938,SRV005,2026-03-26,636,84,118,3,Active,Logistics,External,2026-03-26 19:41:47.300456,2026-03-26 07:14:36.547479
INC00939,SRV010,2026-04-16,50,67,96,4,Resolved,HR,Software,2026-04-16 15:24:54.554459,2026-04-16 17:59:00.064359
INC00940,SRV004,2025-06-02,535,64,106,3,Resolved,Manufacturing,Network,2025-06-02 21:13:34.572296,2025-06-02 08:14:31.312718
INC00941,SRV003,2025-06-29,35,85,166,3,Resolved,HR,Network,2025-06-29 02:53:46.406351,2025-06-29 22:54:25.045942
INC00942,SRV009,2025-11-06,664,50,83,3,Resolved,Manufacturing,External,2025-11-06 04:14:17.769917,2025-11-07 00:44:39.594133
INC00943,SRV002,2025-03-13,746,82,69,3,Resolved,Sales,Software,2025-03-13 19:59:17.636148,2025-03-13 04:49:55.216446
INC00944,SRV007,2025-08-26,1552,84,108,1,Resolved,Finance,Network,2025-08-26 15:56:22.40262,2025-08-26 07:27:10.822283
INC00945,SRV005,2025-06-22,193,92,57,4,Resolved,Sales,Change,2025-06-22 10:20:49.615045,2025-06-22 10:47:09.952402
INC00946,SRV004,2026-03-17,250,80,278,1,Resolved,Finance,Hardware,2026-03-17 03:42:44.655392,2026-03-17 15:40:10.568846
INC00947,SRV005,2025-03-27,183,78,272,1,Active,Sales,External,2025-03-27 18:54:25.542241,2025-03-28 01:08:46.506517
INC00948,SRV008,2026-11-23,1203,92,228,3,Resolved,HR,Software,2026-11-23 21:06:59.365035,2026-11-24 02:48:46.361567
INC00949,SRV009,2026-02-21,253,79,223,4,Resolved,HR,Software,2026-02-21 17:55:07.104607,2026-02-21 15:42:28.525227
INC00950,SRV002,2025-04-15,159,82,70,4,Resolved,Finance,Change,2025-04-15 14:12:17.868181,2025-04-15 14:34:41.388149
INC00951,SRV009,2026-05-25,401,80,122,1,Resolved,Finance,Network,2026-05-25 12:14:06.820433,2026-05-25 19:54:00.727739
INC00952,SRV004,2025-01-02,358,61,298,2,Resolved,Logistics,Change,2025-01-02 14:49:18.679011,2025-01-02 06:24:18.036585
INC00953,SRV006,2026-09-03,1623,99,102,1,Resolved,Logistics,Change,2026-09-03 15:43:31.117087,2026-09-04 01:31:01.499831
INC00954,SRV003,2026-11-25,1365,83,69,1,Resolved,Logistics,External,2026-11-25 17:24:34.672385,2026-11-25 12:05:58.823089
INC00955,SRV005,2025-05-20,1034,50,298,2,Resolved,HR,External,2025-05-20 10:20:56.69415,2025-05-20 21:28:34.391214
INC00956,SRV010,2025-07-06,2192,72,149,3,Resolved,Manufacturing,Change,2025-07-06 08:01:47.093531,2025-07-06 15:17:31.507037
INC00957,SRV007,2026-05-08,199,92,106,1,Resolved,Finance,Network,2026-05-08 18:21:33.709741,2026-05-08 01:48:59.125177
INC00958,SRV005,2025-07-13,2194,75,249,4,Resolved,Logistics,Software,2025-07-13 05:49:45.527623,2025-07-14 01:46:10.86142
INC00959,SRV003,2025-11-01,1094,51,202,4,Resolved,Finance,External,2025-11-01 12:40:49.294413,2025-11-01 10:00:24.881238
INC00960,SRV006,2026-01-02,1855,82,268,3,Resolved,Sales,Software,2026-01-02 13:28:22.241631,2026-01-02 15:35:48.976349
INC00961,SRV002,2026-02-17,2053,77,38,2,Resolved,Logistics,Hardware,2026-02-17 17:26:30.354363,2026-02-17 07:22:47.903606
INC00962,SRV007,2026-09-14,2304,65,181,2,Resolved,Manufacturing,Network,2026-09-14 11:53:37.859436,2026-09-14 11:16:18.55444
INC00963,SRV009,2026-01-30,604,97,227,4,Resolved,Logistics,Hardware,2026-01-30 08:24:08.128399,2026-01-30 19:04:21.324281
INC00964,SRV006,2025-01-22,64,80,293,3,Resolved,Manufacturing,Change,2025-01-22 04:05:54.416417,2025-01-22 20:05:58.451824
INC00965,SRV008,2026-12-18,1111,59,231,3,Resolved,Logistics,Hardware,2026-12-18 19:45:33.777188,2026-12-18 09:48:18.405046
INC00966,SRV004,2025-12-16,1283,54,189,4,Resolved,Finance,Change,2025-12-16 10:26:05.631956,2025-12-16 21:24:23.778006
INC00967,SRV009,2025-11-27,286,85,198,3,Resolved,Sales,External,2025-11-27 02:08:54.293745,2025-11-27 23:36:34.900165
INC00968,SRV006,2025-10-20,1921,92,166,1,Resolved,Sales,External,2025-10-20 14:08:20.40609,2025-10-20 04:33:13.50628
INC00969,SRV008,2025-03-07,1356,96,107,3,Resolved,Logistics,Software,2025-03-07 23:07:23.584057,2025-03-07 21:16:21.162328
INC00970,SRV001,2025-04-06,2076,82,236,1,Active,Manufacturing,Change,2025-04-06 04:27:14.091062,2025-04-06 12:38:32.039551
INC00971,SRV007,2025-07-04,2204,95,242,2,Resolved,Sales,Hardware,2025-07-04 10:05:15.18802,2025-07-04 17:23:21.166287
INC00972,SRV010,2025-04-03,2158,75,160,2,Resolved,HR,Change,2025-04-03 15:14:49.406466,2025-04-04 02:30:34.022477
INC00973,SRV007,2025-12-18,1136,69,259,1,Active,Manufacturing,Hardware,2025-12-18 23:26:10.906584,2025-12-18 17:14:50.534584
INC00974,SRV005,2025-05-02,232,98,105,1,Resolved,HR,Hardware,2025-05-02 15:53:43.618179,2025-05-02 05:15:25.488079
INC00975,SRV007,2026-07-25,1799,85,150,3,Active,Logistics,Network,2026-07-25 18:44:00.897903,2026-07-25 17:08:50.355166
INC00976,SRV006,2025-11-06,210,72,171,2,Active,Sales,Hardware,2025-11-06 15:08:01.896551,2025-11-06 22:35:04.705534
INC00977,SRV002,2026-04-05,668,73,156,3,Resolved,HR,Hardware,2026-04-05 22:47:56.173396,2026-04-05 08:59:17.860344
INC00978,SRV010,2025-01-31,2355,81,208,3,Resolved,Logistics,Change,2025-01-31 01:37:02.960446,2025-01-31 18:17:02.338423
INC00979,SRV001,2026-03-04,919,60,190,3,Resolved,Sales,Software,2026-03-04 18:10:41.876304,2026-03-04 03:30:50.532325
INC00980,SRV005,2026-05-12,199,54,75,4,Resolved,HR,Network,2026-05-12 16:42:33.267321,2026-05-12 06:23:38.303803
INC00981,SRV007,2025-12-16,2315,95,177,3,Resolved,Sales,External,2025-12-16 16:40:08.756081,2025-12-16 18:01:30.806045
INC00982,SRV002,2025-12-16,108,58,268,4,Resolved,Manufacturing,Software,2025-12-16 12:02:21.10751,2025-12-16 07:16:56.899108
INC00983,SRV002,2025-07-09,1566,64,134,2,Active,Sales,Network,2025-07-09 18:38:48.039203,2025-07-09 09:51:20.992356
INC00984,SRV003,2025-10-24,271,64,230,1,Resolved,HR,Network,2025-10-24 21:09:40.799699,2025-10-24 09:18:17.231428
INC00985,SRV006,2025-08-25,770,99,43,3,Resolved,Sales,External,2025-08-25 11:44:14.044062,2025-08-25 16:05:58.270356
INC00986,SRV007,2025-08-28,1998,56,292,1,Resolved,HR,Network,2025-08-28 04:50:18.011553,2025-08-29 01:51:07.926816
INC00987,SRV004,2026-06-17,861,96,161,4,Resolved,Finance,Network,2026-06-17 01:31:21.866385,2026-06-17 19:11:57.816919
INC00988,SRV005,2026-05-28,1871,87,241,1,Resolved,Sales,External,2026-05-28 14:20:02.383406,2026-05-29 03:24:15.660864
INC00989,SRV009,2025-11-30,348,61,31,3,Resolved,Logistics,Software,2025-11-30 00:06:57.07736,2025-11-30 07:15:02.820122
INC00990,SRV004,2026-04-14,434,50,141,3,Active,Sales,Change,2026-04-14 00:35:58.016612,2026-04-14 03:29:20.023955
INC00991,SRV009,2026-05-11,2165,86,247,3,Resolved,Manufacturing,Network,2026-05-11 03:00:17.877623,2026-05-11 15:58:48.191865
INC00992,SRV004,2026-10-12,1719,88,45,2,Resolved,Logistics,Change,2026-10-12 06:22:59.076762,2026-10-12 16:01:34.273869
INC00993,SRV001,2026-06-17,1948,87,20,3,Resolved,Logistics,Hardware,2026-06-17 17:54:10.837799,2026-06-17 09:43:34.009213
INC00994,SRV004,2026-03-24,259,74,242,2,Resolved,Manufacturing,Software,2026-03-24 08:16:48.892062,2026-03-24 06:40:37.833024
INC00995,SRV009,2025-01-24,1742,78,191,1,Resolved,Manufacturing,Hardware,2025-01-24 00:49:37.987755,2025-01-24 11:24:07.647179
INC00996,SRV009,2025-08-17,1485,91,159,1,Resolved,Finance,Hardware,2025-08-17 01:52:22.857268,2025-08-18 02:15:49.484555
INC00997,SRV001,2026-06-03,1869,67,207,2,Resolved,Manufacturing,Software,2026-06-03 01:13:15.373588,2026-06-03 08:20:29.980208
INC00998,SRV001,2025-07-03,1559,75,128,1,Resolved,Logistics,Change,2025-07-03 15:22:17.371152,2025-07-03 04:04:08.633168
INC00999,SRV008,2026-04-15,1662,86,209,1,Resolved,Logistics,Network,2026-04-15 03:38:15.003425,2026-04-15 19:23:30.497149
INC01000,SRV002,2026-06-08,1010,78,290,1,Resolved,Finance,Hardware,2026-06-08 13:49:36.34974,2026-06-09 03:58:16.744722
INC01001,SRV005,2026-05-14,833,67,129,3,Resolved,Finance,Hardware,2026-05-14 00:21:17.940101,2026-05-14 09:16:27.563561
INC01002,SRV009,2025-12-26,2241,73,203,3,Resolved,Manufacturing,Software,2025-12-26 17:56:13.421959,2025-12-26 08:35:50.63779
INC01003,SRV001,2025-07-13,2151,57,173,2,Resolved,HR,Network,2025-07-13 08:15:29.742982,2025-07-13 17:06:35.598695
INC01004,SRV007,2025-08-08,661,76,264,3,Resolved,Manufacturing,Hardware,2025-08-08 03:29:45.005969,2025-08-08 18:50:15.628172
INC01005,SRV009,2026-11-04,346,74,245,1,Resolved,Finance,Change,2026-11-04 03:50:54.629363,2026-11-05 03:17:46.457692
INC01006,SRV008,2025-11-08,1915,99,75,2,Resolved,HR,Software,2025-11-08 05:05:32.91586,2025-11-08 14:22:36.876654
INC01007,SRV010,2026-10-21,2352,61,224,3,Resolved,Finance,Hardware,2026-10-21 07:44:47.102766,2026-10-21 06:40:10.312071
INC01008,SRV010,2025-10-13,1017,78,107,1,Resolved,HR,Hardware,2025-10-13 02:02:02.581646,2025-10-13 02:06:01.004655
INC01009,SRV007,2026-10-18,1723,51,222,2,Resolved,Logistics,Network,2026-10-18 13:11:22.869864,2026-10-19 01:39:08.684683
INC01010,SRV003,2026-10-25,2066,52,288,1,Resolved,HR,Network,2026-10-25 19:20:27.112453,2026-10-25 18:01:22.185823
INC01011,SRV002,2026-02-26,1908,64,88,2,Resolved,Logistics,Hardware,2026-02-26 18:07:02.653644,2026-02-26 22:26:45.256491
INC01012,SRV009,2026-04-18,686,74,200,4,Resolved,Manufacturing,Change,2026-04-18 08:04:01.920383,2026-04-19 00:11:24.718398
INC01013,SRV010,2025-02-13,1976,56,54,2,Resolved,Sales,Change,2025-02-13 20:38:28.442486,2025-02-14 00:45:53.938098
INC01014,SRV003,2025-11-06,1148,51,51,1,Resolved,Sales,Hardware,2025-11-06 13:06:11.945235,2025-11-06 22:28:56.081081
INC01015,SRV010,2025-03-28,467,93,278,3,Resolved,HR,Change,2025-03-28 13:43:43.750907,2025-03-29 01:31:39.943785
INC01016,SRV009,2026-10-24,2311,83,163,4,Resolved,Logistics,Change,2026-10-24 11:46:32.054302,2026-10-24 10:20:55.384715
INC01017,SRV004,2025-09-07,1196,99,291,2,Resolved,Logistics,Hardware,2025-09-07 14:07:33.922865,2025-09-08 02:42:55.445086
INC01018,SRV010,2025-04-26,1223,98,89,4,Resolved,Finance,Hardware,2025-04-26 03:23:08.368595,2025-04-26 17:14:05.206259
INC01019,SRV005,2026-04-27,2357,58,183,4,Resolved,HR,Network,2026-04-27 05:39:08.080316,2026-04-27 19:50:16.787321
INC01020,SRV006,2026-06-26,2307,82,113,1,Resolved,HR,Hardware,2026-06-26 20:58:36.292869,2026-06-26 14:32:43.925712
INC01021,SRV004,2025-01-25,66,73,201,1,Resolved,Logistics,Change,2025-01-25 20:56:42.592859,2025-01-25 20:57:19.430973
INC01022,SRV008,2025-12-01,1212,90,50,4,Resolved,Finance,Network,2025-12-01 06:57:37.554244,2025-12-01 17:44:33.049447
INC01023,SRV004,2026-02-28,805,63,39,1,Active,Manufacturing,Software,2026-02-28 07:57:29.939274,2026-02-28 12:26:55.496281
INC01024,SRV002,2026-11-13,1375,99,132,4,Resolved,Logistics,Software,2026-11-13 02:32:25.46257,2026-11-13 14:21:56.939434
INC01025,SRV006,2025-01-04,924,90,152,4,Resolved,HR,Network,2025-01-04 17:01:09.608034,2025-01-04 04:34:12.218468
INC01026,SRV006,2026-12-13,1451,94,68,3,Resolved,Logistics,Hardware,2026-12-13 09:20:29.91566,2026-12-13 19:08:32.431743
INC01027,SRV002,2025-07-13,647,50,256,4,Active,Logistics,Software,2025-07-13 00:18:29.037561,2025-07-13 11:56:57.937703
INC01028,SRV010,2026-04-27,64,85,92,3,Resolved,Manufacturing,Software,2026-04-27 17:00:24.184791,2026-04-27 03:39:18.839876
INC01029,SRV006,2025-01-22,1055,58,163,1,Resolved,Sales,External,2025-01-22 18:07:57.346338,2025-01-22 04:40:42.120489
INC01030,SRV006,2026-05-14,2107,56,47,1,Resolved,HR,Network,2026-05-14 12:24:49.256203,2026-05-14 08:23:47.466061
INC01031,SRV001,2025-03-05,2278,80,134,1,Active,HR,Software,2025-03-05 10:28:31.092994,2025-03-05 14:23:17.740767
INC01032,SRV003,2025-12-25,858,88,21,3,Resolved,Logistics,Network,2025-12-25 01:30:07.063263,2025-12-25 11:54:54.426487
INC01033,SRV008,2025-02-05,984,54,141,3,Resolved,Sales,Hardware,2025-02-05 17:14:40.990866,2025-02-06 00:45:48.028745
INC01034,SRV006,2025-03-19,1152,52,192,3,Resolved,Sales,Software,2025-03-19 06:11:30.581388,2025-03-19 17:45:17.522968
INC01035,SRV006,2025-08-12,428,93,210,2,Resolved,HR,Hardware,2025-08-12 20:46:14.568424,2025-08-12 03:44:34.005155
INC01036,SRV010,2026-11-07,914,88,166,2,Active,Manufacturing,Hardware,2026-11-07 07:34:18.956822,2026-11-07 09:46:51.646276
INC01037,SRV007,2026-02-23,154,59,235,3,Resolved,Finance,Hardware,2026-02-23 00:22:12.223705,2026-02-23 15:04:16.882309
INC01038,SRV007,2025-04-09,1268,67,147,2,Resolved,HR,Software,2025-04-09 14:06:45.098331,2025-04-09 17:33:52.135256
INC01039,SRV002,2026-07-25,10,71,251,4,Resolved,Logistics,Network,2026-07-25 08:30:17.899213,2026-07-25 09:11:05.666033
INC01040,SRV004,2025-08-05,1337,97,28,4,Resolved,Sales,External,2025-08-05 17:46:48.055324,2025-08-05 14:54:00.464298
INC01041,SRV003,2026-08-20,1,74,16,4,Resolved,HR,External,2026-08-20 17:42:15.646785,2026-08-20 01:43:08.060243
INC01042,SRV010,2025-08-12,42,70,133,3,Resolved,Manufacturing,External,2025-08-12 05:09:56.127604,2025-08-12 13:58:26.777051
INC01043,SRV009,2025-12-02,845,69,198,1,Resolved,Finance,External,2025-12-02 10:36:11.58075,2025-12-02 18:48:12.727033
INC01044,SRV004,2026-05-24,1721,69,109,4,Resolved,HR,Software,2026-05-24 02:31:17.18976,2026-05-24 08:18:22.365411
INC01045,SRV003,2026-12-27,844,99,256,1,Resolved,Finance,Change,2026-12-27 05:59:27.321243,2026-12-28 02:45:27.884763
INC01046,SRV005,2025-12-10,1720,67,196,2,Resolved,Sales,Hardware,2025-12-10 05:57:35.483099,2025-12-10 05:57:08.101627
INC01047,SRV007,2026-03-27,2231,86,22,1,Resolved,Sales,Network,2026-03-27 06:06:57.629268,2026-03-27 05:54:44.668705
INC01048,SRV001,2026-04-14,2281,52,253,4,Active,Manufacturing,Hardware,2026-04-14 22:07:04.074095,2026-04-14 21:21:41.253549
INC01049,SRV005,2025-11-27,2043,51,295,4,Active,Sales,Software,2025-11-27 10:41:44.241726,2025-11-27 18:27:12.085594
INC01050,SRV007,2026-05-04,476,65,37,4,Resolved,HR,Software,2026-05-04 00:32:16.725704,2026-05-04 06:23:37.640729
INC01051,SRV007,2026-02-04,1351,83,206,2,Resolved,Manufacturing,Hardware,2026-02-04 00:34:36.868184,2026-02-04 08:49:43.792661
INC01052,SRV009,2026-04-14,1156,76,294,4,Resolved,Finance,External,2026-04-14 12:21:45.802173,2026-04-14 23:38:48.247066
INC01053,SRV002,2025-11-02,2084,64,198,3,Resolved,Sales,External,2025-11-02 20:14:19.677706,2025-11-02 17:42:19.08589
INC01054,SRV008,2026-04-08,896,60,211,4,Resolved,HR,External,2026-04-08 01:30:04.447975,2026-04-08 21:09:31.583317
INC01055,SRV010,2025-07-08,1621,55,80,1,Resolved,Finance,Software,2025-07-08 03:08:35.600646,2025-07-08 05:11:41.479876
INC01056,SRV007,2026-02-06,684,75,243,3,Resolved,Manufacturing,Hardware,2026-02-06 20:41:57.127426,2026-02-07 01:56:07.518901
INC01057,SRV004,2026-07-27,1889,51,89,1,Resolved,HR,Network,2026-07-27 15:54:29.535449,2026-07-27 06:13:44.558193
INC01058,SRV001,2025-03-26,327,93,153,4,Resolved,Sales,Network,2025-03-26 02:00:30.826085,2025-03-26 22:13:54.320587
INC01059,SRV010,2025-07-18,1938,66,263,2,Resolved,Logistics,External,2025-07-18 23:34:56.251985,2025-07-18 11:57:55.286682
INC01060,SRV007,2026-04-26,1801,96,94,3,Active,Finance,Network,2026-04-26 10:27:00.456983,2026-04-26 13:33:30.818337
INC01061,SRV006,2026-09-12,500,60,176,2,Resolved,Logistics,Change,2026-09-12 15:06:57.547264,2026-09-12 11:40:45.39439
INC01062,SRV001,2026-03-31,405,59,45,3,Resolved,HR,Change,2026-03-31 01:19:22.518505,2026-03-31 08:17:11.050976
INC01063,SRV007,2025-03-25,691,89,195,3,Resolved,Sales,Software,2025-03-25 11:53:16.309128,2025-03-26 02:05:54.322504
INC01064,SRV008,2026-10-21,495,78,47,2,Resolved,Sales,Network,2026-10-21 00:59:03.17519,2026-10-21 10:08:58.102923
INC01065,SRV010,2026-06-05,1917,99,25,4,Resolved,Finance,Software,2026-06-05 20:55:09.021413,2026-06-05 22:50:22.550191
INC01066,SRV009,2025-03-26,1642,86,65,1,Resolved,Finance,External,2025-03-26 00:55:16.988768,2025-03-26 21:39:01.399148
INC01067,SRV007,2026-06-15,456,88,254,2,Resolved,HR,Change,2026-06-15 10:52:05.034102,2026-06-15 19:16:08.986479
INC01068,SRV010,2026-12-12,519,56,56,1,Resolved,Manufacturing,Network,2026-12-12 05:28:45.048175,2026-12-12 19:07:50.310989
INC01069,SRV009,2026-06-10,1530,95,169,2,Resolved,HR,Hardware,2026-06-10 01:00:06.272106,2026-06-11 02:10:11.094551
INC01070,SRV010,2025-03-26,137,74,154,4,Resolved,HR,Software,2025-03-26 10:52:09.301707,2025-03-26 07:25:41.812783
INC01071,SRV005,2025-08-12,250,62,250,1,Resolved,Sales,Hardware,2025-08-12 03:22:03.10607,2025-08-12 15:29:20.393385
INC01072,SRV009,2026-09-08,180,56,38,1,Resolved,Logistics,External,2026-09-08 23:29:18.451904,2026-09-08 22:55:43.868659
INC01073,SRV006,2025-05-08,1419,62,44,1,Resolved,Manufacturing,Hardware,2025-05-08 15:27:00.341073,2025-05-08 18:29:50.279333
INC01074,SRV004,2025-07-14,1385,69,33,4,Resolved,HR,Change,2025-07-14 09:27:22.51724,2025-07-14 01:35:42.112438
INC01075,SRV006,2026-08-08,1652,93,176,3,Resolved,HR,Software,2026-08-08 09:32:05.392387,2026-08-08 12:30:06.640114
INC01076,SRV004,2025-12-28,2293,90,221,1,Resolved,Manufacturing,Network,2025-12-28 01:01:48.301026,2025-12-28 05:46:25.611001
INC01077,SRV003,2025-08-24,1716,92,39,2,Resolved,Logistics,Change,2025-08-24 07:32:02.231976,2025-08-24 23:38:39.876921
INC01078,SRV008,2026-07-21,1513,67,98,3,Resolved,Manufacturing,External,2026-07-21 14:00:33.964048,2026-07-21 23:52:28.952036
INC01079,SRV010,2026-05-28,2031,92,274,4,Resolved,Logistics,External,2026-05-28 21:21:30.467162,2026-05-28 07:00:04.253558
INC01080,SRV007,2025-05-19,2188,97,23,4,Resolved,Sales,Hardware,2025-05-19 19:26:01.10975,2025-05-19 13:25:18.62729
INC01081,SRV001,2025-03-28,703,94,100,2,Active,Sales,External,2025-03-28 01:04:43.751127,2025-03-28 02:05:07.795762
INC01082,SRV003,2025-09-09,1448,85,132,4,Resolved,HR,External,2025-09-09 01:16:10.485625,2025-09-09 18:16:03.998765
INC01083,SRV009,2026-09-19,1105,63,137,1,Active,Manufacturing,External,2026-09-19 21:38:58.712139,2026-09-19 23:18:13.365748
INC01084,SRV006,2025-05-08,434,84,81,1,Resolved,Finance,Change,2025-05-08 11:54:56.922091,2025-05-08 06:01:21.337082
INC01085,SRV002,2026-04-12,1931,92,220,1,Resolved,Sales,Hardware,2026-04-12 01:24:51.887754,2026-04-12 23:46:01.122637
INC01086,SRV002,2026-06-09,2001,78,174,4,Resolved,Finance,Network,2026-06-09 16:17:47.270967,2026-06-09 14:45:20.343914
INC01087,SRV004,2025-09-14,1691,74,130,3,Resolved,Manufacturing,Software,2025-09-14 19:57:09.421502,2025-09-15 01:11:48.020368
INC01088,SRV006,2025-09-08,811,86,240,4,Active,Logistics,External,2025-09-08 09:07:59.501512,2025-09-08 17:36:04.67936
INC01089,SRV005,2026-12-11,928,55,289,1,Resolved,Logistics,External,2026-12-11 06:58:23.477972,2026-12-11 17:02:38.679462
INC01090,SRV003,2026-08-05,2040,79,205,3,Resolved,Manufacturing,External,2026-08-05 08:43:09.076672,2026-08-05 16:23:47.824097
INC01091,SRV010,2026-01-22,990,73,280,4,Resolved,Logistics,Change,2026-01-22 03:59:26.969814,2026-01-22 08:01:45.414097
INC01092,SRV001,2025-11-04,1962,89,76,3,Resolved,HR,Hardware,2025-11-04 20:16:54.445287,2025-11-04 09:12:09.936692
INC01093,SRV003,2026-11-05,2112,81,181,1,Resolved,Finance,Network,2026-11-05 14:26:50.737365,2026-11-05 22:28:28.85613
INC01094,SRV009,2025-04-28,132,93,226,2,Resolved,Sales,Software,2025-04-28 22:01:02.6665,2025-04-28 09:32:04.346852
INC01095,SRV009,2025-02-07,1190,58,132,3,Resolved,Sales,Software,2025-02-07 21:29:08.307468,2025-02-07 05:37:52.774852
INC01096,SRV006,2026-01-26,1811,78,274,4,Resolved,Logistics,Hardware,2026-01-26 22:41:13.589678,2026-01-27 02:15:26.708976
INC01097,SRV005,2026-11-22,2145,89,209,1,Resolved,Sales,Network,2026-11-22 15:28:09.572025,2026-11-22 06:33:53.190599
INC01098,SRV006,2026-10-11,866,89,25,4,Active,HR,Hardware,2026-10-11 09:09:35.012404,2026-10-11 13:11:16.19771
INC01099,SRV010,2025-02-04,405,71,185,2,Resolved,Logistics,Software,2025-02-04 00:30:07.144133,2025-02-04 04:14:49.686643
INC01100,SRV009,2025-11-15,1194,78,71,2,Resolved,HR,Network,2025-11-15 13:23:05.515073,2025-11-15 21:05:10.455679
INC01101,SRV001,2025-09-03,1277,78,131,4,Resolved,Finance,Software,2025-09-03 22:24:28.99921,2025-09-03 16:39:02.649879
INC01102,SRV006,2026-06-03,1079,60,68,2,Resolved,Manufacturing,Hardware,2026-06-03 12:44:50.35889,2026-06-03 17:26:43.145581
INC01103,SRV007,2025-12-01,2025,53,211,4,Resolved,Logistics,External,2025-12-01 16:20:05.223163,2025-12-01 14:00:54.098905
INC01104,SRV003,2025-01-01,1404,95,122,2,Resolved,Sales,External,2025-01-01 15:43:01.184624,2025-01-01 08:20:14.696229
INC01105,SRV010,2026-04-18,509,79,154,4,Resolved,Finance,Hardware,2026-04-18 19:33:59.312006,2026-04-18 16:25:59.973324
INC01106,SRV007,2026-05-01,328,91,80,3,Resolved,Sales,Network,2026-05-01 18:50:30.959772,2026-05-01 22:21:21.603933
INC01107,SRV003,2025-04-30,1242,71,49,2,Resolved,HR,Software,2025-04-30 06:09:46.604374,2025-04-30 17:35:27.220038
INC01108,SRV005,2025-08-09,49,63,158,4,Resolved,Finance,Change,2025-08-09 22:44:48.681013,2025-08-10 00:40:08.338153
INC01109,SRV004,2026-12-05,2337,51,144,1,Resolved,Logistics,External,2026-12-05 04:56:29.01408,2026-12-05 23:45:53.627653
INC01110,SRV006,2026-10-13,395,87,100,4,Active,Manufacturing,Network,2026-10-13 07:11:36.159082,2026-10-13 10:40:27.124458
INC01111,SRV002,2025-09-29,2069,53,183,1,Resolved,Manufacturing,Network,2025-09-29 20:32:19.750116,2025-09-29 10:47:26.603966
INC01112,SRV001,2025-09-02,1818,68,274,2,Resolved,Sales,Hardware,2025-09-02 17:19:16.222219,2025-09-02 22:46:56.884976
INC01113,SRV005,2026-02-04,2141,81,202,1,Resolved,HR,Network,2026-02-04 02:08:43.476038,2026-02-04 15:20:17.392084
INC01114,SRV006,2026-08-08,18,52,22,2,Resolved,Finance,Software,2026-08-08 20:41:19.495118,2026-08-08 02:56:00.319358
INC01115,SRV010,2025-07-24,122,59,183,2,Active,Finance,Change,2025-07-24 03:38:27.793294,2025-07-24 13:23:34.520278
INC01116,SRV003,2026-12-18,800,58,27,2,Resolved,Sales,External,2026-12-18 06:08:02.014578,2026-12-19 00:21:42.195073
INC01117,SRV002,2025-08-05,2100,80,116,4,Resolved,Logistics,External,2025-08-05 18:43:41.185489,2025-08-05 12:30:06.918699
INC01118,SRV004,2026-05-15,417,66,241,3,Resolved,Manufacturing,External,2026-05-15 00:44:30.000288,2026-05-15 05:56:58.821593
INC01119,SRV009,2026-07-26,2273,66,105,3,Resolved,Finance,Software,2026-07-26 20:22:52.44232,2026-07-26 07:04:38.649199
INC01120,SRV008,2026-05-03,60,71,278,3,Resolved,Sales,Change,2026-05-03 22:43:01.889421,2026-05-03 23:44:15.954655
INC01121,SRV010,2026-05-10,2144,95,68,1,Resolved,Manufacturing,Change,2026-05-10 04:55:42.341417,2026-05-10 06:33:13.150387
INC01122,SRV001,2026-07-31,1576,64,221,1,Active,Sales,Change,2026-07-31 07:03:03.723471,2026-07-31 15:26:29.394519
INC01123,SRV004,2025-06-30,1428,78,142,1,Resolved,Logistics,Change,2025-06-30 20:59:39.305972,2025-06-30 02:52:15.135972
INC01124,SRV005,2025-12-02,172,94,264,2,Resolved,Finance,External,2025-12-02 00:27:28.746214,2025-12-02 05:40:38.924316
INC01125,SRV003,2025-05-10,1962,72,281,2,Resolved,Sales,Change,2025-05-10 18:34:06.850964,2025-05-10 21:47:15.221017
INC01126,SRV008,2026-01-01,1845,79,202,3,Resolved,Logistics,External,2026-01-01 04:32:57.978465,2026-01-02 03:02:07.992401
INC01127,SRV006,2026-11-07,1968,87,188,3,Resolved,Sales,External,2026-11-07 12:06:21.172656,2026-11-07 22:34:24.994273
INC01128,SRV007,2025-02-14,2342,50,218,4,Resolved,HR,Hardware,2025-02-14 05:10:07.273176,2025-02-14 05:44:37.838717
INC01129,SRV008,2026-01-17,60,78,253,2,Active,HR,Software,2026-01-17 11:06:05.240375,2026-01-17 12:26:42.345156
INC01130,SRV001,2025-08-18,48,93,29,2,Resolved,HR,Hardware,2025-08-18 10:30:26.110663,2025-08-18 01:58:00.774921
INC01131,SRV007,2026-09-25,1653,72,214,1,Active,HR,External,2026-09-25 09:27:15.045783,2026-09-25 05:57:03.154091
INC01132,SRV005,2026-06-12,769,73,182,2,Resolved,Sales,Software,2026-06-12 16:11:49.304901,2026-06-12 07:47:14.335915
INC01133,SRV001,2026-05-11,433,81,69,1,Active,HR,Change,2026-05-11 10:55:41.375463,2026-05-11 09:55:34.448449
INC01134,SRV004,2026-08-07,802,93,142,4,Resolved,Finance,Software,2026-08-07 09:40:21.573119,2026-08-08 01:27:15.612753
INC01135,SRV007,2026-09-01,2283,62,220,1,Resolved,Manufacturing,Network,2026-09-01 14:22:24.488637,2026-09-02 00:53:49.332423
INC01136,SRV002,2026-05-04,893,68,187,1,Resolved,Logistics,Change,2026-05-04 13:10:24.745729,2026-05-04 06:59:31.799165
INC01137,SRV002,2025-07-30,1494,60,40,4,Resolved,Manufacturing,Network,2025-07-30 16:33:44.058767,2025-07-30 04:10:32.634387
INC01138,SRV002,2026-06-25,436,53,238,3,Active,Finance,Change,2026-06-25 13:01:27.597704,2026-06-25 06:33:34.734135
INC01139,SRV007,2026-05-14,82,95,18,4,Active,Logistics,Software,2026-05-14 14:44:14.569301,2026-05-14 06:09:43.691278
INC01140,SRV003,2026-11-09,672,67,208,3,Resolved,Manufacturing,Change,2026-11-09 03:27:50.185697,2026-11-10 03:11:38.327491
INC01141,SRV005,2025-09-28,1261,82,163,1,Active,Sales,Hardware,2025-09-28 12:28:57.570817,2025-09-28 22:26:47.323271
INC01142,SRV001,2025-11-08,1146,80,207,3,Resolved,Sales,Network,2025-11-08 07:56:51.983401,2025-11-09 02:26:27.030159
INC01143,SRV002,2025-06-24,966,98,52,2,Resolved,HR,Hardware,2025-06-24 17:50:02.19973,2025-06-24 02:34:44.693176
INC01144,SRV005,2025-08-26,30,50,156,4,Active,Manufacturing,Software,2025-08-26 08:18:27.564806,2025-08-26 10:56:43.906388
INC01145,SRV010,2025-12-25,480,62,245,1,Active,Logistics,Hardware,2025-12-25 19:06:30.134087,2025-12-25 05:09:35.31392
INC01146,SRV005,2025-10-01,324,90,265,1,Resolved,Finance,Change,2025-10-01 16:54:41.93578,2025-10-01 04:46:39.323177
INC01147,SRV004,2025-02-27,2273,95,222,1,Resolved,Manufacturing,Network,2025-02-27 14:31:24.806985,2025-02-28 01:27:43.975083
INC01148,SRV009,2026-01-21,1691,80,87,2,Resolved,Finance,External,2026-01-21 14:07:03.222598,2026-01-21 09:17:40.845988
INC01149,SRV002,2025-09-22,335,59,203,4,Active,Logistics,External,2025-09-22 23:25:01.081415,2025-09-22 09:20:58.887526
INC01150,SRV005,2025-10-10,1881,78,30,2,Resolved,Manufacturing,Network,2025-10-10 17:22:32.828249,2025-10-10 18:23:40.74416
INC01151,SRV010,2026-06-12,1288,80,283,3,Resolved,Logistics,Hardware,2026-06-12 13:11:07.242915,2026-06-12 14:12:43.683629
INC01152,SRV005,2025-07-17,1910,76,45,2,Resolved,HR,Network,2025-07-17 07:48:13.808149,2025-07-17 08:20:56.564521
INC01153,SRV007,2026-10-29,1586,85,174,1,Resolved,Manufacturing,External,2026-10-29 16:58:41.76838,2026-10-29 04:57:23.769986
INC01154,SRV009,2026-09-23,782,70,162,1,Active,HR,Change,2026-09-23 13:46:55.398164,2026-09-23 04:39:56.662176
INC01155,SRV003,2025-08-07,2261,76,235,4,Resolved,Finance,Network,2025-08-07 22:35:32.824658,2025-08-07 20:56:59.217317
INC01156,SRV009,2025-09-25,328,83,116,2,Resolved,Finance,Hardware,2025-09-25 05:13:15.748746,2025-09-25 08:43:30.243367
INC01157,SRV009,2025-12-21,1352,71,158,3,Resolved,Sales,Software,2025-12-21 06:28:43.368816,2025-12-22 02:19:52.525325
INC01158,SRV002,2026-01-22,409,72,288,4,Resolved,Finance,External,2026-01-22 23:32:45.914036,2026-01-22 21:04:34.838056
INC01159,SRV009,2025-02-04,2080,65,124,4,Resolved,Logistics,Network,2025-02-04 15:48:43.146427,2025-02-05 01:44:24.870385
INC01160,SRV010,2026-04-29,1663,82,105,4,Resolved,Finance,External,2026-04-29 16:27:43.077474,2026-04-29 01:57:08.695553
INC01161,SRV008,2026-04-04,957,91,162,4,Resolved,Manufacturing,External,2026-04-04 03:22:07.854885,2026-04-04 05:08:39.531263
INC01162,SRV004,2025-04-27,1852,69,146,3,Resolved,HR,Network,2025-04-27 19:21:14.861898,2025-04-27 19:23:04.900499
INC01163,SRV007,2026-11-29,152,85,211,3,Resolved,Finance,External,2026-11-29 23:24:04.615831,2026-11-29 03:58:14.284433
INC01164,SRV007,2025-08-20,1499,99,92,1,Resolved,Sales,External,2025-08-20 03:10:45.494861,2025-08-20 10:48:43.103982
INC01165,SRV005,2025-09-22,1921,70,59,4,Resolved,Sales,Network,2025-09-22 14:29:05.840364,2025-09-22 14:06:18.724151
INC01166,SRV009,2025-05-18,796,59,228,4,Resolved,Sales,Software,2025-05-18 19:45:24.702683,2025-05-19 00:20:01.96569
INC01167,SRV002,2025-02-27,361,64,167,3,Resolved,Manufacturing,Software,2025-02-27 21:16:23.377496,2025-02-27 12:11:49.164681
INC01168,SRV003,2025-08-29,28,66,192,3,Active,HR,Change,2025-08-29 10:36:33.861084,2025-08-29 07:52:30.057567
INC01169,SRV003,2026-09-09,1268,70,276,2,Resolved,Logistics,Change,2026-09-09 20:36:21.964457,2026-09-09 21:42:17.623535
INC01170,SRV004,2026-06-10,545,63,299,1,Resolved,Finance,Hardware,2026-06-10 18:07:12.364102,2026-06-10 05:29:37.337027
INC01171,SRV010,2026-09-12,558,93,72,3,Resolved,Sales,Software,2026-09-12 14:59:51.948469,2026-09-12 19:46:56.000129
INC01172,SRV007,2025-03-04,229,52,275,4,Resolved,Manufacturing,Hardware,2025-03-04 03:29:43.248754,2025-03-04 19:27:17.437743
INC01173,SRV001,2025-03-04,1012,90,72,1,Resolved,HR,Network,2025-03-04 02:33:03.964326,2025-03-04 12:23:02.473448
INC01174,SRV009,2025-09-22,1136,60,226,4,Resolved,HR,Change,2025-09-22 22:18:31.179592,2025-09-22 20:32:20.381854
INC01175,SRV003,2025-03-31,478,86,288,2,Active,Logistics,Software,2025-03-31 17:23:13.584762,2025-03-31 20:28:30.282468
INC01176,SRV002,2026-01-17,360,75,115,4,Resolved,Finance,Software,2026-01-17 21:18:05.099146,2026-01-17 04:46:17.573717
INC01177,SRV010,2025-09-11,583,77,177,3,Active,Sales,External,2025-09-11 09:27:03.908357,2025-09-12 00:46:25.503001
INC01178,SRV005,2026-02-15,1672,77,126,4,Resolved,Sales,Network,2026-02-15 06:21:49.5903,2026-02-16 00:03:54.016965
INC01179,SRV010,2025-08-25,2259,52,120,3,Active,HR,Change,2025-08-25 14:46:48.895928,2025-08-25 06:14:16.491982
INC01180,SRV009,2026-10-22,271,50,241,1,Active,Finance,Change,2026-10-22 15:40:04.400758,2026-10-22 22:13:28.385245
INC01181,SRV008,2025-10-30,158,57,186,1,Resolved,Manufacturing,External,2025-10-30 01:26:00.091365,2025-10-31 02:50:40.186046
INC01182,SRV003,2025-10-27,1458,85,180,3,Resolved,Logistics,Software,2025-10-27 22:16:56.265048,2025-10-28 01:25:23.917974
INC01183,SRV004,2026-05-19,2285,57,21,1,Resolved,Logistics,Change,2026-05-19 11:46:42.965935,2026-05-19 05:35:27.891893
INC01184,SRV002,2026-11-26,1700,57,121,2,Resolved,Finance,Hardware,2026-11-26 13:47:53.677261,2026-11-26 23:17:49.276004
INC01185,SRV003,2026-03-28,2235,77,124,2,Resolved,Sales,Hardware,2026-03-28 02:35:30.61833,2026-03-28 20:59:35.286509
INC01186,SRV010,2026-08-12,1491,78,290,2,Resolved,Manufacturing,Software,2026-08-12 13:24:33.537664,2026-08-12 12:50:35.682757
INC01187,SRV001,2026-09-12,265,56,152,2,Resolved,Finance,External,2026-09-12 04:26:34.015549,2026-09-12 04:41:46.624862
INC01188,SRV003,2025-07-19,476,52,293,2,Resolved,Manufacturing,Hardware,2025-07-19 16:32:04.130697,2025-07-19 09:03:00.789063
INC01189,SRV007,2025-07-03,1865,53,87,4,Active,Logistics,Change,2025-07-03 01:44:14.266875,2025-07-03 22:34:12.295269
INC01190,SRV005,2026-01-27,877,73,152,4,Resolved,HR,Hardware,2026-01-27 04:14:45.91924,2026-01-27 05:16:47.79641
INC01191,SRV002,2025-02-07,1587,95,110,4,Resolved,Sales,Network,2025-02-07 02:05:00.058211,2025-02-07 07:01:50.802772
INC01192,SRV001,2025-10-08,1367,80,40,3,Resolved,Manufacturing,Software,2025-10-08 22:49:36.647961,2025-10-08 14:41:14.076755
INC01193,SRV004,2025-02-15,245,77,129,2,Resolved,HR,Network,2025-02-15 20:03:30.42798,2025-02-15 07:37:22.95228
INC01194,SRV005,2025-05-06,323,75,269,4,Active,Logistics,Network,2025-05-06 07:35:20.456923,2025-05-06 04:39:10.03389
INC01195,SRV003,2026-04-24,510,97,253,1,Resolved,Logistics,Network,2026-04-24 22:53:30.646128,2026-04-24 13:38:14.009453
INC01196,SRV004,2025-03-07,962,83,109,3,Resolved,Manufacturing,Hardware,2025-03-07 21:41:25.525975,2025-03-08 00:55:40.334912
INC01197,SRV005,2026-01-27,2261,59,201,1,Resolved,HR,Software,2026-01-27 15:05:29.618613,2026-01-27 03:39:16.600064
INC01198,SRV002,2025-11-19,974,56,267,2,Resolved,Sales,External,2025-11-19 15:08:40.931101,2025-11-19 13:42:53.235155
INC01199,SRV004,2026-12-18,1115,53,174,4,Resolved,Manufacturing,Hardware,2026-12-18 22:47:31.220354,2026-12-18 21:22:14.260978
INC01200,SRV009,2026-06-15,1856,56,125,1,Resolved,Finance,Network,2026-06-15 22:10:37.91102,2026-06-15 05:59:00.713042
INC01201,SRV010,2025-07-07,47,68,255,1,Resolved,Sales,External,2025-07-07 01:44:36.960493,2025-07-07 10:32:09.418986
INC01202,SRV002,2025-03-16,10,83,136,4,Resolved,Manufacturing,Change,2025-03-16 10:58:14.971784,2025-03-16 23:26:25.678066
INC01203,SRV001,2025-07-19,1733,84,170,4,Resolved,Sales,External,2025-07-19 18:18:54.017206,2025-07-19 18:51:11.301004
INC01204,SRV010,2026-02-23,1908,65,71,1,Resolved,Sales,External,2026-02-23 05:02:10.948844,2026-02-23 10:14:45.718603
INC01205,SRV009,2025-01-05,646,54,22,3,Resolved,Logistics,Hardware,2025-01-05 23:39:59.76655,2025-01-05 11:32:01.093169
INC01206,SRV002,2026-07-06,1259,52,296,2,Active,Finance,Network,2026-07-06 14:23:26.12105,2026-07-06 14:35:51.413895
INC01207,SRV009,2025-07-19,967,99,273,2,Resolved,Manufacturing,Software,2025-07-19 04:23:08.888837,2025-07-20 03:54:42.663183
INC01208,SRV005,2026-04-19,642,85,43,1,Resolved,Manufacturing,Change,2026-04-19 20:18:06.223423,2026-04-19 12:25:30.97438
INC01209,SRV008,2026-03-30,194,83,241,4,Active,Logistics,Software,2026-03-30 04:21:08.939458,2026-03-31 01:52:08.156577
INC01210,SRV008,2025-09-04,841,57,110,3,Resolved,HR,Software,2025-09-04 15:17:50.410225,2025-09-04 13:37:45.531435
INC01211,SRV008,2026-12-24,737,61,96,1,Resolved,Manufacturing,Software,2026-12-24 21:51:37.42122,2026-12-24 05:56:11.027719
INC01212,SRV004,2026-04-08,470,96,156,2,Resolved,HR,Change,2026-04-08 15:53:52.129388,2026-04-08 03:51:42.826615
INC01213,SRV002,2026-12-31,2348,91,288,1,Resolved,Manufacturing,Hardware,2026-12-31 02:38:12.802427,2026-12-31 06:03:43.907775
INC01214,SRV004,2026-12-08,251,89,72,4,Active,Logistics,External,2026-12-08 00:45:30.206054,2026-12-08 16:05:24.279604
INC01215,SRV005,2026-12-02,149,69,37,4,Resolved,Logistics,Software,2026-12-02 18:27:24.02963,2026-12-02 13:35:05.054089
INC01216,SRV005,2026-11-26,554,71,234,4,Resolved,Logistics,External,2026-11-26 11:20:13.518363,2026-11-26 20:00:14.818103
INC01217,SRV004,2026-08-30,1602,72,198,1,Resolved,Finance,Software,2026-08-30 03:42:41.562875,2026-08-31 01:35:38.832011
INC01218,SRV003,2026-10-23,180,90,205,3,Resolved,Sales,External,2026-10-23 08:22:18.271256,2026-10-23 16:19:24.144137
INC01219,SRV004,2026-10-28,301,82,285,2,Resolved,HR,Change,2026-10-28 21:39:41.739313,2026-10-28 19:15:26.859342
INC01220,SRV004,2026-11-01,546,56,102,3,Resolved,Sales,Change,2026-11-01 04:14:52.304331,2026-11-01 07:23:09.865051
INC01221,SRV009,2025-03-18,2201,67,74,4,Resolved,Finance,Network,2025-03-18 02:56:57.898702,2025-03-18 15:37:25.267214
INC01222,SRV009,2025-01-13,963,95,18,4,Resolved,Logistics,External,2025-01-13 23:46:24.237826,2025-01-13 02:47:08.522845
INC01223,SRV002,2026-11-29,1017,72,99,2,Active,Logistics,Change,2026-11-29 06:51:25.013876,2026-11-29 08:20:24.143697
INC01224,SRV004,2025-07-03,253,88,118,3,Resolved,HR,External,2025-07-03 13:05:53.854267,2025-07-03 09:51:25.585799
INC01225,SRV010,2025-07-09,1281,69,27,4,Resolved,HR,Hardware,2025-07-09 11:51:23.001142,2025-07-09 19:55:33.615719
INC01226,SRV005,2026-09-12,55,91,280,3,Active,HR,External,2026-09-12 16:10:59.755,2026-09-12 10:04:10.288881
INC01227,SRV002,2026-10-10,594,82,118,3,Resolved,Logistics,Change,2026-10-10 05:41:12.575045,2026-10-11 00:30:26.147881
INC01228,SRV010,2026-02-25,702,96,28,3,Resolved,Logistics,Network,2026-02-25 00:44:23.238002,2026-02-25 02:15:11.909304
INC01229,SRV004,2026-06-26,343,71,119,3,Resolved,Sales,Hardware,2026-06-26 06:10:59.803933,2026-06-26 21:28:10.096974
INC01230,SRV010,2026-01-19,1573,76,253,3,Resolved,Logistics,Software,2026-01-19 09:39:10.810198,2026-01-19 18:03:06.650684
INC01231,SRV002,2026-10-23,1288,72,36,2,Resolved,Finance,Change,2026-10-23 22:25:36.759196,2026-10-23 16:04:44.158317
INC01232,SRV001,2025-03-07,413,74,65,1,Resolved,Manufacturing,Software,2025-03-07 17:55:28.618791,2025-03-07 22:27:42.453891
INC01233,SRV008,2026-03-19,52,81,63,1,Resolved,Manufacturing,Network,2026-03-19 18:48:04.183933,2026-03-19 12:37:26.932088
INC01234,SRV005,2026-08-20,351,82,259,1,Resolved,HR,Software,2026-08-20 09:23:37.896159,2026-08-20 19:33:32.8642
INC01235,SRV002,2026-05-07,1935,88,292,4,Resolved,Sales,Hardware,2026-05-07 15:01:21.079729,2026-05-07 13:55:59.83879
INC01236,SRV004,2026-02-03,1348,92,110,1,Active,Manufacturing,Change,2026-02-03 11:26:15.231011,2026-02-04 00:49:30.279523
INC01237,SRV004,2025-03-19,2095,82,71,1,Resolved,Logistics,Hardware,2025-03-19 15:48:32.392971,2025-03-19 18:58:15.002709
INC01238,SRV001,2025-03-14,2099,69,232,2,Resolved,Manufacturing,External,2025-03-14 21:55:59.999726,2025-03-14 10:19:14.178672
INC01239,SRV001,2026-08-26,2243,80,230,3,Resolved,Finance,Hardware,2026-08-26 10:25:23.489896,2026-08-26 09:02:00.35578
INC01240,SRV010,2025-01-03,1147,66,71,4,Resolved,Logistics,Hardware,2025-01-03 00:23:24.475159,2025-01-03 10:20:26.965888
INC01241,SRV008,2026-01-03,153,68,230,1,Resolved,Logistics,Software,2026-01-03 13:01:50.182488,2026-01-03 18:08:37.542803
INC01242,SRV003,2025-10-12,849,90,219,4,Resolved,Finance,Network,2025-10-12 10:00:21.579627,2025-10-12 12:07:50.341478
INC01243,SRV008,2026-09-29,1767,79,52,2,Resolved,Logistics,External,2026-09-29 00:50:52.123825,2026-09-29 22:35:30.962171
INC01244,SRV009,2025-10-22,963,67,254,2,Resolved,Sales,Software,2025-10-22 22:14:14.956493,2025-10-23 00:32:16.594521
INC01245,SRV008,2025-08-25,82,84,185,1,Active,Finance,Software,2025-08-25 15:42:54.596144,2025-08-26 00:49:28.848951
INC01246,SRV007,2025-06-18,2066,92,63,1,Resolved,Finance,External,2025-06-18 07:05:33.988653,2025-06-18 20:55:25.510853
INC01247,SRV010,2026-07-30,962,89,240,4,Resolved,Manufacturing,Network,2026-07-30 03:33:37.807398,2026-07-30 12:47:39.053918
INC01248,SRV001,2025-07-05,554,75,85,1,Resolved,Finance,External,2025-07-05 03:33:41.83773,2025-07-05 22:29:03.252231
INC01249,SRV002,2026-06-25,614,92,249,1,Resolved,Manufacturing,Hardware,2026-06-25 01:03:19.277675,2026-06-26 03:39:16.903699
INC01250,SRV005,2026-10-28,2112,74,221,1,Resolved,Sales,External,2026-10-28 14:17:44.042816,2026-10-28 22:54:16.685675
INC01251,SRV009,2026-10-21,1255,95,174,3,Resolved,Logistics,Network,2026-10-21 06:55:41.251161,2026-10-21 15:16:08.537271
INC01252,SRV008,2026-09-14,1016,71,249,1,Resolved,Logistics,Network,2026-09-14 21:54:44.731313,2026-09-14 22:22:35.570908
INC01253,SRV005,2025-01-12,1807,81,208,4,Resolved,Sales,Software,2025-01-12 13:28:57.24692,2025-01-12 17:33:57.863459
INC01254,SRV007,2025-12-21,1668,58,147,4,Resolved,Sales,External,2025-12-21 20:17:35.352458,2025-12-21 17:13:08.758951
INC01255,SRV001,2026-04-23,1640,91,212,2,Resolved,HR,External,2026-04-23 08:18:01.114886,2026-04-23 09:59:43.150731
INC01256,SRV007,2025-02-15,1131,88,248,4,Resolved,Finance,Hardware,2025-02-15 15:59:02.386694,2025-02-15 18:45:55.384739
INC01257,SRV007,2025-11-01,888,96,44,2,Resolved,HR,Hardware,2025-11-01 05:27:17.084029,2025-11-01 07:10:06.817717
INC01258,SRV009,2025-04-25,1886,54,156,4,Resolved,Manufacturing,Network,2025-04-25 00:08:27.450584,2025-04-25 19:31:06.759304
INC01259,SRV009,2025-06-12,2045,69,109,4,Resolved,HR,Network,2025-06-12 09:02:47.461897,2025-06-12 10:56:07.67548
INC01260,SRV003,2025-02-11,1001,52,116,4,Active,HR,Software,2025-02-11 07:41:24.325862,2025-02-11 17:52:06.790573
INC01261,SRV002,2026-12-13,2053,88,115,1,Resolved,Logistics,Software,2026-12-13 00:31:14.416627,2026-12-13 23:50:45.093139
INC01262,SRV006,2025-11-27,1728,80,105,3,Resolved,Sales,External,2025-11-27 07:38:46.528637,2025-11-27 18:38:58.183159
INC01263,SRV006,2026-04-19,2011,86,29,1,Resolved,Logistics,Network,2026-04-19 14:46:12.276015,2026-04-19 11:11:13.691334
INC01264,SRV006,2026-06-02,918,53,219,4,Resolved,Manufacturing,Network,2026-06-02 12:36:35.393333,2026-06-02 12:22:56.854057
INC01265,SRV005,2026-11-19,1717,89,40,2,Active,Finance,Network,2026-11-19 16:56:38.763104,2026-11-19 05:08:02.783348
INC01266,SRV004,2026-08-10,777,76,197,3,Resolved,Finance,Hardware,2026-08-10 09:19:48.70918,2026-08-10 17:52:22.609425
INC01267,SRV008,2025-11-03,1134,89,159,1,Resolved,Finance,External,2025-11-03 07:11:13.500872,2025-11-03 09:48:14.366125
INC01268,SRV010,2026-11-26,96,64,274,4,Active,Manufacturing,Software,2026-11-26 10:56:33.251721,2026-11-26 05:43:22.873464
INC01269,SRV005,2026-06-21,203,67,245,1,Resolved,Finance,Hardware,2026-06-21 07:10:43.772741,2026-06-21 17:22:34.680768
INC01270,SRV008,2026-06-23,619,52,227,1,Resolved,Manufacturing,Software,2026-06-23 11:16:10.038324,2026-06-23 04:52:04.127928
INC01271,SRV003,2026-11-26,1069,72,225,2,Resolved,Finance,External,2026-11-26 04:38:25.391385,2026-11-26 06:18:42.111052
INC01272,SRV009,2026-09-26,748,83,61,2,Active,Finance,Software,2026-09-26 15:09:40.930513,2026-09-26 11:46:43.03134
INC01273,SRV002,2026-06-15,2151,67,227,1,Active,HR,Software,2026-06-15 13:18:11.446368,2026-06-15 09:16:28.849253
INC01274,SRV002,2026-03-09,2015,88,221,2,Resolved,Finance,Change,2026-03-09 01:46:47.70513,2026-03-09 20:11:51.877142
INC01275,SRV007,2025-08-24,831,99,178,3,Resolved,Sales,Change,2025-08-24 16:01:14.159793,2025-08-24 23:49:23.459104
INC01276,SRV004,2025-01-25,836,89,94,4,Resolved,HR,Network,2025-01-25 07:02:34.846338,2025-01-25 10:34:07.060879
INC01277,SRV010,2025-12-03,354,87,180,4,Resolved,Logistics,External,2025-12-03 04:02:06.152002,2025-12-03 08:47:33.759013
INC01278,SRV003,2025-02-06,611,60,60,1,Resolved,Logistics,Network,2025-02-06 13:56:21.775045,2025-02-06 13:44:21.949623
INC01279,SRV006,2025-02-13,909,64,216,2,Active,Sales,External,2025-02-13 13:20:25.640444,2025-02-13 12:08:42.372901
INC01280,SRV003,2026-05-04,1396,52,136,4,Resolved,Manufacturing,Change,2026-05-04 17:13:46.091147,2026-05-04 07:06:54.95258
INC01281,SRV006,2025-11-16,1871,99,241,3,Resolved,Finance,Hardware,2025-11-16 20:38:42.669395,2025-11-16 11:48:29.622075
INC01282,SRV006,2025-04-28,764,83,132,2,Resolved,Finance,Network,2025-04-28 08:13:48.108147,2025-04-28 07:20:33.961771
INC01283,SRV009,2025-10-02,2192,88,250,4,Resolved,Logistics,External,2025-10-02 04:54:07.106492,2025-10-02 13:14:14.141131
INC01284,SRV003,2026-09-29,648,84,277,4,Resolved,Sales,Software,2026-09-29 04:29:31.182225,2026-09-29 04:50:37.386549
INC01285,SRV010,2025-02-12,727,52,145,4,Resolved,Sales,Change,2025-02-12 12:32:29.068579,2025-02-12 07:09:43.536758
INC01286,SRV008,2025-08-14,347,58,230,3,Resolved,Sales,Network,2025-08-14 14:07:21.851082,2025-08-14 23:53:11.657759
INC01287,SRV001,2025-08-18,671,52,80,4,Resolved,Finance,Change,2025-08-18 19:49:06.111374,2025-08-18 03:38:37.762899
INC01288,SRV001,2025-01-06,793,83,176,4,Active,Manufacturing,Hardware,2025-01-06 18:14:18.729588,2025-01-06 14:31:38.966831
INC01289,SRV009,2026-02-18,1933,58,126,2,Resolved,HR,Hardware,2026-02-18 20:33:10.542144,2026-02-18 10:21:10.873151
INC01290,SRV010,2025-11-04,305,56,244,1,Resolved,Sales,Change,2025-11-04 05:12:26.592312,2025-11-04 18:47:28.249897
INC01291,SRV001,2026-11-03,1857,57,202,1,Resolved,Sales,Network,2026-11-03 03:10:57.51719,2026-11-03 20:27:07.351056
INC01292,SRV004,2026-11-12,2139,93,250,2,Active,Manufacturing,Change,2026-11-12 12:57:34.698866,2026-11-12 18:00:40.654755
INC01293,SRV001,2026-05-22,1727,84,266,2,Active,Manufacturing,Software,2026-05-22 22:35:06.202163,2026-05-22 18:30:08.305214
INC01294,SRV004,2026-10-20,928,60,136,2,Resolved,Manufacturing,Software,2026-10-20 00:18:41.669557,2026-10-20 04:28:37.567031
INC01295,SRV009,2025-09-05,373,64,155,1,Active,HR,Software,2025-09-05 00:39:04.50716,2025-09-05 22:50:01.057931
INC01296,SRV001,2025-08-08,528,90,76,2,Resolved,Sales,External,2025-08-08 18:35:35.432272,2025-08-08 12:03:52.406088
INC01297,SRV002,2026-12-03,1787,81,247,4,Resolved,Finance,Software,2026-12-03 06:18:50.583191,2026-12-04 01:49:07.356953
INC01298,SRV007,2025-05-01,123,54,101,4,Resolved,Sales,Network,2025-05-01 17:49:09.330336,2025-05-01 03:20:39.885673
INC01299,SRV001,2026-12-20,1614,51,183,2,Resolved,Finance,Hardware,2026-12-20 20:27:59.427491,2026-12-20 17:19:07.437286
INC01300,SRV006,2025-05-15,144,60,265,1,Resolved,Manufacturing,Hardware,2025-05-15 16:58:16.218784,2025-05-15 18:09:44.251419
INC01301,SRV007,2026-03-12,277,95,234,2,Resolved,Logistics,Network,2026-03-12 14:14:06.479562,2026-03-12 16:31:00.240467
INC01302,SRV001,2026-07-18,1754,70,114,4,Resolved,Finance,Change,2026-07-18 07:22:36.980402,2026-07-18 12:30:34.962186
INC01303,SRV004,2026-05-24,309,96,102,2,Resolved,Logistics,Hardware,2026-05-24 23:01:23.069028,2026-05-24 02:58:00.898066
INC01304,SRV009,2025-10-23,1700,85,37,1,Resolved,Logistics,External,2025-10-23 11:04:20.145329,2025-10-23 23:55:10.008258
INC01305,SRV010,2026-09-13,659,59,70,1,Resolved,Sales,External,2026-09-13 21:39:06.904649,2026-09-13 23:36:47.128594
INC01306,SRV003,2026-01-24,1813,97,206,4,Resolved,HR,Hardware,2026-01-24 20:26:48.494737,2026-01-24 17:25:31.511129
INC01307,SRV009,2026-02-06,654,54,195,1,Resolved,Manufacturing,Software,2026-02-06 23:49:44.208407,2026-02-07 00:24:41.816354
INC01308,SRV004,2026-04-03,765,73,91,1,Resolved,Manufacturing,External,2026-04-03 07:04:23.406472,2026-04-03 23:13:37.978058
INC01309,SRV006,2026-12-08,372,56,157,1,Resolved,Logistics,Hardware,2026-12-08 16:42:42.26523,2026-12-08 18:33:38.100844
INC01310,SRV001,2026-06-03,2252,75,59,3,Resolved,HR,External,2026-06-03 08:28:18.380802,2026-06-03 13:46:42.52381
INC01311,SRV010,2025-10-11,243,73,146,3,Resolved,Finance,External,2025-10-11 05:33:28.798795,2025-10-11 12:34:54.939281
INC01312,SRV001,2025-06-15,1840,88,298,2,Resolved,Finance,Network,2025-06-15 20:48:13.443278,2025-06-15 09:22:41.805199
INC01313,SRV010,2025-11-11,1298,67,211,3,Resolved,Logistics,Network,2025-11-11 21:09:36.472155,2025-11-11 07:13:00.498425
INC01314,SRV004,2025-05-01,2139,64,205,4,Resolved,Sales,Hardware,2025-05-01 07:05:13.580205,2025-05-01 21:20:21.026005
INC01315,SRV002,2025-02-20,1437,52,246,3,Resolved,Finance,Change,2025-02-20 23:48:11.086491,2025-02-20 14:26:15.669983
INC01316,SRV002,2025-11-27,2219,55,280,3,Resolved,HR,Change,2025-11-27 15:17:20.18263,2025-11-27 22:37:33.448253
INC01317,SRV010,2026-10-31,733,83,202,3,Active,HR,Change,2026-10-31 18:34:58.378529,2026-10-31 15:36:39.840052
INC01318,SRV010,2025-07-21,1074,79,32,1,Resolved,Logistics,Hardware,2025-07-21 10:16:13.857322,2025-07-21 08:17:39.091222
INC01319,SRV003,2025-07-11,591,58,171,4,Active,HR,Hardware,2025-07-11 18:16:24.17418,2025-07-11 05:48:38.295532
INC01320,SRV002,2026-03-29,1617,80,276,1,Resolved,Sales,Change,2026-03-29 04:50:13.792493,2026-03-29 16:27:18.248254
INC01321,SRV002,2026-10-09,2335,54,242,2,Active,Sales,External,2026-10-09 00:02:26.018154,2026-10-09 21:15:48.749602
INC01322,SRV001,2026-08-25,1293,58,96,4,Resolved,HR,Network,2026-08-25 22:37:11.529986,2026-08-25 11:57:43.942913
INC01323,SRV004,2025-11-11,1986,79,196,2,Resolved,Finance,Hardware,2025-11-11 07:27:23.48362,2025-11-11 19:52:21.829197
INC01324,SRV002,2025-05-18,2129,59,64,4,Resolved,Manufacturing,Change,2025-05-18 04:46:09.432347,2025-05-18 22:58:17.853197
INC01325,SRV009,2026-01-18,1566,53,46,1,Resolved,HR,Hardware,2026-01-18 19:34:45.217624,2026-01-18 12:48:19.30855
INC01326,SRV002,2025-07-02,354,89,220,3,Resolved,Manufacturing,Network,2025-07-02 20:36:23.562221,2025-07-02 22:01:08.757554
INC01327,SRV006,2026-06-17,891,71,163,2,Active,HR,External,2026-06-17 23:35:00.547042,2026-06-17 12:17:46.192555
INC01328,SRV010,2026-04-11,498,93,168,2,Resolved,Sales,Network,2026-04-11 11:43:13.396166,2026-04-11 06:51:46.401706
INC01329,SRV009,2026-08-09,1452,72,239,1,Resolved,Logistics,Change,2026-08-09 23:27:32.085805,2026-08-10 03:21:09.757196
INC01330,SRV005,2025-08-27,1389,91,116,3,Resolved,Sales,External,2025-08-27 16:29:35.084699,2025-08-27 05:44:07.843952
INC01331,SRV007,2025-12-08,2100,76,220,2,Resolved,Sales,External,2025-12-08 03:50:15.889402,2025-12-08 22:42:26.717505
INC01332,SRV001,2025-04-16,92,83,296,2,Resolved,HR,External,2025-04-16 18:34:33.081858,2025-04-16 16:11:18.268953
INC01333,SRV002,2026-10-14,565,73,65,2,Resolved,Manufacturing,External,2026-10-14 05:41:29.51998,2026-10-14 16:38:00.375594
INC01334,SRV002,2025-08-28,0,80,170,2,Active,Logistics,External,2025-08-28 20:03:01.308446,2025-08-28 17:25:06.235786
INC01335,SRV001,2026-09-21,2151,76,279,1,Resolved,Sales,Change,2026-09-21 12:17:10.27776,2026-09-22 01:14:00.172586
INC01336,SRV003,2026-04-07,1359,79,39,3,Active,HR,Change,2026-04-07 23:34:50.891534,2026-04-07 12:06:32.651479
INC01337,SRV006,2026-02-21,1186,65,103,4,Resolved,HR,Software,2026-02-21 12:15:55.185152,2026-02-21 05:39:45.35325
INC01338,SRV007,2026-10-26,524,69,44,4,Resolved,HR,Hardware,2026-10-26 16:22:06.929562,2026-10-26 05:30:58.141997
INC01339,SRV006,2026-09-30,837,72,126,1,Resolved,HR,External,2026-09-30 22:10:08.597171,2026-09-30 08:22:27.421832
INC01340,SRV010,2025-04-07,1335,60,115,1,Resolved,Manufacturing,Network,2025-04-07 14:42:54.579674,2025-04-07 09:00:47.827215
INC01341,SRV007,2025-07-06,39,79,121,1,Resolved,Manufacturing,Network,2025-07-06 06:16:38.048485,2025-07-06 17:35:53.138049
INC01342,SRV007,2026-08-20,723,70,100,4,Resolved,Manufacturing,External,2026-08-20 09:40:37.918274,2026-08-20 22:57:45.540405
INC01343,SRV003,2025-05-31,1524,56,65,3,Resolved,Finance,Change,2025-05-31 12:06:49.544414,2025-06-01 00:42:04.193372
INC01344,SRV004,2025-10-17,1570,71,220,1,Resolved,HR,Change,2025-10-17 10:41:26.620208,2025-10-18 02:18:12.582758
INC01345,SRV010,2026-04-03,1376,87,202,2,Resolved,Finance,Software,2026-04-03 02:59:58.12517,2026-04-03 16:58:27.537379
INC01346,SRV002,2026-11-04,375,85,101,1,Resolved,Logistics,Hardware,2026-11-04 02:51:29.823981,2026-11-04 02:23:28.019242
INC01347,SRV003,2025-07-21,610,88,297,4,Resolved,Sales,External,2025-07-21 12:13:34.330174,2025-07-22 04:01:43.012438
INC01348,SRV008,2025-11-22,865,99,231,4,Resolved,Manufacturing,Network,2025-11-22 06:42:24.614911,2025-11-22 06:24:50.328197
INC01349,SRV007,2026-05-06,274,72,204,1,Resolved,HR,Change,2026-05-06 22:25:43.184625,2026-05-06 08:03:47.066109
INC01350,SRV002,2025-04-18,322,79,202,3,Resolved,Finance,Software,2025-04-18 09:53:35.773636,2025-04-18 23:45:31.747217
INC01351,SRV006,2025-12-09,10,83,193,3,Resolved,Finance,Hardware,2025-12-09 22:59:39.367919,2025-12-09 04:52:42.206541
INC01352,SRV007,2025-01-09,574,58,243,3,Resolved,Logistics,Hardware,2025-01-09 14:29:37.322285,2025-01-09 10:36:34.000485
INC01353,SRV001,2026-09-13,2293,67,61,3,Resolved,HR,Software,2026-09-13 14:09:34.897375,2026-09-13 16:44:44.115909
INC01354,SRV007,2026-07-23,158,64,21,1,Resolved,Finance,Hardware,2026-07-23 15:07:27.630185,2026-07-23 12:28:04.969063
INC01355,SRV003,2025-05-05,523,73,115,2,Resolved,Logistics,External,2025-05-05 14:29:08.097879,2025-05-05 23:28:04.469728
INC01356,SRV005,2025-10-22,1223,60,253,1,Resolved,HR,Software,2025-10-22 09:34:51.325792,2025-10-23 02:15:59.437423
INC01357,SRV007,2025-12-04,490,67,283,1,Resolved,Finance,Change,2025-12-04 04:10:13.409126,2025-12-04 07:19:53.931352
INC01358,SRV009,2026-11-26,229,67,80,2,Resolved,Logistics,Software,2026-11-26 03:20:25.301719,2026-11-26 06:27:25.094336
INC01359,SRV010,2026-12-17,1118,70,135,3,Resolved,Manufacturing,Software,2026-12-17 05:47:18.719995,2026-12-17 04:03:01.481012
INC01360,SRV008,2026-03-03,1308,68,232,3,Resolved,Logistics,Hardware,2026-03-03 00:41:30.485014,2026-03-04 00:23:05.962074
INC01361,SRV003,2026-08-15,893,52,50,3,Resolved,Sales,Network,2026-08-15 15:34:48.35637,2026-08-15 14:19:36.042114
INC01362,SRV010,2025-12-29,1964,58,20,2,Resolved,Sales,Hardware,2025-12-29 02:36:56.936734,2025-12-29 08:16:20.424764
INC01363,SRV006,2025-05-28,814,76,170,4,Resolved,Manufacturing,Change,2025-05-28 18:17:43.849199,2025-05-28 13:09:08.365921
INC01364,SRV001,2026-06-13,1046,78,104,3,Resolved,Manufacturing,Network,2026-06-13 07:15:28.842085,2026-06-13 10:47:41.862629
INC01365,SRV008,2025-08-11,1583,81,252,4,Resolved,Finance,Network,2025-08-11 21:55:13.053511,2025-08-11 09:36:06.717084
INC01366,SRV008,2025-12-27,875,56,254,1,Resolved,Manufacturing,External,2025-12-27 05:24:08.284656,2025-12-27 09:21:49.108973
INC01367,SRV005,2025-06-16,1283,90,74,2,Resolved,HR,Change,2025-06-16 15:36:38.917748,2025-06-16 03:39:52.889535
INC01368,SRV006,2025-03-30,1668,83,124,1,Resolved,HR,Change,2025-03-30 08:15:50.604634,2025-03-30 15:54:23.311677
INC01369,SRV001,2026-06-27,1448,77,31,2,Resolved,Logistics,External,2026-06-27 21:46:35.680254,2026-06-27 16:14:05.985363
INC01370,SRV007,2026-04-29,681,89,268,1,Active,Sales,Network,2026-04-29 19:02:20.269906,2026-04-29 04:39:53.186174
INC01371,SRV005,2025-01-10,1231,71,123,4,Resolved,Sales,Hardware,2025-01-10 09:50:07.432575,2025-01-10 16:47:10.083112
INC01372,SRV005,2025-06-06,872,57,293,3,Resolved,Manufacturing,Network,2025-06-06 13:56:42.470064,2025-06-06 05:41:35.135492
INC01373,SRV010,2025-06-12,964,79,131,3,Active,Finance,Hardware,2025-06-12 00:37:31.869175,2025-06-12 15:39:32.118927
INC01374,SRV008,2025-05-25,367,96,267,1,Resolved,Finance,Network,2025-05-25 11:17:38.531388,2025-05-26 01:21:19.423312
INC01375,SRV005,2026-05-27,194,61,20,1,Active,HR,External,2026-05-27 21:22:48.639387,2026-05-27 06:30:29.601305
INC01376,SRV006,2026-08-08,267,70,266,1,Resolved,Sales,External,2026-08-08 11:33:47.952733,2026-08-08 23:05:32.556836
INC01377,SRV008,2025-07-27,1766,71,85,2,Resolved,Finance,External,2025-07-27 20:09:02.557131,2025-07-27 08:30:31.463102
INC01378,SRV007,2025-10-06,1364,61,188,2,Active,Sales,External,2025-10-06 02:24:49.006218,2025-10-06 23:17:43.765381
INC01379,SRV001,2026-12-28,1289,90,227,4,Active,Finance,External,2026-12-28 02:44:45.704422,2026-12-28 07:30:46.911922
INC01380,SRV010,2026-11-11,47,93,234,1,Resolved,Logistics,Change,2026-11-11 04:41:00.06348,2026-11-11 10:02:15.739116
INC01381,SRV004,2025-02-07,2203,68,53,4,Resolved,Logistics,External,2025-02-07 08:46:55.025925,2025-02-07 17:20:29.859273
INC01382,SRV002,2026-06-07,1753,79,172,1,Active,Logistics,Change,2026-06-07 10:52:49.041112,2026-06-07 16:17:35.93186
INC01383,SRV002,2026-03-22,306,54,71,4,Resolved,Logistics,Change,2026-03-22 14:25:46.364821,2026-03-22 11:52:48.983384
INC01384,SRV010,2025-08-04,621,80,199,3,Resolved,Sales,Network,2025-08-04 17:18:25.16959,2025-08-04 17:47:25.013084
INC01385,SRV007,2026-09-12,42,88,246,4,Resolved,Finance,Hardware,2026-09-12 13:19:42.749104,2026-09-12 19:52:10.312861
INC01386,SRV005,2026-11-22,35,57,18,4,Resolved,Logistics,Change,2026-11-22 00:30:53.841856,2026-11-22 06:07:31.910445
INC01387,SRV003,2025-03-31,2202,86,151,2,Resolved,Logistics,Hardware,2025-03-31 15:54:39.232749,2025-03-31 14:34:33.002289
INC01388,SRV004,2026-12-14,1269,60,137,3,Resolved,Finance,Software,2026-12-14 19:09:02.09043,2026-12-14 04:08:37.330763
INC01389,SRV003,2026-05-26,636,53,215,2,Resolved,Manufacturing,Hardware,2026-05-26 10:46:47.118246,2026-05-26 06:06:46.124114
INC01390,SRV007,2026-12-03,1402,57,212,2,Resolved,Logistics,External,2026-12-03 15:30:23.932987,2026-12-04 00:39:35.378311
INC01391,SRV003,2026-11-22,2259,83,266,1,Resolved,Logistics,Software,2026-11-22 22:22:53.008474,2026-11-22 18:04:39.416703
INC01392,SRV001,2026-04-26,635,84,225,1,Resolved,HR,External,2026-04-26 20:56:09.056532,2026-04-26 06:42:33.185453
INC01393,SRV007,2026-06-29,1997,56,281,2,Resolved,Manufacturing,Network,2026-06-29 10:23:40.711252,2026-06-30 03:55:53.654033
INC01394,SRV009,2025-06-30,2290,76,254,4,Resolved,HR,Change,2025-06-30 15:06:37.899246,2025-07-01 03:13:05.584041
INC01395,SRV001,2025-09-19,370,93,61,4,Active,Finance,External,2025-09-19 02:50:49.137391,2025-09-19 14:05:35.840368
INC01396,SRV010,2026-08-26,185,56,51,4,Active,Sales,Software,2026-08-26 23:41:44.310603,2026-08-26 10:11:05.007023
INC01397,SRV010,2025-01-01,246,62,124,2,Resolved,Sales,Hardware,2025-01-01 17:08:40.828139,2025-01-01 14:48:07.217178
INC01398,SRV002,2025-04-07,509,70,143,4,Resolved,Manufacturing,External,2025-04-07 22:37:43.870333,2025-04-07 03:20:34.225661
INC01399,SRV004,2026-04-04,554,56,36,1,Resolved,Finance,Network,2026-04-04 11:30:57.025558,2026-04-04 07:13:12.719612
INC01400,SRV004,2026-04-19,1207,60,104,3,Resolved,Sales,Change,2026-04-19 13:58:07.759803,2026-04-19 13:38:54.259931
INC01401,SRV002,2026-02-19,2016,53,133,4,Resolved,HR,Change,2026-02-19 23:08:52.488818,2026-02-20 02:04:51.525958
INC01402,SRV007,2026-09-16,879,94,40,2,Resolved,HR,Change,2026-09-16 17:46:51.348758,2026-09-16 14:45:11.145196
INC01403,SRV001,2026-09-07,1851,76,288,1,Resolved,Manufacturing,Change,2026-09-07 02:22:53.247126,2026-09-07 23:01:17.228501
INC01404,SRV010,2026-04-18,1607,64,32,4,Resolved,HR,External,2026-04-18 00:18:48.113632,2026-04-18 16:38:41.614519
INC01405,SRV001,2026-02-08,1937,62,171,1,Active,Sales,Network,2026-02-08 15:04:11.57826,2026-02-08 20:24:19.390153
INC01406,SRV008,2025-03-05,588,93,171,3,Resolved,Logistics,Network,2025-03-05 05:27:50.308888,2025-03-05 11:12:21.878183
INC01407,SRV008,2026-07-31,1672,52,174,4,Resolved,Finance,Software,2026-07-31 02:36:48.675019,2026-07-31 06:49:03.237445
INC01408,SRV010,2025-04-21,1686,99,164,3,Resolved,Finance,Change,2025-04-21 07:12:59.823937,2025-04-22 00:33:22.691474
INC01409,SRV008,2025-08-10,1261,63,267,3,Resolved,Sales,Change,2025-08-10 07:00:39.188007,2025-08-10 13:13:53.617243
INC01410,SRV004,2026-03-03,308,80,74,3,Resolved,Sales,Network,2026-03-03 16:24:24.618956,2026-03-03 19:21:36.407365
INC01411,SRV002,2026-05-14,902,69,48,4,Resolved,HR,Change,2026-05-14 03:19:38.751991,2026-05-14 23:22:27.89458
INC01412,SRV010,2025-12-31,560,80,168,3,Resolved,Logistics,Software,2025-12-31 21:31:04.091723,2025-12-31 21:01:48.41853
INC01413,SRV009,2026-01-23,1102,76,184,4,Resolved,Logistics,Hardware,2026-01-23 14:23:29.3675,2026-01-24 00:11:48.437809
INC01414,SRV005,2025-03-02,279,71,217,2,Resolved,Manufacturing,Network,2025-03-02 06:37:25.956519,2025-03-02 19:11:20.684865
INC01415,SRV005,2025-05-07,177,83,199,3,Resolved,HR,Change,2025-05-07 12:20:52.490954,2025-05-07 09:38:32.041826
INC01416,SRV001,2025-10-11,1382,94,184,4,Resolved,Finance,Software,2025-10-11 19:48:09.059105,2025-10-11 13:32:38.52902
INC01417,SRV007,2026-08-19,1116,70,68,3,Resolved,Finance,External,2026-08-19 10:17:23.772206,2026-08-19 02:29:50.443743
INC01418,SRV002,2026-01-25,339,50,265,1,Resolved,Logistics,External,2026-01-25 04:03:40.45747,2026-01-26 02:21:29.598441
INC01419,SRV001,2026-03-01,2049,76,184,2,Resolved,Finance,External,2026-03-01 12:13:21.428157,2026-03-01 17:11:10.870054
INC01420,SRV007,2025-02-26,1724,60,201,2,Resolved,Logistics,External,2025-02-26 09:37:25.858516,2025-02-26 16:08:29.675431
INC01421,SRV001,2025-08-20,259,53,228,3,Resolved,Logistics,Hardware,2025-08-20 23:30:06.010083,2025-08-20 23:22:43.13586
INC01422,SRV008,2025-09-20,716,54,233,2,Resolved,Manufacturing,Hardware,2025-09-20 16:46:32.917457,2025-09-21 00:48:29.852135
INC01423,SRV010,2025-08-20,2033,67,194,4,Resolved,Sales,Software,2025-08-20 11:51:30.714519,2025-08-20 17:16:07.568392
INC01424,SRV002,2026-01-04,2137,53,143,3,Resolved,HR,Network,2026-01-04 09:21:56.024165,2026-01-04 18:08:50.226232
INC01425,SRV001,2026-02-28,1726,84,271,3,Resolved,Sales,External,2026-02-28 14:15:52.41745,2026-02-28 13:52:40.206674
INC01426,SRV009,2026-01-05,1673,51,125,2,Active,Logistics,External,2026-01-05 20:16:09.333405,2026-01-05 12:11:55.915844
INC01427,SRV006,2025-03-24,1972,64,193,3,Active,Logistics,Change,2025-03-24 09:40:14.479024,2025-03-24 03:25:45.122117
INC01428,SRV009,2025-12-13,1314,61,66,1,Active,Sales,Hardware,2025-12-13 23:02:34.566086,2025-12-13 16:45:00.416417
INC01429,SRV001,2025-05-09,2103,55,243,1,Active,Manufacturing,Software,2025-05-09 13:37:07.331874,2025-05-09 05:21:30.038835
INC01430,SRV010,2025-02-28,823,98,272,1,Resolved,Manufacturing,External,2025-02-28 22:26:07.161077,2025-02-28 17:27:00.695234
INC01431,SRV007,2025-04-23,1424,51,44,4,Resolved,Manufacturing,Change,2025-04-23 04:21:35.241207,2025-04-23 00:57:50.712209
INC01432,SRV010,2026-07-08,2206,70,89,3,Resolved,Logistics,Software,2026-07-08 04:56:04.997855,2026-07-08 04:23:17.686802
INC01433,SRV005,2026-04-19,911,83,171,3,Active,Logistics,Network,2026-04-19 16:32:25.095199,2026-04-19 07:36:49.278703
INC01434,SRV001,2026-07-29,1829,73,30,2,Resolved,Finance,Network,2026-07-29 16:20:46.145093,2026-07-29 02:03:12.29701
INC01435,SRV004,2026-01-14,607,88,93,1,Resolved,HR,Software,2026-01-14 01:24:54.93403,2026-01-14 19:23:05.778935
INC01436,SRV001,2025-07-11,961,54,18,4,Resolved,Sales,Hardware,2025-07-11 02:41:52.569711,2025-07-11 20:24:17.077963
INC01437,SRV004,2025-02-21,335,56,27,4,Active,HR,Network,2025-02-21 13:55:50.678115,2025-02-21 08:57:19.764177
INC01438,SRV008,2026-04-16,270,73,127,2,Resolved,Finance,Network,2026-04-16 03:35:52.440034,2026-04-16 18:43:27.437537
INC01439,SRV007,2026-12-31,1397,97,206,3,Resolved,HR,Hardware,2026-12-31 20:34:53.034215,2026-12-31 09:23:02.284459
INC01440,SRV005,2025-03-17,419,90,72,2,Resolved,Logistics,Hardware,2025-03-17 05:32:31.753128,2025-03-17 18:59:06.886302
INC01441,SRV001,2025-08-01,1181,92,193,3,Resolved,Sales,Network,2025-08-01 08:44:52.434711,2025-08-01 23:41:17.36162
INC01442,SRV009,2025-07-14,1513,76,242,4,Resolved,Finance,Change,2025-07-14 07:41:49.101398,2025-07-14 23:32:12.152989
INC01443,SRV003,2026-03-13,1184,53,86,1,Resolved,Sales,Change,2026-03-13 15:22:03.329205,2026-03-13 19:10:05.910798
INC01444,SRV002,2025-11-20,2323,52,118,1,Active,Finance,Software,2025-11-20 15:32:27.984635,2025-11-20 15:57:08.349028
INC01445,SRV008,2025-03-24,2296,81,114,2,Resolved,Logistics,Software,2025-03-24 23:38:34.180774,2025-03-24 21:11:43.632743
INC01446,SRV002,2025-03-11,920,60,262,3,Resolved,Sales,External,2025-03-11 17:29:17.258109,2025-03-11 06:00:53.382106
INC01447,SRV005,2025-01-11,1269,60,124,3,Resolved,HR,Hardware,2025-01-11 00:15:12.928767,2025-01-11 16:29:38.657238
INC01448,SRV006,2026-11-30,1759,63,80,4,Active,Manufacturing,Software,2026-11-30 23:56:42.209053,2026-11-30 23:34:52.432111
INC01449,SRV008,2025-01-06,1518,92,204,3,Resolved,Sales,Change,2025-01-06 22:33:47.618703,2025-01-06 19:06:09.025276
INC01450,SRV008,2026-02-06,1851,51,145,4,Resolved,Manufacturing,Software,2026-02-06 21:37:11.035894,2026-02-06 08:46:13.116802
INC01451,SRV004,2026-02-11,1721,56,58,1,Active,Manufacturing,External,2026-02-11 10:12:54.621947,2026-02-11 13:17:06.4865
INC01452,SRV001,2025-07-21,1079,87,104,1,Resolved,Logistics,Change,2025-07-21 15:31:34.960737,2025-07-21 02:35:24.976252
INC01453,SRV001,2026-01-14,2143,71,253,2,Resolved,Finance,Software,2026-01-14 21:36:42.900249,2026-01-14 17:04:44.801376
INC01454,SRV003,2025-03-06,2309,78,23,1,Active,Finance,External,2025-03-06 16:02:46.819985,2025-03-06 00:28:46.964744
INC01455,SRV006,2025-02-13,90,58,16,2,Resolved,Manufacturing,External,2025-02-13 00:20:37.725437,2025-02-13 16:36:47.591047
INC01456,SRV002,2025-12-25,804,96,237,3,Resolved,Manufacturing,Network,2025-12-25 21:20:47.406929,2025-12-25 16:42:17.30028
INC01457,SRV001,2025-03-05,214,86,66,1,Resolved,Logistics,Hardware,2025-03-05 23:46:46.907773,2025-03-05 06:03:20.763606
INC01458,SRV008,2026-07-14,375,81,118,2,Resolved,Sales,Network,2026-07-14 02:58:35.03756,2026-07-14 04:37:19.353406
INC01459,SRV001,2026-09-19,4,64,37,3,Resolved,Sales,Hardware,2026-09-19 10:03:19.912533,2026-09-19 01:14:10.230072
INC01460,SRV002,2026-09-16,1463,57,231,4,Resolved,Sales,Network,2026-09-16 14:49:51.899274,2026-09-16 20:48:49.133493
INC01461,SRV010,2026-08-29,60,59,292,4,Resolved,Sales,External,2026-08-29 06:53:23.672573,2026-08-29 08:25:26.999701
INC01462,SRV003,2025-05-08,2075,52,260,1,Resolved,Logistics,Network,2025-05-08 18:19:50.650143,2025-05-08 21:13:11.205831
INC01463,SRV006,2026-09-08,395,65,82,1,Resolved,HR,Network,2026-09-08 19:04:37.276469,2026-09-08 05:21:18.63783
INC01464,SRV006,2025-01-07,2107,73,130,3,Active,Manufacturing,Network,2025-01-07 23:27:52.920051,2025-01-07 19:00:23.099299
INC01465,SRV008,2026-11-28,1525,74,180,1,Resolved,Manufacturing,Network,2026-11-28 22:54:48.553118,2026-11-29 00:27:32.22465
INC01466,SRV002,2026-02-08,335,72,230,2,Active,Logistics,Software,2026-02-08 09:53:46.030555,2026-02-08 11:25:27.187879
INC01467,SRV002,2025-02-08,1750,63,78,1,Resolved,Logistics,Change,2025-02-08 02:24:04.669123,2025-02-08 15:38:09.919829
INC01468,SRV004,2025-04-11,579,82,162,3,Active,Logistics,Change,2025-04-11 05:12:24.147511,2025-04-11 08:41:30.726202
INC01469,SRV002,2026-03-22,157,80,17,4,Resolved,Logistics,Network,2026-03-22 14:49:01.581053,2026-03-22 09:18:08.388907
INC01470,SRV008,2026-05-09,1283,92,151,3,Resolved,Logistics,Network,2026-05-09 00:07:58.438726,2026-05-09 15:51:37.119926
INC01471,SRV004,2025-01-22,416,78,21,3,Resolved,Sales,Change,2025-01-22 19:55:29.029112,2025-01-22 03:33:49.733694
INC01472,SRV002,2025-04-05,2174,73,42,4,Resolved,HR,External,2025-04-05 03:06:52.962667,2025-04-05 13:59:08.430124
INC01473,SRV009,2025-09-04,1294,58,246,3,Resolved,HR,Network,2025-09-04 16:31:33.350093,2025-09-04 15:43:33.254748
INC01474,SRV005,2026-05-25,2325,60,218,4,Resolved,Logistics,Network,2026-05-25 08:46:32.808325,2026-05-25 11:07:53.651913
INC01475,SRV007,2026-12-18,1438,78,95,3,Resolved,Finance,Software,2026-12-18 16:18:03.665925,2026-12-18 04:55:15.172946
INC01476,SRV009,2026-05-18,1128,94,240,2,Resolved,Logistics,Change,2026-05-18 03:22:59.975173,2026-05-19 03:49:31.606567
INC01477,SRV009,2026-04-09,349,84,15,1,Resolved,HR,External,2026-04-09 23:49:42.744298,2026-04-09 11:03:26.352052
INC01478,SRV008,2025-10-08,1836,54,260,1,Resolved,Sales,External,2025-10-08 10:25:39.835989,2025-10-08 11:53:57.412728
INC01479,SRV008,2026-06-24,1205,54,25,1,Resolved,Logistics,Software,2026-06-24 11:23:31.097855,2026-06-24 23:00:04.115326
INC01480,SRV009,2026-06-11,272,54,211,4,Resolved,Sales,Hardware,2026-06-11 11:18:47.232693,2026-06-11 09:41:47.090362
INC01481,SRV010,2026-05-25,1510,84,59,2,Resolved,Finance,Hardware,2026-05-25 10:35:59.592827,2026-05-25 23:37:23.709991
INC01482,SRV008,2026-05-22,353,74,15,4,Resolved,Manufacturing,Change,2026-05-22 05:35:50.114734,2026-05-22 11:22:23.449587
INC01483,SRV008,2025-06-27,21,69,69,2,Resolved,HR,Software,2025-06-27 22:01:09.844618,2025-06-27 04:33:52.232199
INC01484,SRV009,2025-12-20,1026,75,165,4,Resolved,HR,Network,2025-12-20 19:43:54.919035,2025-12-20 16:27:57.317225
INC01485,SRV009,2025-06-19,2270,86,30,3,Resolved,Finance,Hardware,2025-06-19 08:41:40.862372,2025-06-19 06:17:21.795159
INC01486,SRV003,2025-07-27,860,92,79,3,Resolved,Finance,External,2025-07-27 14:38:32.24154,2025-07-27 18:21:38.610863
INC01487,SRV010,2025-02-13,138,93,277,1,Resolved,Sales,Hardware,2025-02-13 14:45:18.202642,2025-02-13 20:05:54.838325
INC01488,SRV009,2025-11-21,1442,69,141,3,Resolved,Sales,External,2025-11-21 19:49:14.680823,2025-11-21 14:40:24.647683
INC01489,SRV002,2026-12-16,1201,69,109,1,Resolved,HR,Hardware,2026-12-16 01:25:24.880114,2026-12-16 11:08:46.811304
INC01490,SRV004,2026-08-15,2209,94,96,1,Active,Logistics,External,2026-08-15 14:13:51.907045,2026-08-15 21:13:22.729022
INC01491,SRV004,2025-02-12,2163,52,282,1,Resolved,Sales,Network,2025-02-12 06:02:54.853375,2025-02-12 22:01:27.986147
INC01492,SRV003,2026-08-15,1363,64,174,2,Resolved,Finance,External,2026-08-15 06:11:01.674327,2026-08-15 18:15:24.684381
INC01493,SRV004,2026-09-26,1859,62,17,2,Resolved,Logistics,External,2026-09-26 16:57:44.063635,2026-09-26 05:29:01.996128
INC01494,SRV006,2025-10-20,924,60,257,2,Resolved,Sales,Hardware,2025-10-20 21:02:24.356488,2025-10-20 21:10:53.646327
INC01495,SRV008,2026-08-04,1064,51,82,3,Resolved,HR,Hardware,2026-08-04 04:58:07.049232,2026-08-04 03:49:58.14014
INC01496,SRV001,2025-04-18,2094,61,146,3,Active,Finance,Change,2025-04-18 05:36:45.298566,2025-04-18 15:50:44.254686
INC01497,SRV001,2026-02-23,641,75,75,1,Active,Sales,Change,2026-02-23 03:20:04.634042,2026-02-23 12:04:37.341178
INC01498,SRV004,2025-12-21,1658,77,221,4,Resolved,HR,Change,2025-12-21 00:56:26.1954,2025-12-21 23:24:56.606602
INC01499,SRV005,2025-04-12,1464,79,258,4,Resolved,HR,Change,2025-04-12 18:36:08.800596,2025-04-12 15:34:15.104484
INC01500,SRV001,2026-10-05,1963,59,188,2,Resolved,Sales,Change,2026-10-05 15:35:37.351761,2026-10-05 21:21:11.699634
