alert_id,service_id,date_id,time_id,incident_id,alert_severity
ALT000001,SRV007,2026-04-19,1669,INC00536,Critical
ALT000002,SRV003,2026-10-01,558,INC00527,Low
ALT000003,SRV003,2025-06-28,153,INC00314,Medium
ALT000004,SRV003,2025-11-04,1936,INC01195,Critical
ALT000005,SRV002,2026-08-24,2057,INC01436,Low
ALT000006,SRV005,2026-04-15,1829,INC00227,Critical
ALT000007,SRV010,2026-11-18,1964,INC00538,Medium
ALT000008,SRV003,2025-05-17,1789,INC00161,Medium
ALT000009,SRV008,2025-05-29,2238,INC00995,Critical
ALT000010,SRV006,2026-11-09,783,INC00225,Medium
ALT000011,SRV004,2026-06-19,1924,INC00072,Medium
ALT000012,SRV002,2025-01-13,1711,INC01288,Low
ALT000013,SRV007,2025-05-18,952,INC00900,Low
ALT000014,SRV008,2026-06-10,412,INC00285,Low
ALT000015,SRV008,2026-12-20,171,INC00483,Medium
ALT000016,SRV002,2026-02-12,147,INC00261,High
ALT000017,SRV003,2026-07-27,492,INC00381,Critical
ALT000018,SRV004,2026-12-24,279,INC01224,High
ALT000019,SRV008,2026-10-29,341,INC00828,Critical
ALT000020,SRV001,2026-10-19,157,INC01013,Critical
ALT000021,SRV005,2026-12-05,1453,INC00060,Medium
ALT000022,SRV008,2026-03-05,89,INC01450,Critical
ALT000023,SRV010,2026-12-18,893,INC00463,High
ALT000024,SRV007,2025-03-12,560,INC01004,High
ALT000025,SRV008,2025-02-27,1642,INC01269,Low
ALT000026,SRV010,2025-04-16,1101,INC01294,Medium
ALT000027,SRV005,2025-12-25,337,INC00252,High
ALT000028,SRV003,2026-04-06,155,INC00529,Low
ALT000029,SRV009,2025-09-05,2003,INC01269,Medium
ALT000030,SRV007,2026-05-28,1806,INC00848,High
ALT000031,SRV002,2026-07-19,1317,INC01276,Low
ALT000032,SRV006,2026-06-15,1443,INC00762,Critical
ALT000033,SRV001,2026-03-24,1160,INC00030,Low
ALT000034,SRV008,2026-05-24,2148,INC01485,High
ALT000035,SRV006,2026-02-15,460,INC00779,Critical
ALT000036,SRV002,2025-03-07,531,INC01008,Low
ALT000037,SRV005,2025-11-29,940,INC01171,High
ALT000038,SRV009,2025-07-18,773,INC00865,High
ALT000039,SRV001,2025-05-01,950,INC01369,Medium
ALT000040,SRV004,2026-09-04,1068,INC00004,Low
ALT000041,SRV004,2026-07-22,958,INC00642,Medium
ALT000042,SRV005,2025-07-14,1317,INC01361,Medium
ALT000043,SRV007,2026-01-07,1614,INC01242,Medium
ALT000044,SRV009,2025-03-06,929,INC01030,High
ALT000045,SRV002,2026-03-01,1910,INC01487,High
ALT000046,SRV005,2025-05-01,2272,INC01026,Critical
ALT000047,SRV005,2025-12-24,622,INC00825,High
ALT000048,SRV006,2026-12-31,1125,INC01290,High
ALT000049,SRV002,2025-07-04,776,INC00393,High
ALT000050,SRV003,2026-04-01,625,INC00469,Critical
ALT000051,SRV001,2025-05-08,637,INC00163,Critical
ALT000052,SRV004,2026-10-24,1338,INC00334,Low
ALT000053,SRV010,2025-02-02,2174,INC00963,High
ALT000054,SRV006,2025-06-10,1786,INC00012,High
ALT000055,SRV009,2026-04-06,1581,INC00613,Critical
ALT000056,SRV003,2025-01-18,1923,INC00976,Critical
ALT000057,SRV001,2026-03-24,461,INC00889,Low
ALT000058,SRV009,2026-04-17,296,INC01193,Critical
ALT000059,SRV005,2026-02-01,2246,INC00434,Low
ALT000060,SRV005,2025-08-20,1054,INC00120,Critical
ALT000061,SRV008,2026-07-03,512,INC00284,Low
ALT000062,SRV007,2025-06-15,2244,INC01291,Low
ALT000063,SRV004,2025-03-01,173,INC00750,Medium
ALT000064,SRV006,2025-02-27,1609,INC01325,Critical
ALT000065,SRV004,2026-10-17,6,INC01250,High
ALT000066,SRV007,2025-11-21,925,INC00348,Low
ALT000067,SRV001,2026-07-17,1716,INC01455,Critical
ALT000068,SRV005,2026-03-27,1061,INC01231,Critical
ALT000069,SRV007,2026-06-19,257,INC00085,Low
ALT000070,SRV003,2026-08-15,543,INC01498,Medium
ALT000071,SRV008,2025-07-11,1239,INC00251,Medium
ALT000072,SRV002,2025-12-27,1760,INC00116,Medium
ALT000073,SRV009,2025-09-24,1836,INC01083,High
ALT000074,SRV009,2026-11-07,1312,INC01322,High
ALT000075,SRV008,2026-12-03,242,INC01216,Medium
ALT000076,SRV010,2025-10-27,594,INC00403,Medium
ALT000077,SRV001,2025-12-31,1155,INC01101,Medium
ALT000078,SRV007,2026-06-05,595,INC01254,Low
ALT000079,SRV010,2026-08-08,1378,INC01322,Low
ALT000080,SRV005,2026-11-01,221,INC01114,High
ALT000081,SRV004,2026-06-13,185,INC00202,Low
ALT000082,SRV010,2025-04-25,2088,INC00408,Medium
ALT000083,SRV001,2025-01-25,1299,INC00379,Critical
ALT000084,SRV006,2026-09-25,184,INC00297,Critical
ALT000085,SRV008,2025-07-06,151,INC00548,Low
ALT000086,SRV001,2026-02-03,2340,INC00032,High
ALT000087,SRV001,2025-01-14,188,INC00147,High
ALT000088,SRV001,2026-01-29,367,INC00206,Medium
ALT000089,SRV007,2025-05-18,2161,INC00946,Critical
ALT000090,SRV010,2025-08-25,721,INC01241,Medium
ALT000091,SRV004,2026-04-12,738,INC01346,Medium
ALT000092,SRV006,2026-07-04,1737,INC00096,Low
ALT000093,SRV001,2025-06-05,1847,INC01065,Medium
ALT000094,SRV003,2026-09-18,360,INC01047,Medium
ALT000095,SRV008,2025-02-07,1120,INC00938,Medium
ALT000096,SRV005,2025-01-06,966,INC00094,Low
ALT000097,SRV007,2026-12-03,1088,INC00042,High
ALT000098,SRV001,2026-12-15,1995,INC00193,Low
ALT000099,SRV009,2026-03-26,1652,INC00446,High
ALT000100,SRV005,2026-09-20,2167,INC00237,Critical
ALT000101,SRV009,2025-03-14,589,INC00008,Low
ALT000102,SRV004,2026-12-12,1599,INC00750,High
ALT000103,SRV008,2026-09-25,197,INC00131,High
ALT000104,SRV008,2025-04-08,1930,INC00487,Medium
ALT000105,SRV001,2025-10-05,825,INC01360,Critical
ALT000106,SRV006,2025-04-09,462,INC00888,Medium
ALT000107,SRV004,2025-07-13,1855,INC01498,Medium
ALT000108,SRV008,2025-02-19,705,INC00679,Medium
ALT000109,SRV008,2025-11-11,1849,INC01366,Low
ALT000110,SRV004,2025-05-02,393,INC00138,High
ALT000111,SRV008,2026-07-26,541,INC01408,Medium
ALT000112,SRV010,2025-08-02,2277,INC00503,High
ALT000113,SRV007,2026-10-06,468,INC00969,Medium
ALT000114,SRV001,2026-03-27,2137,INC01142,Low
ALT000115,SRV009,2025-11-18,1757,INC00677,Critical
ALT000116,SRV010,2025-10-23,374,INC00766,High
ALT000117,SRV008,2025-05-23,1342,INC01310,High
ALT000118,SRV003,2026-08-19,99,INC01406,Low
ALT000119,SRV005,2026-01-25,1850,INC00357,Critical
ALT000120,SRV008,2026-05-09,429,INC00765,Medium
ALT000121,SRV006,2026-10-06,1689,INC01087,Medium
ALT000122,SRV001,2025-09-19,1885,INC00412,Critical
ALT000123,SRV008,2026-02-02,2001,INC01367,Critical
ALT000124,SRV004,2025-03-31,320,INC01457,Medium
ALT000125,SRV003,2025-06-28,256,INC00642,Medium
ALT000126,SRV007,2026-06-18,952,INC00324,High
ALT000127,SRV008,2026-07-16,1337,INC00575,Medium
ALT000128,SRV006,2026-04-03,1673,INC01210,High
ALT000129,SRV001,2026-10-26,485,INC00006,Medium
ALT000130,SRV007,2025-11-02,194,INC00923,High
ALT000131,SRV007,2025-07-29,91,INC01231,Low
ALT000132,SRV001,2025-04-07,1786,INC00355,Critical
ALT000133,SRV005,2025-07-22,1876,INC00786,Critical
ALT000134,SRV006,2025-01-21,266,INC01066,High
ALT000135,SRV003,2026-05-12,16,INC00015,Critical
ALT000136,SRV001,2026-01-09,812,INC00211,Critical
ALT000137,SRV008,2025-01-19,2201,INC00889,High
ALT000138,SRV004,2026-02-20,2046,INC01416,Critical
ALT000139,SRV004,2026-07-23,292,INC01324,High
ALT000140,SRV004,2026-05-03,2287,INC01036,Medium
ALT000141,SRV002,2025-01-19,2189,INC01450,Medium
ALT000142,SRV002,2026-09-23,340,INC00221,Low
ALT000143,SRV002,2025-07-04,142,INC00790,High
ALT000144,SRV004,2026-10-29,593,INC00578,Medium
ALT000145,SRV010,2026-09-20,142,INC00749,Critical
ALT000146,SRV008,2026-05-12,1361,INC01172,Medium
ALT000147,SRV001,2026-09-28,323,INC00032,Critical
ALT000148,SRV009,2026-08-03,302,INC00264,Low
ALT000149,SRV009,2026-10-13,1825,INC01386,Low
ALT000150,SRV004,2025-05-20,1215,INC01176,High
ALT000151,SRV010,2026-07-26,1428,INC00133,Medium
ALT000152,SRV001,2025-10-31,644,INC00709,Medium
ALT000153,SRV004,2025-02-19,875,INC00972,Low
ALT000154,SRV003,2025-05-15,755,INC00997,Critical
ALT000155,SRV002,2026-05-10,725,INC01131,High
ALT000156,SRV008,2026-08-21,1239,INC00144,Medium
ALT000157,SRV007,2026-06-30,2308,INC01011,Medium
ALT000158,SRV008,2026-05-11,1710,INC01040,Critical
ALT000159,SRV010,2026-07-06,2147,INC00166,Critical
ALT000160,SRV006,2026-08-27,1618,INC01122,Critical
ALT000161,SRV001,2025-03-23,1850,INC00110,Low
ALT000162,SRV007,2026-04-19,775,INC00071,Critical
ALT000163,SRV005,2026-10-14,2185,INC00793,Critical
ALT000164,SRV007,2026-05-19,854,INC01176,Medium
ALT000165,SRV003,2025-07-06,1992,INC00049,Low
ALT000166,SRV002,2026-06-06,186,INC01166,Low
ALT000167,SRV007,2026-01-08,1444,INC00416,High
ALT000168,SRV002,2025-06-28,1133,INC00350,Low
ALT000169,SRV004,2026-09-08,903,INC00966,Critical
ALT000170,SRV007,2025-12-09,1143,INC01197,Low
ALT000171,SRV009,2025-11-29,1207,INC01040,Low
ALT000172,SRV004,2025-04-22,378,INC00360,Medium
ALT000173,SRV009,2025-12-25,2269,INC01068,Critical
ALT000174,SRV002,2025-04-27,119,INC00216,Low
ALT000175,SRV001,2025-09-05,1790,INC00366,Low
ALT000176,SRV010,2025-01-05,930,INC00746,High
ALT000177,SRV007,2025-03-02,531,INC00753,Medium
ALT000178,SRV010,2025-06-17,1350,INC00176,Critical
ALT000179,SRV003,2026-11-13,720,INC01018,High
ALT000180,SRV007,2025-07-17,656,INC00310,Medium
ALT000181,SRV001,2025-03-10,358,INC00206,Medium
ALT000182,SRV009,2025-01-13,167,INC00151,Low
ALT000183,SRV006,2025-05-27,640,INC01005,High
ALT000184,SRV005,2025-10-24,628,INC00001,Critical
ALT000185,SRV001,2026-04-06,1687,INC00016,Critical
ALT000186,SRV001,2026-08-02,1247,INC01496,High
ALT000187,SRV007,2025-08-14,1411,INC00511,Medium
ALT000188,SRV007,2026-09-22,1836,INC01176,Medium
ALT000189,SRV010,2025-01-06,1316,INC00884,Low
ALT000190,SRV008,2026-07-26,356,INC00513,Low
ALT000191,SRV005,2026-02-11,69,INC01421,Low
ALT000192,SRV010,2025-02-21,2116,INC00795,Critical
ALT000193,SRV010,2025-10-05,1849,INC01374,Low
ALT000194,SRV001,2026-10-29,1099,INC00467,High
ALT000195,SRV003,2025-03-07,328,INC01226,Medium
ALT000196,SRV006,2026-03-13,14,INC00954,Low
ALT000197,SRV007,2026-03-19,758,INC00655,Low
ALT000198,SRV003,2026-11-13,60,INC01308,High
ALT000199,SRV002,2025-08-05,487,INC00828,Low
ALT000200,SRV002,2026-04-17,1384,INC00531,Critical
ALT000201,SRV006,2025-09-23,429,INC00764,High
ALT000202,SRV001,2025-11-17,1984,INC00222,Low
ALT000203,SRV006,2026-06-20,357,INC00540,High
ALT000204,SRV007,2026-08-31,1713,INC01141,High
ALT000205,SRV006,2025-10-08,1595,INC01041,Low
ALT000206,SRV010,2025-02-01,590,INC00395,Low
ALT000207,SRV007,2025-10-08,562,INC01009,High
ALT000208,SRV006,2025-06-25,1901,INC00874,High
ALT000209,SRV004,2026-01-10,1543,INC01078,Critical
ALT000210,SRV001,2026-03-15,1584,INC00967,Critical
ALT000211,SRV002,2026-03-17,1224,INC01160,High
ALT000212,SRV010,2026-01-07,401,INC01045,Low
ALT000213,SRV010,2026-08-30,895,INC00725,Medium
ALT000214,SRV003,2025-02-09,923,INC00176,High
ALT000215,SRV002,2025-12-01,2183,INC00244,Medium
ALT000216,SRV007,2025-03-21,1588,INC01229,Medium
ALT000217,SRV001,2026-12-20,1759,INC00135,Low
ALT000218,SRV002,2025-05-05,2259,INC00177,High
ALT000219,SRV002,2025-10-07,1302,INC00804,Low
ALT000220,SRV003,2025-06-02,399,INC01222,Low
ALT000221,SRV009,2025-12-03,125,INC00039,High
ALT000222,SRV010,2026-11-18,2038,INC00397,Critical
ALT000223,SRV010,2025-06-05,1492,INC00510,Critical
ALT000224,SRV007,2025-06-01,2315,INC00576,Medium
ALT000225,SRV002,2025-02-03,1286,INC00345,Low
ALT000226,SRV009,2025-02-02,646,INC00652,Critical
ALT000227,SRV005,2025-07-16,236,INC00765,High
ALT000228,SRV004,2025-10-26,213,INC00365,Medium
ALT000229,SRV007,2025-02-06,2115,INC01485,High
ALT000230,SRV006,2026-10-05,64,INC00733,Medium
ALT000231,SRV009,2025-02-14,856,INC00220,Medium
ALT000232,SRV001,2026-01-31,633,INC01052,Low
ALT000233,SRV005,2025-11-19,1669,INC00261,Critical
ALT000234,SRV002,2025-05-18,1917,INC00379,High
ALT000235,SRV007,2025-02-05,1224,INC00570,Low
ALT000236,SRV008,2026-11-21,2122,INC01340,Critical
ALT000237,SRV005,2025-08-22,443,INC01249,High
ALT000238,SRV005,2025-02-17,447,INC00486,Critical
ALT000239,SRV002,2025-03-21,432,INC00670,High
ALT000240,SRV001,2025-02-21,1417,INC00444,Critical
ALT000241,SRV006,2026-02-02,306,INC00652,High
ALT000242,SRV006,2026-02-24,1061,INC00981,Low
ALT000243,SRV009,2025-11-06,2143,INC01286,High
ALT000244,SRV004,2026-06-12,1706,INC00129,Critical
ALT000245,SRV007,2026-09-30,1427,INC00511,Critical
ALT000246,SRV005,2026-08-03,1186,INC00207,High
ALT000247,SRV006,2026-11-12,525,INC00098,Medium
ALT000248,SRV010,2025-10-14,1751,INC00675,High
ALT000249,SRV005,2026-01-21,188,INC00960,Critical
ALT000250,SRV007,2026-12-11,1980,INC00583,Low
ALT000251,SRV005,2026-06-24,267,INC00193,Medium
ALT000252,SRV002,2025-10-02,415,INC00183,Low
ALT000253,SRV007,2026-05-19,1935,INC00631,Critical
ALT000254,SRV007,2026-12-06,1150,INC00302,Critical
ALT000255,SRV003,2025-11-13,1999,INC00372,Critical
ALT000256,SRV001,2026-05-07,1157,INC00753,Critical
ALT000257,SRV002,2026-07-14,2301,INC01440,Low
ALT000258,SRV010,2026-06-10,2327,INC00563,Low
ALT000259,SRV006,2025-09-04,935,INC00189,High
ALT000260,SRV010,2026-11-01,1233,INC00936,Low
ALT000261,SRV010,2025-10-20,1943,INC01314,Low
ALT000262,SRV002,2025-04-18,1230,INC00730,Low
ALT000263,SRV008,2025-03-14,327,INC01110,Medium
ALT000264,SRV010,2025-09-18,120,INC00992,Critical
ALT000265,SRV008,2025-05-31,880,INC00315,High
ALT000266,SRV003,2026-04-18,74,INC01275,High
ALT000267,SRV009,2025-07-29,1142,INC00423,High
ALT000268,SRV009,2025-05-27,2259,INC01469,Critical
ALT000269,SRV005,2025-08-10,1097,INC00514,Critical
ALT000270,SRV004,2026-08-19,1219,INC00688,Medium
ALT000271,SRV008,2025-01-22,1703,INC01242,High
ALT000272,SRV007,2026-10-13,1147,INC01494,Medium
ALT000273,SRV009,2025-07-05,1023,INC00375,Low
ALT000274,SRV005,2025-02-01,2184,INC00249,High
ALT000275,SRV006,2026-05-21,71,INC01380,Low
ALT000276,SRV010,2025-11-09,1564,INC01332,High
ALT000277,SRV001,2025-05-08,996,INC00876,Medium
ALT000278,SRV005,2025-08-03,1968,INC01280,High
ALT000279,SRV004,2026-08-09,124,INC00960,Critical
ALT000280,SRV003,2026-09-17,1704,INC00102,Low
ALT000281,SRV004,2025-07-25,1634,INC01411,Critical
ALT000282,SRV006,2025-04-26,44,INC01414,Medium
ALT000283,SRV001,2026-03-09,2294,INC00147,High
ALT000284,SRV008,2026-04-13,839,INC00717,Low
ALT000285,SRV002,2026-04-13,1094,INC00722,Low
ALT000286,SRV006,2026-10-04,1913,INC00884,High
ALT000287,SRV009,2025-04-23,1758,INC00046,Critical
ALT000288,SRV002,2025-06-26,1419,INC00934,High
ALT000289,SRV008,2026-03-03,1038,INC00927,Medium
ALT000290,SRV006,2026-08-20,1606,INC00306,High
ALT000291,SRV005,2025-03-24,1619,INC01383,High
ALT000292,SRV006,2025-02-24,1213,INC01067,Medium
ALT000293,SRV003,2026-09-19,1841,INC01141,Critical
ALT000294,SRV008,2026-11-27,239,INC00673,Critical
ALT000295,SRV005,2025-05-12,394,INC01185,High
ALT000296,SRV010,2026-02-06,2107,INC00252,Critical
ALT000297,SRV001,2025-12-08,1867,INC00598,Critical
ALT000298,SRV010,2026-08-08,1558,INC01309,Critical
ALT000299,SRV008,2026-12-09,809,INC00309,Low
ALT000300,SRV006,2026-08-24,876,INC01310,Medium
ALT000301,SRV006,2026-06-03,1671,INC00401,Critical
ALT000302,SRV001,2025-12-04,1416,INC00645,High
ALT000303,SRV007,2026-06-15,1004,INC00420,Medium
ALT000304,SRV004,2026-07-01,793,INC00756,Low
ALT000305,SRV010,2025-02-11,1006,INC00780,Low
ALT000306,SRV010,2026-04-09,2322,INC01123,Critical
ALT000307,SRV002,2026-04-16,1026,INC00519,Low
ALT000308,SRV005,2025-02-09,1465,INC01155,High
ALT000309,SRV008,2026-02-09,1719,INC00756,Low
ALT000310,SRV001,2025-11-19,1586,INC00738,Low
ALT000311,SRV002,2026-11-25,240,INC01436,High
ALT000312,SRV009,2026-11-11,226,INC00515,Low
ALT000313,SRV005,2025-01-24,1997,INC00928,High
ALT000314,SRV003,2026-08-31,1686,INC01178,Medium
ALT000315,SRV010,2025-12-21,1816,INC01244,Medium
ALT000316,SRV003,2026-06-14,1946,INC01023,Low
ALT000317,SRV003,2026-03-11,830,INC00839,Critical
ALT000318,SRV001,2025-03-26,86,INC00334,Critical
ALT000319,SRV004,2026-07-06,1818,INC00804,Critical
ALT000320,SRV005,2025-12-15,1425,INC00212,High
ALT000321,SRV003,2025-07-31,123,INC00630,High
ALT000322,SRV006,2026-06-21,2093,INC00463,Low
ALT000323,SRV002,2026-10-13,1273,INC00370,Low
ALT000324,SRV004,2025-09-25,115,INC00479,Medium
ALT000325,SRV008,2025-11-28,848,INC00692,Low
ALT000326,SRV009,2025-02-21,1811,INC00893,High
ALT000327,SRV005,2026-11-12,1601,INC00042,High
ALT000328,SRV006,2025-05-23,2281,INC00388,Low
ALT000329,SRV003,2026-01-28,809,INC00021,Medium
ALT000330,SRV001,2025-09-28,456,INC00011,High
ALT000331,SRV004,2026-10-05,2032,INC00534,Medium
ALT000332,SRV005,2026-04-13,451,INC00073,Critical
ALT000333,SRV010,2026-08-18,2025,INC00889,Critical
ALT000334,SRV007,2026-07-03,1589,INC01047,Low
ALT000335,SRV010,2025-10-22,867,INC00745,Critical
ALT000336,SRV003,2025-06-24,1516,INC00249,High
ALT000337,SRV003,2025-04-11,585,INC01232,Critical
ALT000338,SRV007,2026-09-12,255,INC00991,High
ALT000339,SRV010,2025-08-08,2132,INC00204,Critical
ALT000340,SRV005,2026-10-09,1684,INC00143,High
ALT000341,SRV009,2026-09-17,62,INC00084,Low
ALT000342,SRV004,2026-12-11,228,INC00792,Medium
ALT000343,SRV002,2025-07-18,779,INC00598,Medium
ALT000344,SRV007,2026-01-25,2041,INC00923,Critical
ALT000345,SRV004,2026-01-27,2037,INC00144,Critical
ALT000346,SRV009,2025-03-21,451,INC00774,Critical
ALT000347,SRV001,2026-08-22,366,INC01380,High
ALT000348,SRV009,2026-06-01,1671,INC00572,Low
ALT000349,SRV004,2026-05-01,1165,INC00476,Low
ALT000350,SRV002,2026-05-26,266,INC00460,High
ALT000351,SRV006,2025-12-13,1138,INC00181,Medium
ALT000352,SRV005,2025-04-11,1625,INC00996,High
ALT000353,SRV010,2026-01-21,287,INC01261,Critical
ALT000354,SRV002,2026-10-24,17,INC00999,Medium
ALT000355,SRV005,2025-03-11,273,INC01038,Low
ALT000356,SRV002,2025-11-14,1160,INC01414,Low
ALT000357,SRV002,2026-07-12,2194,INC00827,Low
ALT000358,SRV003,2026-09-18,1274,INC00295,Critical
ALT000359,SRV001,2025-12-01,1926,INC00188,High
ALT000360,SRV007,2025-07-02,945,INC00671,Low
ALT000361,SRV008,2026-06-11,1574,INC00901,Critical
ALT000362,SRV002,2026-12-31,143,INC00625,High
ALT000363,SRV004,2025-06-02,1877,INC00421,High
ALT000364,SRV003,2025-03-21,1986,INC01297,Low
ALT000365,SRV008,2026-09-23,1617,INC00021,Low
ALT000366,SRV002,2025-07-06,1038,INC00699,Low
ALT000367,SRV003,2025-09-14,1282,INC00739,Critical
ALT000368,SRV004,2025-02-12,281,INC00987,Low
ALT000369,SRV003,2025-07-10,1664,INC00831,Low
ALT000370,SRV010,2026-08-12,662,INC00803,Critical
ALT000371,SRV010,2025-08-11,2143,INC01392,Medium
ALT000372,SRV006,2025-11-24,744,INC00079,Critical
ALT000373,SRV007,2025-11-30,485,INC01284,Medium
ALT000374,SRV001,2025-10-05,302,INC01465,Critical
ALT000375,SRV001,2026-12-20,906,INC01251,Critical
ALT000376,SRV001,2026-05-24,904,INC00409,Low
ALT000377,SRV001,2026-09-27,517,INC00972,Low
ALT000378,SRV008,2025-04-07,691,INC01323,Critical
ALT000379,SRV008,2026-05-29,69,INC00255,Critical
ALT000380,SRV006,2025-10-05,2293,INC00696,High
ALT000381,SRV009,2025-06-23,913,INC01499,High
ALT000382,SRV002,2025-12-07,950,INC00507,Low
ALT000383,SRV003,2025-06-07,2113,INC00950,High
ALT000384,SRV002,2025-05-10,918,INC00503,High
ALT000385,SRV006,2026-08-26,22,INC00561,High
ALT000386,SRV004,2025-05-06,2332,INC00905,Medium
ALT000387,SRV003,2025-07-13,2014,INC00925,Low
ALT000388,SRV007,2025-12-24,2107,INC00648,Low
ALT000389,SRV003,2026-07-12,599,INC01008,High
ALT000390,SRV005,2025-07-27,708,INC00087,Medium
ALT000391,SRV006,2026-12-29,2093,INC00457,High
ALT000392,SRV004,2026-09-28,1657,INC01126,Low
ALT000393,SRV004,2026-08-05,206,INC01349,Low
ALT000394,SRV010,2025-07-31,184,INC00643,Medium
ALT000395,SRV003,2026-03-10,1923,INC00673,High
ALT000396,SRV009,2026-08-12,881,INC01108,Critical
ALT000397,SRV007,2025-02-12,176,INC00371,Low
ALT000398,SRV001,2025-02-23,1749,INC01469,Low
ALT000399,SRV005,2026-08-19,985,INC01159,Critical
ALT000400,SRV007,2026-01-16,1197,INC00917,Critical
ALT000401,SRV003,2025-12-20,2096,INC01039,High
ALT000402,SRV005,2025-10-28,412,INC00240,Medium
ALT000403,SRV002,2026-05-20,2278,INC00790,High
ALT000404,SRV003,2025-10-21,1403,INC00381,Medium
ALT000405,SRV002,2025-04-23,20,INC00988,Low
ALT000406,SRV007,2025-06-02,1393,INC00748,High
ALT000407,SRV010,2026-09-28,1808,INC00531,High
ALT000408,SRV001,2026-01-28,1746,INC01407,Medium
ALT000409,SRV006,2025-06-10,1263,INC00223,High
ALT000410,SRV008,2025-04-03,796,INC00103,High
ALT000411,SRV010,2025-04-23,2309,INC00970,Critical
ALT000412,SRV001,2025-04-05,210,INC01394,Low
ALT000413,SRV003,2026-02-07,1687,INC00686,Medium
ALT000414,SRV004,2026-04-26,2333,INC00748,Medium
ALT000415,SRV002,2025-03-09,534,INC01030,Low
ALT000416,SRV008,2025-11-26,1003,INC01059,Critical
ALT000417,SRV003,2026-04-02,1708,INC00158,Medium
ALT000418,SRV007,2026-10-15,208,INC01341,Medium
ALT000419,SRV009,2026-03-05,1498,INC01211,Low
ALT000420,SRV007,2025-01-16,558,INC01162,Low
ALT000421,SRV009,2025-12-06,1377,INC01394,Low
ALT000422,SRV001,2025-02-05,1635,INC01399,High
ALT000423,SRV004,2025-06-24,2309,INC00622,Medium
ALT000424,SRV008,2026-05-28,593,INC00306,High
ALT000425,SRV001,2025-07-31,686,INC01251,Critical
ALT000426,SRV004,2025-01-12,436,INC00525,Medium
ALT000427,SRV003,2025-02-06,2236,INC00307,High
ALT000428,SRV003,2026-12-06,2171,INC01379,Low
ALT000429,SRV004,2025-08-26,187,INC00654,High
ALT000430,SRV004,2026-11-25,1387,INC00679,Critical
ALT000431,SRV004,2025-11-12,980,INC01121,Low
ALT000432,SRV003,2025-01-02,1284,INC01238,High
ALT000433,SRV006,2026-07-05,1868,INC00460,Critical
ALT000434,SRV001,2026-07-14,583,INC00717,Critical
ALT000435,SRV006,2025-08-02,698,INC00430,Critical
ALT000436,SRV002,2026-06-13,2263,INC00939,High
ALT000437,SRV009,2025-11-23,1748,INC00466,Medium
ALT000438,SRV010,2025-01-31,1010,INC00740,Critical
ALT000439,SRV003,2026-02-04,1005,INC00907,High
ALT000440,SRV007,2026-10-01,2067,INC00589,Critical
ALT000441,SRV003,2026-05-27,2009,INC00854,Critical
ALT000442,SRV008,2025-04-18,1378,INC00441,Critical
ALT000443,SRV005,2025-04-10,1077,INC01256,Low
ALT000444,SRV010,2025-02-13,704,INC00389,High
ALT000445,SRV003,2026-09-21,1482,INC00632,Medium
ALT000446,SRV003,2025-06-28,1680,INC00978,Medium
ALT000447,SRV005,2026-09-20,1578,INC01021,Medium
ALT000448,SRV009,2026-07-25,59,INC00441,Critical
ALT000449,SRV001,2025-08-12,381,INC01338,High
ALT000450,SRV001,2026-08-03,965,INC01361,Critical
ALT000451,SRV007,2026-02-03,173,INC00645,Low
ALT000452,SRV007,2026-03-29,664,INC00010,Critical
ALT000453,SRV001,2026-03-04,233,INC01452,High
ALT000454,SRV010,2025-03-04,2285,INC00922,Low
ALT000455,SRV007,2026-04-14,230,INC00013,Low
ALT000456,SRV008,2025-02-02,989,INC00418,High
ALT000457,SRV006,2025-08-17,2062,INC00361,Low
ALT000458,SRV009,2025-01-04,232,INC00934,Medium
ALT000459,SRV009,2025-07-28,950,INC01020,Critical
ALT000460,SRV003,2026-07-07,276,INC00546,Critical
ALT000461,SRV004,2026-01-29,1103,INC01077,Medium
ALT000462,SRV002,2025-03-13,867,INC01423,High
ALT000463,SRV009,2026-08-05,1801,INC00765,High
ALT000464,SRV005,2026-05-26,690,INC00154,High
ALT000465,SRV009,2025-05-09,1149,INC00518,Low
ALT000466,SRV007,2025-10-07,1724,INC01384,Low
ALT000467,SRV008,2025-05-30,1106,INC00580,Critical
ALT000468,SRV010,2026-12-05,2177,INC00927,Low
ALT000469,SRV007,2026-04-02,2048,INC00094,High
ALT000470,SRV007,2026-05-31,167,INC01265,Medium
ALT000471,SRV006,2025-08-09,1431,INC00590,Critical
ALT000472,SRV003,2026-12-10,1867,INC01119,Critical
ALT000473,SRV010,2026-03-11,1307,INC00937,Medium
ALT000474,SRV005,2025-03-27,543,INC01110,High
ALT000475,SRV001,2026-02-02,2164,INC00094,High
ALT000476,SRV003,2026-11-20,1656,INC00453,Low
ALT000477,SRV009,2025-11-27,2034,INC01183,High
ALT000478,SRV006,2026-11-13,568,INC00346,Medium
ALT000479,SRV007,2025-01-09,526,INC01114,Critical
ALT000480,SRV006,2026-05-06,2347,INC00989,Medium
ALT000481,SRV004,2026-03-12,720,INC00589,High
ALT000482,SRV002,2026-05-12,956,INC01170,High
ALT000483,SRV001,2026-08-12,31,INC01142,High
ALT000484,SRV004,2026-07-07,2132,INC00027,High
ALT000485,SRV006,2026-10-30,1688,INC01350,Low
ALT000486,SRV002,2025-12-28,2238,INC01148,High
ALT000487,SRV002,2025-12-13,160,INC00596,High
ALT000488,SRV006,2026-07-13,1945,INC00861,Low
ALT000489,SRV001,2026-10-11,833,INC00794,Medium
ALT000490,SRV009,2025-07-10,970,INC00800,High
ALT000491,SRV004,2026-03-10,2303,INC00909,Low
ALT000492,SRV009,2025-04-01,310,INC01434,Medium
ALT000493,SRV006,2025-01-10,331,INC00820,Medium
ALT000494,SRV003,2025-12-07,1743,INC00606,Medium
ALT000495,SRV008,2026-04-24,1494,INC00284,Medium
ALT000496,SRV005,2025-07-06,1534,INC00922,Medium
ALT000497,SRV008,2025-11-27,1719,INC00369,Medium
ALT000498,SRV008,2026-05-14,1917,INC01388,Critical
ALT000499,SRV008,2025-07-30,743,INC00604,Medium
ALT000500,SRV004,2026-07-17,56,INC01308,Critical
ALT000501,SRV003,2026-07-01,204,INC00811,Low
ALT000502,SRV004,2025-11-19,1799,INC01345,High
ALT000503,SRV002,2025-04-11,1719,INC00033,High
ALT000504,SRV004,2026-05-15,320,INC00475,High
ALT000505,SRV010,2026-02-14,1324,INC00305,Critical
ALT000506,SRV008,2025-08-05,183,INC00095,Low
ALT000507,SRV001,2025-01-15,830,INC00857,Critical
ALT000508,SRV010,2026-04-26,337,INC01233,Medium
ALT000509,SRV004,2026-07-11,1132,INC00825,Medium
ALT000510,SRV009,2025-12-07,428,INC01180,Low
ALT000511,SRV008,2025-03-05,1804,INC00586,Critical
ALT000512,SRV001,2026-06-01,214,INC00784,High
ALT000513,SRV001,2025-05-07,36,INC00618,Critical
ALT000514,SRV001,2026-09-28,530,INC00752,Critical
ALT000515,SRV001,2026-05-09,1241,INC00717,Critical
ALT000516,SRV001,2026-11-30,779,INC00238,Critical
ALT000517,SRV003,2026-03-20,1530,INC00249,Critical
ALT000518,SRV005,2026-02-11,1227,INC00538,Critical
ALT000519,SRV006,2025-09-11,941,INC01048,Critical
ALT000520,SRV003,2025-06-24,1772,INC01018,Critical
ALT000521,SRV009,2026-12-14,593,INC01041,Low
ALT000522,SRV001,2026-08-13,1386,INC00281,Medium
ALT000523,SRV006,2026-03-29,1144,INC00360,Critical
ALT000524,SRV008,2025-11-15,771,INC00862,Medium
ALT000525,SRV002,2025-12-11,1396,INC00737,Critical
ALT000526,SRV008,2026-09-14,2163,INC01269,Medium
ALT000527,SRV010,2026-01-27,875,INC01107,High
ALT000528,SRV002,2026-02-20,1762,INC00028,High
ALT000529,SRV002,2025-07-02,1440,INC00658,High
ALT000530,SRV009,2025-09-23,746,INC00607,High
ALT000531,SRV010,2025-05-30,1390,INC00078,Medium
ALT000532,SRV004,2026-07-15,1042,INC00989,High
ALT000533,SRV008,2026-09-12,907,INC00865,Critical
ALT000534,SRV007,2025-05-05,2186,INC00392,Medium
ALT000535,SRV001,2025-01-15,13,INC00759,High
ALT000536,SRV008,2026-08-31,1561,INC00756,Low
ALT000537,SRV008,2026-07-25,1710,INC00989,Low
ALT000538,SRV005,2025-02-13,756,INC00823,Critical
ALT000539,SRV008,2026-07-13,1179,INC00529,Critical
ALT000540,SRV003,2025-04-11,78,INC00740,High
ALT000541,SRV004,2025-09-02,2346,INC00515,Low
ALT000542,SRV004,2025-10-20,1107,INC00923,Critical
ALT000543,SRV007,2026-08-21,2354,INC00602,High
ALT000544,SRV009,2025-10-04,568,INC01309,Low
ALT000545,SRV004,2025-08-13,266,INC00118,Critical
ALT000546,SRV008,2025-01-12,1753,INC01475,High
ALT000547,SRV006,2026-12-19,2327,INC01305,High
ALT000548,SRV006,2026-06-15,853,INC00021,Medium
ALT000549,SRV004,2025-11-22,488,INC01374,Low
ALT000550,SRV004,2025-04-18,2268,INC00142,Critical
ALT000551,SRV003,2025-12-03,211,INC00967,Critical
ALT000552,SRV008,2026-09-22,1797,INC01177,Low
ALT000553,SRV009,2026-02-15,649,INC00810,Low
ALT000554,SRV006,2026-02-16,361,INC00765,Low
ALT000555,SRV003,2026-08-15,1241,INC01320,Critical
ALT000556,SRV003,2025-01-28,433,INC00337,Low
ALT000557,SRV010,2026-11-29,1216,INC01193,Low
ALT000558,SRV002,2026-04-01,1006,INC00587,High
ALT000559,SRV003,2026-03-07,1769,INC01200,Medium
ALT000560,SRV004,2025-04-11,550,INC00546,High
ALT000561,SRV004,2026-09-30,1257,INC01214,High
ALT000562,SRV010,2025-08-11,1808,INC00258,High
ALT000563,SRV003,2026-04-05,1661,INC00477,High
ALT000564,SRV002,2026-03-13,1261,INC00910,Low
ALT000565,SRV010,2026-03-08,2233,INC00969,Low
ALT000566,SRV006,2025-06-24,922,INC00301,Medium
ALT000567,SRV008,2026-04-01,1339,INC01219,Critical
ALT000568,SRV009,2025-04-04,372,INC00049,Low
ALT000569,SRV010,2026-04-10,909,INC00137,High
ALT000570,SRV010,2026-06-03,1615,INC00905,Critical
ALT000571,SRV001,2026-11-27,92,INC00596,Medium
ALT000572,SRV002,2026-09-19,1175,INC01418,Critical
ALT000573,SRV008,2025-01-17,531,INC00968,Low
ALT000574,SRV002,2025-03-11,1029,INC00721,Critical
ALT000575,SRV004,2026-04-18,140,INC01215,Low
ALT000576,SRV010,2026-11-02,982,INC00008,Medium
ALT000577,SRV002,2026-04-19,1869,INC01459,Medium
ALT000578,SRV008,2026-08-17,1819,INC00711,Critical
ALT000579,SRV007,2025-08-19,1255,INC01012,Medium
ALT000580,SRV008,2025-06-10,2014,INC00417,Medium
ALT000581,SRV003,2026-10-12,1543,INC01073,High
ALT000582,SRV001,2026-12-18,646,INC00588,High
ALT000583,SRV008,2026-08-11,2244,INC00667,Low
ALT000584,SRV008,2025-08-31,1129,INC00170,Medium
ALT000585,SRV001,2025-05-09,1597,INC00615,Critical
ALT000586,SRV006,2025-10-23,1576,INC00656,Critical
ALT000587,SRV009,2025-01-11,1724,INC01191,Low
ALT000588,SRV004,2026-09-27,1107,INC00770,Critical
ALT000589,SRV004,2025-12-09,450,INC00881,Critical
ALT000590,SRV003,2026-04-03,1301,INC00495,High
ALT000591,SRV005,2025-05-02,427,INC00400,Low
ALT000592,SRV010,2025-12-22,145,INC00856,Low
ALT000593,SRV002,2026-07-30,1064,INC00495,Critical
ALT000594,SRV001,2025-12-13,1995,INC00498,Critical
ALT000595,SRV004,2026-05-01,910,INC00053,Low
ALT000596,SRV009,2026-06-21,69,INC01374,Medium
ALT000597,SRV004,2025-09-18,110,INC00449,High
ALT000598,SRV007,2025-11-06,427,INC01012,Low
ALT000599,SRV004,2026-12-03,333,INC00494,Critical
ALT000600,SRV003,2026-11-16,1879,INC00234,High
ALT000601,SRV008,2025-11-11,1683,INC00087,High
ALT000602,SRV009,2025-06-11,856,INC01243,Critical
ALT000603,SRV008,2026-08-25,217,INC00790,Medium
ALT000604,SRV010,2025-12-02,115,INC00961,High
ALT000605,SRV005,2025-11-22,581,INC00412,High
ALT000606,SRV010,2025-01-19,1558,INC00658,Medium
ALT000607,SRV007,2025-02-20,244,INC01300,High
ALT000608,SRV004,2026-04-16,2118,INC00105,Low
ALT000609,SRV004,2026-09-07,751,INC00221,Critical
ALT000610,SRV006,2026-10-29,104,INC00528,Medium
ALT000611,SRV008,2025-10-20,1514,INC00500,Low
ALT000612,SRV004,2026-04-10,512,INC00198,Low
ALT000613,SRV003,2026-11-28,642,INC00624,High
ALT000614,SRV005,2025-11-04,1144,INC00187,Low
ALT000615,SRV003,2025-06-16,408,INC01064,Low
ALT000616,SRV008,2025-10-26,525,INC01122,High
ALT000617,SRV009,2025-07-27,653,INC00072,High
ALT000618,SRV009,2026-10-02,932,INC00667,Critical
ALT000619,SRV006,2026-11-20,1772,INC01400,Critical
ALT000620,SRV010,2025-01-09,227,INC01150,High
ALT000621,SRV009,2025-03-03,144,INC00207,High
ALT000622,SRV009,2025-03-25,2249,INC00071,Critical
ALT000623,SRV005,2025-11-04,1132,INC01332,Critical
ALT000624,SRV001,2026-06-10,412,INC00200,Medium
ALT000625,SRV001,2026-05-20,2279,INC01498,Low
ALT000626,SRV008,2025-04-25,1501,INC00508,Critical
ALT000627,SRV007,2025-09-28,822,INC00314,Critical
ALT000628,SRV006,2026-11-25,769,INC00004,Medium
ALT000629,SRV007,2025-11-28,986,INC00788,High
ALT000630,SRV009,2025-05-17,298,INC00259,Critical
ALT000631,SRV005,2025-12-27,2347,INC00408,Low
ALT000632,SRV006,2025-04-03,530,INC00500,Medium
ALT000633,SRV003,2026-10-24,1294,INC01324,Low
ALT000634,SRV010,2026-01-07,136,INC00239,High
ALT000635,SRV008,2025-10-19,1227,INC01106,Low
ALT000636,SRV010,2025-03-22,2077,INC01320,High
ALT000637,SRV006,2025-12-13,2093,INC00523,Medium
ALT000638,SRV009,2025-06-07,1675,INC01050,Critical
ALT000639,SRV010,2026-01-21,2303,INC00256,Low
ALT000640,SRV009,2025-07-20,1731,INC01448,Medium
ALT000641,SRV007,2025-12-22,1322,INC00275,Low
ALT000642,SRV003,2025-09-30,467,INC01056,High
ALT000643,SRV004,2026-10-17,192,INC01377,Low
ALT000644,SRV010,2026-08-30,1334,INC00251,Critical
ALT000645,SRV008,2025-06-04,1673,INC00192,Critical
ALT000646,SRV005,2026-12-04,634,INC00930,Medium
ALT000647,SRV006,2026-01-25,1219,INC00873,High
ALT000648,SRV002,2025-02-09,685,INC00582,Low
ALT000649,SRV002,2026-04-01,764,INC00706,Critical
ALT000650,SRV007,2026-07-22,2225,INC01344,Medium
ALT000651,SRV001,2025-06-23,434,INC01261,High
ALT000652,SRV006,2026-09-27,37,INC00891,High
ALT000653,SRV010,2025-11-18,1685,INC01342,Medium
ALT000654,SRV002,2025-09-04,2129,INC00339,Critical
ALT000655,SRV002,2026-05-07,654,INC00619,Critical
ALT000656,SRV003,2025-06-08,1245,INC00254,Low
ALT000657,SRV005,2025-02-11,2141,INC01397,High
ALT000658,SRV006,2025-04-06,455,INC00141,Critical
ALT000659,SRV010,2025-11-06,1533,INC00526,Critical
ALT000660,SRV007,2025-01-26,1062,INC00097,High
ALT000661,SRV002,2025-11-17,39,INC01337,Critical
ALT000662,SRV003,2026-01-28,149,INC00701,Low
ALT000663,SRV007,2025-12-26,1272,INC00320,Critical
ALT000664,SRV010,2025-11-17,1159,INC01158,High
ALT000665,SRV008,2026-07-24,877,INC00831,Medium
ALT000666,SRV008,2026-04-05,437,INC01236,Low
ALT000667,SRV005,2025-06-06,803,INC00296,Critical
ALT000668,SRV010,2025-10-25,2308,INC00911,Low
ALT000669,SRV001,2025-02-01,11,INC00678,Low
ALT000670,SRV007,2025-02-09,1937,INC00411,High
ALT000671,SRV009,2026-10-14,1595,INC00920,Low
ALT000672,SRV003,2026-09-14,622,INC01257,Critical
ALT000673,SRV006,2025-03-06,2242,INC00236,Low
ALT000674,SRV006,2025-07-19,941,INC00402,Medium
ALT000675,SRV009,2026-03-14,1078,INC00165,High
ALT000676,SRV006,2025-10-07,857,INC00793,Low
ALT000677,SRV004,2025-10-15,1170,INC00426,Critical
ALT000678,SRV003,2026-08-07,1414,INC01436,High
ALT000679,SRV009,2025-01-26,964,INC00427,High
ALT000680,SRV005,2026-07-12,117,INC01056,High
ALT000681,SRV002,2026-05-25,189,INC01415,Critical
ALT000682,SRV006,2025-05-10,2342,INC00619,High
ALT000683,SRV008,2025-06-10,1666,INC00773,Critical
ALT000684,SRV001,2026-03-26,1978,INC00302,Critical
ALT000685,SRV006,2026-06-19,736,INC01319,Medium
ALT000686,SRV007,2026-11-18,2328,INC01143,Medium
ALT000687,SRV001,2026-07-12,1580,INC01087,Critical
ALT000688,SRV008,2026-10-16,658,INC00888,Medium
ALT000689,SRV010,2026-07-09,573,INC00965,Critical
ALT000690,SRV003,2025-09-25,1571,INC00313,Low
ALT000691,SRV002,2025-10-04,1406,INC00295,Medium
ALT000692,SRV009,2025-01-17,1809,INC00985,Critical
ALT000693,SRV009,2025-05-12,2131,INC01163,High
ALT000694,SRV009,2025-02-06,1011,INC00114,High
ALT000695,SRV005,2025-08-28,2073,INC00101,High
ALT000696,SRV004,2025-02-14,1863,INC01095,High
ALT000697,SRV007,2025-09-15,887,INC00709,Critical
ALT000698,SRV006,2025-08-10,1816,INC01315,High
ALT000699,SRV009,2026-01-24,736,INC01034,Low
ALT000700,SRV009,2025-04-05,912,INC01407,Low
ALT000701,SRV009,2025-12-30,491,INC01111,Critical
ALT000702,SRV006,2026-12-24,1021,INC01040,Low
ALT000703,SRV009,2026-09-03,1351,INC01375,Low
ALT000704,SRV001,2025-12-11,633,INC01069,Medium
ALT000705,SRV009,2026-10-30,1898,INC00286,Low
ALT000706,SRV001,2026-06-25,1522,INC00146,Low
ALT000707,SRV009,2026-10-27,281,INC00094,Medium
ALT000708,SRV006,2025-07-27,311,INC00250,Critical
ALT000709,SRV004,2026-11-10,2141,INC00615,Critical
ALT000710,SRV007,2025-07-02,1236,INC01138,Low
ALT000711,SRV001,2025-11-20,2139,INC00204,Medium
ALT000712,SRV009,2026-04-18,1692,INC01104,Low
ALT000713,SRV010,2026-03-05,288,INC01352,Critical
ALT000714,SRV006,2026-02-10,480,INC01316,Critical
ALT000715,SRV005,2026-01-02,1318,INC00457,Critical
ALT000716,SRV003,2026-03-24,1239,INC01487,High
ALT000717,SRV006,2025-04-15,1863,INC00018,Medium
ALT000718,SRV007,2025-09-07,738,INC00580,Low
ALT000719,SRV006,2025-10-23,108,INC00796,Medium
ALT000720,SRV003,2025-03-10,974,INC01381,High
ALT000721,SRV010,2026-02-11,528,INC00634,Medium
ALT000722,SRV005,2026-09-04,1811,INC00124,Critical
ALT000723,SRV003,2026-02-11,2065,INC01025,High
ALT000724,SRV002,2026-02-21,1114,INC00144,High
ALT000725,SRV007,2025-11-26,1315,INC01441,Critical
ALT000726,SRV010,2025-04-17,1410,INC00423,High
ALT000727,SRV003,2025-11-20,2220,INC00622,High
ALT000728,SRV002,2025-07-02,1425,INC01155,Critical
ALT000729,SRV002,2025-04-28,1044,INC00189,Medium
ALT000730,SRV007,2026-02-02,1827,INC00155,Medium
ALT000731,SRV004,2025-09-09,161,INC01374,High
ALT000732,SRV005,2026-01-21,1366,INC00409,Low
ALT000733,SRV008,2026-05-16,2108,INC00225,Critical
ALT000734,SRV004,2025-10-04,753,INC00277,Low
ALT000735,SRV008,2025-08-12,1896,INC00252,Medium
ALT000736,SRV001,2025-11-06,780,INC00624,Low
ALT000737,SRV009,2026-09-22,1115,INC01308,High
ALT000738,SRV001,2026-12-01,500,INC00340,High
ALT000739,SRV007,2026-04-14,688,INC00051,High
ALT000740,SRV009,2026-03-30,1097,INC00145,Critical
ALT000741,SRV005,2025-03-26,1932,INC00781,High
ALT000742,SRV007,2025-11-13,675,INC00074,High
ALT000743,SRV004,2025-08-24,909,INC01455,High
ALT000744,SRV002,2026-10-10,1854,INC00106,Medium
ALT000745,SRV004,2025-01-01,1225,INC01488,Medium
ALT000746,SRV009,2026-08-22,2250,INC01129,Medium
ALT000747,SRV002,2026-05-03,1107,INC00156,Medium
ALT000748,SRV005,2026-03-14,193,INC01460,Medium
ALT000749,SRV001,2026-02-28,418,INC01479,High
ALT000750,SRV008,2025-10-08,560,INC00696,Critical
ALT000751,SRV002,2025-01-06,1150,INC00214,Medium
ALT000752,SRV005,2026-11-03,1154,INC01189,Low
ALT000753,SRV007,2026-12-23,1078,INC01216,Critical
ALT000754,SRV001,2025-08-15,754,INC00739,Low
ALT000755,SRV010,2025-01-01,1465,INC00650,Medium
ALT000756,SRV007,2026-03-03,1875,INC00755,Low
ALT000757,SRV006,2025-03-17,1863,INC00155,High
ALT000758,SRV002,2025-01-29,922,INC01357,Critical
ALT000759,SRV005,2026-03-28,783,INC01446,Critical
ALT000760,SRV007,2026-09-09,303,INC00719,High
ALT000761,SRV002,2026-07-22,2316,INC01487,Low
ALT000762,SRV006,2026-07-28,582,INC01329,High
ALT000763,SRV002,2025-01-04,1318,INC00579,Low
ALT000764,SRV002,2026-07-25,2332,INC00705,Low
ALT000765,SRV008,2025-04-25,935,INC01149,High
ALT000766,SRV001,2025-10-27,1278,INC01313,High
ALT000767,SRV005,2025-05-23,2282,INC00177,Low
ALT000768,SRV006,2025-12-25,253,INC00385,Medium
ALT000769,SRV005,2025-10-01,292,INC00570,High
ALT000770,SRV006,2025-04-30,833,INC00322,Low
ALT000771,SRV009,2026-02-23,640,INC01068,High
ALT000772,SRV007,2025-12-12,370,INC01353,Critical
ALT000773,SRV005,2025-07-22,1474,INC01237,Low
ALT000774,SRV005,2025-11-14,1018,INC01420,High
ALT000775,SRV008,2025-06-23,162,INC00931,Critical
ALT000776,SRV002,2025-10-09,827,INC01035,Medium
ALT000777,SRV009,2026-11-30,118,INC01241,Medium
ALT000778,SRV009,2025-07-30,1205,INC00602,High
ALT000779,SRV003,2026-09-08,1502,INC00694,Critical
ALT000780,SRV002,2025-01-25,1511,INC00816,Medium
ALT000781,SRV004,2026-01-07,198,INC00729,Critical
ALT000782,SRV003,2026-07-27,81,INC01360,Medium
ALT000783,SRV003,2025-08-07,1160,INC00081,High
ALT000784,SRV006,2026-02-27,2087,INC01306,High
ALT000785,SRV006,2026-08-17,2316,INC00391,Low
ALT000786,SRV010,2025-09-09,552,INC00958,Low
ALT000787,SRV004,2026-06-17,1155,INC00508,High
ALT000788,SRV001,2026-10-22,215,INC00007,Medium
ALT000789,SRV009,2026-06-15,2076,INC00152,Low
ALT000790,SRV006,2026-07-27,1885,INC00051,Medium
ALT000791,SRV007,2026-10-09,1937,INC00935,Critical
ALT000792,SRV005,2025-03-21,731,INC00912,Medium
ALT000793,SRV006,2026-08-25,2201,INC01229,Low
ALT000794,SRV007,2025-05-10,1882,INC00240,Low
ALT000795,SRV010,2025-07-26,645,INC01077,High
ALT000796,SRV009,2026-10-07,1454,INC01495,High
ALT000797,SRV007,2025-03-11,767,INC01444,High
ALT000798,SRV010,2026-08-08,1750,INC00329,High
ALT000799,SRV004,2026-06-09,1179,INC00299,Low
ALT000800,SRV010,2025-07-04,210,INC00098,High
ALT000801,SRV004,2026-07-02,601,INC01394,High
ALT000802,SRV001,2025-03-23,104,INC00563,Medium
ALT000803,SRV002,2025-05-31,1037,INC01295,Low
ALT000804,SRV003,2025-05-09,1729,INC00789,Critical
ALT000805,SRV006,2025-05-06,2340,INC00143,Critical
ALT000806,SRV010,2025-10-28,1040,INC00579,High
ALT000807,SRV005,2026-03-09,1057,INC00111,High
ALT000808,SRV007,2026-05-07,1734,INC00578,Critical
ALT000809,SRV005,2025-02-28,3,INC00134,Medium
ALT000810,SRV004,2025-06-27,1916,INC00725,Critical
ALT000811,SRV005,2026-09-25,60,INC00486,High
ALT000812,SRV008,2026-02-16,1133,INC01264,High
ALT000813,SRV005,2025-03-18,444,INC00845,Medium
ALT000814,SRV004,2026-06-27,354,INC01491,Critical
ALT000815,SRV001,2026-07-22,1671,INC00949,Critical
ALT000816,SRV006,2025-03-09,1885,INC00050,Low
ALT000817,SRV007,2025-03-17,1095,INC00560,Critical
ALT000818,SRV005,2026-12-01,1506,INC00235,Low
ALT000819,SRV009,2026-08-25,1253,INC00841,Medium
ALT000820,SRV010,2026-03-30,1787,INC01404,Medium
ALT000821,SRV008,2026-11-28,951,INC00600,Critical
ALT000822,SRV004,2026-01-18,1097,INC00005,High
ALT000823,SRV006,2026-01-06,240,INC01348,Low
ALT000824,SRV001,2025-09-12,2164,INC00075,Critical
ALT000825,SRV007,2026-12-25,1924,INC01163,Critical
ALT000826,SRV002,2026-11-19,2045,INC00591,Medium
ALT000827,SRV006,2025-09-20,1331,INC00998,Critical
ALT000828,SRV001,2025-11-24,222,INC01245,Critical
ALT000829,SRV002,2025-06-02,2035,INC00552,Low
ALT000830,SRV003,2026-10-30,175,INC00165,Low
ALT000831,SRV006,2026-06-07,475,INC01195,Low
ALT000832,SRV005,2025-11-10,1545,INC00418,Low
ALT000833,SRV002,2025-06-28,264,INC00836,Low
ALT000834,SRV006,2025-01-02,2165,INC01301,Critical
ALT000835,SRV003,2026-03-01,1776,INC00427,Medium
ALT000836,SRV010,2026-07-26,1858,INC00840,Low
ALT000837,SRV003,2025-02-17,2012,INC01417,Low
ALT000838,SRV006,2025-01-21,2249,INC00839,High
ALT000839,SRV010,2026-04-26,2125,INC01364,Medium
ALT000840,SRV004,2025-09-04,2168,INC01322,Low
ALT000841,SRV007,2025-05-06,820,INC01289,Low
ALT000842,SRV002,2025-08-31,1454,INC00289,Low
ALT000843,SRV008,2025-03-14,369,INC00687,Low
ALT000844,SRV004,2025-09-16,1240,INC00086,Low
ALT000845,SRV007,2026-10-24,1422,INC00953,High
ALT000846,SRV009,2025-02-24,434,INC00227,High
ALT000847,SRV006,2025-04-21,532,INC01244,High
ALT000848,SRV001,2026-06-28,342,INC01203,Medium
ALT000849,SRV008,2025-09-19,379,INC00850,Low
ALT000850,SRV006,2026-09-13,547,INC00332,Medium
ALT000851,SRV010,2025-10-22,1769,INC00887,Low
ALT000852,SRV003,2026-01-16,2229,INC00927,High
ALT000853,SRV002,2025-12-11,1178,INC00617,Critical
ALT000854,SRV010,2026-07-10,2344,INC00630,High
ALT000855,SRV002,2025-07-13,448,INC00970,Low
ALT000856,SRV002,2025-11-11,125,INC00919,Critical
ALT000857,SRV005,2026-07-13,1992,INC00477,Medium
ALT000858,SRV008,2025-01-06,1928,INC00038,Medium
ALT000859,SRV009,2025-11-09,1346,INC00185,High
ALT000860,SRV010,2025-12-16,749,INC00054,High
ALT000861,SRV010,2025-08-08,2023,INC01285,Medium
ALT000862,SRV003,2026-10-17,1118,INC01020,Critical
ALT000863,SRV004,2025-07-22,1207,INC00150,Medium
ALT000864,SRV004,2026-12-16,826,INC01299,Critical
ALT000865,SRV003,2026-11-11,2126,INC01290,High
ALT000866,SRV005,2025-07-23,1449,INC01443,Low
ALT000867,SRV005,2026-01-15,595,INC00951,Low
ALT000868,SRV004,2026-06-08,2068,INC00671,Low
ALT000869,SRV010,2026-05-03,2271,INC01155,Critical
ALT000870,SRV002,2025-09-22,1337,INC00990,High
ALT000871,SRV002,2025-09-26,281,INC01004,Critical
ALT000872,SRV010,2026-05-09,2282,INC01308,Medium
ALT000873,SRV001,2026-10-10,2275,INC00610,Low
ALT000874,SRV004,2025-02-23,2175,INC00752,Critical
ALT000875,SRV008,2026-03-14,5,INC00688,Medium
ALT000876,SRV008,2026-08-14,480,INC00919,Low
ALT000877,SRV008,2026-02-12,1733,INC00798,Critical
ALT000878,SRV006,2025-06-24,1249,INC00870,Low
ALT000879,SRV010,2026-12-25,490,INC00481,Low
ALT000880,SRV005,2026-10-27,2330,INC00978,Low
ALT000881,SRV009,2025-06-01,828,INC00842,High
ALT000882,SRV007,2026-07-01,36,INC00953,Critical
ALT000883,SRV003,2025-05-06,195,INC00244,Critical
ALT000884,SRV006,2025-11-29,2130,INC01407,High
ALT000885,SRV008,2025-09-25,834,INC00511,High
ALT000886,SRV010,2025-12-28,1377,INC00440,High
ALT000887,SRV006,2026-02-13,188,INC00975,High
ALT000888,SRV008,2025-09-18,840,INC00116,Low
ALT000889,SRV004,2025-08-07,1085,INC00413,Low
ALT000890,SRV005,2025-12-31,2010,INC00093,Low
ALT000891,SRV008,2026-08-21,1371,INC00672,Medium
ALT000892,SRV005,2025-11-28,1410,INC01463,Medium
ALT000893,SRV009,2025-01-15,1249,INC00750,High
ALT000894,SRV002,2025-09-26,2315,INC01481,High
ALT000895,SRV007,2026-02-15,1562,INC00700,Critical
ALT000896,SRV006,2026-06-25,2353,INC00722,Critical
ALT000897,SRV010,2025-07-16,426,INC00157,High
ALT000898,SRV010,2025-05-04,2216,INC00845,Critical
ALT000899,SRV003,2026-05-09,440,INC01329,Critical
ALT000900,SRV009,2025-06-22,1521,INC00184,High
ALT000901,SRV010,2025-11-09,1962,INC00633,Low
ALT000902,SRV005,2025-12-30,2058,INC01203,Critical
ALT000903,SRV003,2026-01-21,2037,INC00852,Medium
ALT000904,SRV004,2026-10-18,1103,INC01246,Medium
ALT000905,SRV002,2026-10-26,2264,INC00670,Critical
ALT000906,SRV005,2025-07-13,1467,INC00702,High
ALT000907,SRV007,2026-11-20,389,INC00230,Critical
ALT000908,SRV008,2026-04-30,1315,INC00755,Critical
ALT000909,SRV001,2025-01-09,1968,INC00221,High
ALT000910,SRV003,2026-05-08,344,INC00410,Critical
ALT000911,SRV007,2025-06-02,1777,INC01468,High
ALT000912,SRV006,2025-10-27,180,INC01170,Critical
ALT000913,SRV005,2025-08-23,915,INC00471,Critical
ALT000914,SRV003,2026-06-29,1424,INC00487,Critical
ALT000915,SRV002,2025-08-24,1558,INC00358,Medium
ALT000916,SRV001,2025-01-20,1883,INC01414,Critical
ALT000917,SRV004,2026-06-08,23,INC01115,Low
ALT000918,SRV003,2025-04-13,751,INC00018,Medium
ALT000919,SRV005,2026-08-03,367,INC01487,Low
ALT000920,SRV002,2026-11-16,36,INC01084,High
ALT000921,SRV008,2025-10-20,1153,INC01178,Critical
ALT000922,SRV008,2025-03-21,212,INC01309,Medium
ALT000923,SRV007,2025-03-02,2155,INC00289,High
ALT000924,SRV004,2025-08-05,746,INC01266,High
ALT000925,SRV003,2025-09-12,832,INC00018,Medium
ALT000926,SRV010,2026-01-01,298,INC01188,Critical
ALT000927,SRV007,2026-04-01,1458,INC01127,Medium
ALT000928,SRV006,2025-06-19,2309,INC00240,Medium
ALT000929,SRV007,2026-05-06,58,INC00028,Low
ALT000930,SRV007,2026-06-03,1487,INC01113,Medium
ALT000931,SRV005,2026-06-12,1652,INC00300,Medium
ALT000932,SRV002,2026-07-08,8,INC00838,Medium
ALT000933,SRV005,2026-12-06,687,INC01392,Low
ALT000934,SRV006,2026-11-30,1643,INC00207,High
ALT000935,SRV006,2026-12-22,1716,INC01119,High
ALT000936,SRV003,2026-06-07,520,INC01469,High
ALT000937,SRV010,2026-06-04,1909,INC00868,Low
ALT000938,SRV009,2025-05-05,1131,INC01451,Medium
ALT000939,SRV002,2025-03-21,15,INC00963,High
ALT000940,SRV007,2025-10-21,2141,INC00814,Critical
ALT000941,SRV002,2025-01-30,954,INC00445,High
ALT000942,SRV003,2026-05-29,13,INC00559,Critical
ALT000943,SRV007,2026-02-02,1917,INC00730,High
ALT000944,SRV003,2026-10-17,182,INC01328,Critical
ALT000945,SRV004,2025-04-28,874,INC01377,Medium
ALT000946,SRV007,2026-06-05,161,INC01480,Low
ALT000947,SRV003,2026-05-11,1208,INC00388,Medium
ALT000948,SRV001,2025-11-30,1746,INC01002,Medium
ALT000949,SRV010,2026-04-03,1510,INC01387,High
ALT000950,SRV007,2025-12-18,2124,INC01302,Critical
ALT000951,SRV008,2026-10-16,1186,INC00921,Medium
ALT000952,SRV001,2025-09-01,1566,INC00901,High
ALT000953,SRV007,2026-01-20,619,INC00720,High
ALT000954,SRV001,2026-07-14,106,INC00675,Low
ALT000955,SRV005,2025-10-15,109,INC01132,High
ALT000956,SRV007,2025-02-26,56,INC01223,Medium
ALT000957,SRV005,2026-08-26,2205,INC01304,Medium
ALT000958,SRV004,2026-10-09,1723,INC01278,High
ALT000959,SRV005,2026-09-12,2165,INC00221,Critical
ALT000960,SRV004,2025-03-05,1687,INC00745,Low
ALT000961,SRV010,2026-03-18,1971,INC01312,Critical
ALT000962,SRV004,2025-09-14,323,INC00471,Low
ALT000963,SRV003,2025-01-03,116,INC00706,Medium
ALT000964,SRV003,2026-05-01,526,INC00713,High
ALT000965,SRV009,2026-02-12,2271,INC00259,High
ALT000966,SRV001,2025-06-23,1724,INC00090,Critical
ALT000967,SRV008,2026-09-17,1932,INC00706,High
ALT000968,SRV010,2025-06-23,339,INC00542,High
ALT000969,SRV010,2025-02-22,1323,INC00785,Medium
ALT000970,SRV002,2026-06-13,934,INC00316,Critical
ALT000971,SRV010,2026-07-20,2118,INC00903,Medium
ALT000972,SRV004,2025-07-04,852,INC00680,Low
ALT000973,SRV008,2025-05-30,1657,INC00432,Critical
ALT000974,SRV009,2025-06-05,246,INC01026,Medium
ALT000975,SRV004,2025-11-04,457,INC00765,Low
ALT000976,SRV003,2025-01-19,254,INC01460,Medium
ALT000977,SRV008,2026-01-25,14,INC00311,Critical
ALT000978,SRV008,2025-07-28,1021,INC00201,Medium
ALT000979,SRV001,2025-03-09,75,INC01163,Low
ALT000980,SRV004,2026-04-07,202,INC00961,Low
ALT000981,SRV003,2026-07-12,754,INC00284,Low
ALT000982,SRV009,2026-07-23,1379,INC00212,Medium
ALT000983,SRV001,2025-04-19,1035,INC00649,Low
ALT000984,SRV001,2025-10-18,288,INC01291,Critical
ALT000985,SRV008,2025-09-19,365,INC01203,Low
ALT000986,SRV005,2026-05-10,388,INC00636,Medium
ALT000987,SRV009,2025-02-09,1339,INC01233,Low
ALT000988,SRV001,2026-06-19,954,INC00902,High
ALT000989,SRV010,2026-01-21,2284,INC00736,High
ALT000990,SRV001,2026-06-13,1729,INC00806,High
ALT000991,SRV006,2025-01-31,2311,INC00968,Critical
ALT000992,SRV009,2026-01-11,1325,INC00376,High
ALT000993,SRV007,2026-10-06,2319,INC00770,Medium
ALT000994,SRV006,2025-04-11,51,INC01131,High
ALT000995,SRV006,2026-06-27,512,INC00295,High
ALT000996,SRV005,2025-06-12,40,INC00153,High
ALT000997,SRV004,2025-05-11,282,INC00263,Critical
ALT000998,SRV009,2026-07-22,480,INC00874,High
ALT000999,SRV007,2026-03-29,1049,INC01369,Critical
ALT001000,SRV006,2026-03-15,2007,INC00671,Medium
ALT001001,SRV002,2026-06-12,698,INC01320,Critical
ALT001002,SRV003,2025-07-19,1332,INC00318,Critical
ALT001003,SRV001,2026-10-27,1516,INC00611,Low
ALT001004,SRV010,2026-11-13,1597,INC00925,High
ALT001005,SRV009,2026-02-08,1996,INC00011,High
ALT001006,SRV006,2025-05-15,1308,INC00303,Critical
ALT001007,SRV007,2026-06-06,2305,INC00148,Low
ALT001008,SRV009,2026-02-16,1650,INC00024,Medium
ALT001009,SRV002,2025-11-17,139,INC01467,Critical
ALT001010,SRV007,2025-11-06,2316,INC00703,Medium
ALT001011,SRV009,2026-09-30,1316,INC01364,Low
ALT001012,SRV004,2025-11-20,1750,INC00842,Low
ALT001013,SRV004,2026-03-14,817,INC01456,Medium
ALT001014,SRV002,2026-05-18,1777,INC01094,High
ALT001015,SRV008,2026-09-08,1443,INC00715,Medium
ALT001016,SRV009,2026-02-09,597,INC01264,Low
ALT001017,SRV010,2025-08-12,1825,INC01127,Low
ALT001018,SRV004,2026-02-15,1441,INC00933,Low
ALT001019,SRV005,2025-11-03,2324,INC01439,Low
ALT001020,SRV006,2026-10-25,147,INC00793,Medium
ALT001021,SRV003,2026-07-21,1213,INC01356,Low
ALT001022,SRV009,2025-08-03,1088,INC01136,Low
ALT001023,SRV001,2025-01-15,593,INC00899,Medium
ALT001024,SRV008,2026-05-15,1965,INC00715,Low
ALT001025,SRV001,2026-03-19,571,INC00025,Critical
ALT001026,SRV006,2026-05-03,1904,INC00086,Critical
ALT001027,SRV009,2026-05-10,1783,INC00870,Critical
ALT001028,SRV009,2025-09-28,1839,INC00531,Medium
ALT001029,SRV009,2026-02-12,1972,INC01413,Medium
ALT001030,SRV010,2026-05-19,2207,INC00984,Critical
ALT001031,SRV002,2026-06-04,206,INC01013,Low
ALT001032,SRV005,2026-12-27,668,INC00990,Low
ALT001033,SRV009,2026-05-15,222,INC00993,Low
ALT001034,SRV008,2026-04-25,1692,INC00206,Medium
ALT001035,SRV006,2025-08-15,1934,INC00981,Critical
ALT001036,SRV009,2025-08-18,1074,INC00857,Low
ALT001037,SRV005,2025-07-31,529,INC00471,High
ALT001038,SRV001,2025-11-03,2122,INC01147,Low
ALT001039,SRV004,2025-10-11,667,INC00239,Medium
ALT001040,SRV006,2025-01-08,658,INC00599,High
ALT001041,SRV009,2026-07-27,825,INC00074,Medium
ALT001042,SRV003,2025-05-27,1361,INC01350,Medium
ALT001043,SRV010,2026-10-24,1792,INC01377,Critical
ALT001044,SRV004,2026-04-30,67,INC00078,High
ALT001045,SRV001,2025-05-21,1979,INC01471,Low
ALT001046,SRV001,2026-03-23,544,INC00641,Low
ALT001047,SRV007,2025-12-13,1001,INC00054,High
ALT001048,SRV002,2026-07-02,1032,INC01411,Low
ALT001049,SRV008,2025-02-05,260,INC00958,Critical
ALT001050,SRV009,2026-09-10,343,INC00202,Low
ALT001051,SRV009,2026-03-11,782,INC00161,Medium
ALT001052,SRV002,2025-02-20,920,INC00484,High
ALT001053,SRV009,2025-08-02,1285,INC01206,Medium
ALT001054,SRV005,2026-06-03,1673,INC01330,High
ALT001055,SRV009,2026-03-29,526,INC00893,Low
ALT001056,SRV002,2026-05-05,437,INC01466,Critical
ALT001057,SRV009,2026-05-13,1279,INC01244,Medium
ALT001058,SRV006,2026-06-20,1055,INC00490,Medium
ALT001059,SRV008,2025-06-06,614,INC00967,High
ALT001060,SRV002,2026-11-17,1680,INC01140,Low
ALT001061,SRV009,2026-12-18,1678,INC01348,Medium
ALT001062,SRV009,2026-05-16,2200,INC00037,Medium
ALT001063,SRV006,2025-10-31,1822,INC01207,High
ALT001064,SRV010,2026-05-21,1541,INC01074,High
ALT001065,SRV004,2025-11-30,1101,INC01059,Critical
ALT001066,SRV007,2025-06-06,1248,INC01443,Low
ALT001067,SRV009,2026-03-01,194,INC00902,Critical
ALT001068,SRV008,2026-07-14,2130,INC00511,High
ALT001069,SRV003,2026-07-08,548,INC00664,Critical
ALT001070,SRV008,2025-08-28,1235,INC00814,Low
ALT001071,SRV005,2026-10-09,403,INC00761,Critical
ALT001072,SRV004,2026-01-29,313,INC00634,Low
ALT001073,SRV004,2025-06-20,2048,INC00623,Medium
ALT001074,SRV001,2026-08-01,116,INC00110,Medium
ALT001075,SRV007,2025-03-17,1040,INC01473,Medium
ALT001076,SRV006,2026-07-07,1905,INC00264,High
ALT001077,SRV004,2026-09-20,1519,INC00814,Medium
ALT001078,SRV005,2025-11-17,549,INC00326,Critical
ALT001079,SRV005,2025-01-22,371,INC01228,Medium
ALT001080,SRV006,2025-09-29,1872,INC01236,Critical
ALT001081,SRV003,2026-08-14,554,INC01492,Critical
ALT001082,SRV008,2025-05-12,2218,INC00558,Low
ALT001083,SRV006,2025-11-23,1120,INC00754,Critical
ALT001084,SRV010,2025-03-03,2090,INC00374,High
ALT001085,SRV009,2026-05-28,1274,INC00380,Low
ALT001086,SRV005,2025-02-06,511,INC01298,High
ALT001087,SRV006,2026-05-10,1081,INC00068,Critical
ALT001088,SRV004,2025-06-10,158,INC00893,Critical
ALT001089,SRV001,2025-12-13,621,INC00532,Low
ALT001090,SRV010,2026-05-29,410,INC00545,Critical
ALT001091,SRV010,2026-06-23,1494,INC00428,Medium
ALT001092,SRV004,2026-04-07,494,INC00004,Medium
ALT001093,SRV009,2025-03-05,459,INC01250,Medium
ALT001094,SRV008,2026-09-09,1042,INC01196,Low
ALT001095,SRV001,2025-07-06,2296,INC00105,High
ALT001096,SRV001,2026-05-17,635,INC01192,Low
ALT001097,SRV010,2026-07-03,1414,INC01200,Low
ALT001098,SRV005,2025-07-15,2151,INC01260,Low
ALT001099,SRV008,2025-08-23,901,INC00133,Medium
ALT001100,SRV010,2025-04-01,320,INC01117,Low
ALT001101,SRV001,2025-11-27,566,INC00435,Medium
ALT001102,SRV001,2026-05-07,182,INC00678,Critical
ALT001103,SRV001,2026-01-27,153,INC01042,High
ALT001104,SRV005,2025-11-12,1529,INC00113,Medium
ALT001105,SRV008,2025-05-27,2151,INC00555,Critical
ALT001106,SRV002,2026-01-30,16,INC00308,Medium
ALT001107,SRV007,2025-01-09,2138,INC00321,Critical
ALT001108,SRV009,2025-02-11,1152,INC00181,Critical
ALT001109,SRV001,2025-05-25,174,INC01208,High
ALT001110,SRV003,2025-04-02,830,INC00787,Low
ALT001111,SRV005,2026-08-08,819,INC00545,Critical
ALT001112,SRV009,2026-10-14,2331,INC01231,Critical
ALT001113,SRV009,2025-09-15,1410,INC00513,Low
ALT001114,SRV007,2026-08-31,2071,INC00486,Low
ALT001115,SRV001,2026-06-13,286,INC00455,Critical
ALT001116,SRV005,2025-05-16,532,INC01024,Medium
ALT001117,SRV010,2025-08-02,420,INC00707,Critical
ALT001118,SRV002,2025-07-05,513,INC00470,Critical
ALT001119,SRV001,2026-11-02,2320,INC00261,Low
ALT001120,SRV003,2026-03-22,2085,INC00062,Low
ALT001121,SRV007,2025-03-09,538,INC01234,Low
ALT001122,SRV002,2025-11-02,2154,INC00603,High
ALT001123,SRV002,2026-05-31,933,INC00206,Critical
ALT001124,SRV002,2026-06-05,343,INC01214,Medium
ALT001125,SRV004,2026-05-03,2188,INC01243,High
ALT001126,SRV004,2025-03-18,1947,INC01469,Low
ALT001127,SRV003,2025-10-23,901,INC00842,Critical
ALT001128,SRV002,2026-12-31,2050,INC00549,High
ALT001129,SRV003,2025-03-22,295,INC00682,Low
ALT001130,SRV004,2025-07-17,1285,INC00230,Critical
ALT001131,SRV007,2026-03-20,95,INC00477,High
ALT001132,SRV004,2025-05-19,1665,INC01066,High
ALT001133,SRV007,2025-05-14,843,INC01190,Critical
ALT001134,SRV003,2025-08-27,2158,INC00190,Medium
ALT001135,SRV010,2025-06-19,67,INC00392,Medium
ALT001136,SRV003,2026-04-06,870,INC00915,Critical
ALT001137,SRV008,2025-10-31,654,INC00811,Medium
ALT001138,SRV007,2026-03-31,521,INC00001,High
ALT001139,SRV003,2025-02-08,526,INC00942,Low
ALT001140,SRV002,2026-07-07,1998,INC00584,Low
ALT001141,SRV003,2026-06-08,348,INC00629,Medium
ALT001142,SRV010,2025-03-22,1354,INC00018,Critical
ALT001143,SRV007,2026-05-26,384,INC00588,Medium
ALT001144,SRV001,2026-04-05,144,INC00658,Low
ALT001145,SRV003,2025-03-01,1644,INC00657,Critical
ALT001146,SRV006,2025-04-23,275,INC00473,Critical
ALT001147,SRV001,2025-05-07,1415,INC00013,Critical
ALT001148,SRV003,2026-12-05,1366,INC00700,High
ALT001149,SRV006,2026-04-27,2204,INC00870,High
ALT001150,SRV008,2025-02-14,529,INC00068,Low
ALT001151,SRV005,2026-04-23,2008,INC01177,Medium
ALT001152,SRV002,2026-02-10,116,INC00908,Critical
ALT001153,SRV002,2025-01-28,1528,INC01307,Critical
ALT001154,SRV010,2025-06-17,142,INC01188,High
ALT001155,SRV001,2026-01-12,150,INC00301,High
ALT001156,SRV001,2025-06-22,556,INC01282,Medium
ALT001157,SRV006,2025-03-23,2336,INC00275,High
ALT001158,SRV003,2026-09-06,1412,INC01104,High
ALT001159,SRV007,2026-09-08,645,INC01287,High
ALT001160,SRV009,2026-12-25,970,INC01028,Medium
ALT001161,SRV005,2026-01-03,976,INC01047,Low
ALT001162,SRV005,2025-11-18,828,INC00859,Critical
ALT001163,SRV010,2025-11-26,712,INC00442,Medium
ALT001164,SRV007,2026-07-25,1812,INC01003,High
ALT001165,SRV004,2026-03-05,1911,INC01226,High
ALT001166,SRV004,2025-03-18,55,INC00886,High
ALT001167,SRV005,2026-01-14,679,INC00987,High
ALT001168,SRV004,2025-09-30,1671,INC00510,Medium
ALT001169,SRV008,2026-08-29,157,INC00625,Critical
ALT001170,SRV008,2025-10-30,397,INC00775,Critical
ALT001171,SRV004,2025-11-06,1028,INC00505,Critical
ALT001172,SRV002,2025-12-01,274,INC00115,Critical
ALT001173,SRV007,2025-01-30,34,INC01377,Low
ALT001174,SRV002,2026-04-26,535,INC00751,High
ALT001175,SRV008,2025-03-20,980,INC00997,Medium
ALT001176,SRV001,2025-09-24,1529,INC00894,Critical
ALT001177,SRV010,2025-08-05,250,INC00193,High
ALT001178,SRV002,2026-04-16,1653,INC00201,Medium
ALT001179,SRV010,2025-05-18,2029,INC01331,High
ALT001180,SRV005,2026-01-27,693,INC00137,Medium
ALT001181,SRV002,2025-12-08,1983,INC00514,Medium
ALT001182,SRV006,2026-06-29,142,INC00913,Low
ALT001183,SRV009,2025-08-11,1705,INC00633,Medium
ALT001184,SRV010,2025-12-24,2035,INC00490,Low
ALT001185,SRV009,2025-11-03,31,INC00509,Low
ALT001186,SRV001,2026-03-28,676,INC00896,High
ALT001187,SRV002,2025-01-19,537,INC01423,High
ALT001188,SRV005,2025-12-19,892,INC00410,Critical
ALT001189,SRV007,2026-06-19,556,INC00604,Low
ALT001190,SRV008,2026-03-30,2051,INC00464,High
ALT001191,SRV002,2026-05-18,2285,INC01479,Low
ALT001192,SRV007,2026-10-17,94,INC00181,Medium
ALT001193,SRV002,2025-06-06,28,INC00085,High
ALT001194,SRV009,2026-10-28,177,INC01337,Critical
ALT001195,SRV006,2025-10-03,397,INC00685,Low
ALT001196,SRV009,2025-12-24,80,INC00340,Medium
ALT001197,SRV008,2025-06-01,615,INC01165,Low
ALT001198,SRV004,2025-08-07,1848,INC00423,Medium
ALT001199,SRV005,2025-11-16,342,INC00502,Critical
ALT001200,SRV010,2026-01-03,2263,INC01197,Critical
ALT001201,SRV006,2025-11-01,1428,INC01264,Low
ALT001202,SRV002,2026-07-08,2292,INC00413,Critical
ALT001203,SRV009,2025-07-24,1651,INC01313,Low
ALT001204,SRV005,2026-05-07,10,INC00994,High
ALT001205,SRV008,2026-06-28,1607,INC00324,High
ALT001206,SRV009,2026-06-30,1331,INC01069,Critical
ALT001207,SRV007,2025-03-21,421,INC00449,Critical
ALT001208,SRV007,2026-10-11,1770,INC01476,Low
ALT001209,SRV001,2025-09-06,1647,INC00140,Critical
ALT001210,SRV004,2025-04-12,1368,INC00048,Medium
ALT001211,SRV006,2025-06-30,2204,INC00773,Low
ALT001212,SRV007,2025-07-20,525,INC00540,Medium
ALT001213,SRV009,2025-01-25,1412,INC00290,Medium
ALT001214,SRV002,2025-02-08,1617,INC00952,Critical
ALT001215,SRV010,2025-12-31,1156,INC01114,Low
ALT001216,SRV010,2026-01-11,547,INC01218,Low
ALT001217,SRV002,2026-06-06,2350,INC01049,Medium
ALT001218,SRV006,2025-04-07,307,INC01099,Medium
ALT001219,SRV002,2025-06-02,651,INC00530,Low
ALT001220,SRV001,2025-02-11,2175,INC01088,High
ALT001221,SRV007,2026-08-28,1800,INC00933,Low
ALT001222,SRV001,2025-09-17,1106,INC00386,Low
ALT001223,SRV009,2026-07-29,1937,INC00151,High
ALT001224,SRV008,2026-02-07,1856,INC00442,Medium
ALT001225,SRV009,2025-07-11,678,INC01439,Medium
ALT001226,SRV002,2026-02-03,1125,INC00419,High
ALT001227,SRV001,2026-04-15,1586,INC00504,High
ALT001228,SRV004,2026-11-21,1649,INC00642,Low
ALT001229,SRV005,2025-07-31,52,INC01069,Medium
ALT001230,SRV002,2025-04-13,1958,INC01209,Low
ALT001231,SRV005,2025-04-07,1536,INC00456,Medium
ALT001232,SRV003,2025-08-30,754,INC00874,High
ALT001233,SRV010,2025-07-24,315,INC01234,High
ALT001234,SRV004,2026-06-27,1918,INC01134,High
ALT001235,SRV005,2026-01-12,877,INC00608,Critical
ALT001236,SRV009,2025-12-27,318,INC01242,Critical
ALT001237,SRV004,2026-12-23,1792,INC01498,High
ALT001238,SRV008,2025-03-03,1178,INC00688,Low
ALT001239,SRV009,2026-06-15,618,INC00023,High
ALT001240,SRV010,2025-05-27,1382,INC01239,Low
ALT001241,SRV003,2025-06-19,617,INC00029,Low
ALT001242,SRV005,2026-05-19,1957,INC00241,High
ALT001243,SRV009,2025-11-15,763,INC01329,Medium
ALT001244,SRV009,2026-07-19,202,INC00786,Low
ALT001245,SRV008,2025-08-03,820,INC00688,Medium
ALT001246,SRV001,2026-03-31,829,INC00892,Medium
ALT001247,SRV002,2026-02-18,532,INC00839,Low
ALT001248,SRV002,2025-07-29,1097,INC00939,Low
ALT001249,SRV007,2025-10-21,1138,INC00109,High
ALT001250,SRV008,2025-06-23,114,INC00099,Critical
ALT001251,SRV003,2026-11-24,1800,INC01148,Critical
ALT001252,SRV005,2025-12-14,1205,INC00847,Low
ALT001253,SRV010,2026-08-03,1162,INC00455,High
ALT001254,SRV003,2026-11-03,295,INC01375,High
ALT001255,SRV003,2026-10-14,16,INC01032,Medium
ALT001256,SRV009,2025-08-30,1891,INC00351,High
ALT001257,SRV003,2025-01-29,1464,INC00911,High
ALT001258,SRV008,2026-02-06,1571,INC00174,Critical
ALT001259,SRV007,2026-11-09,735,INC00694,High
ALT001260,SRV006,2026-01-27,795,INC01033,Critical
ALT001261,SRV005,2025-07-23,699,INC00307,Critical
ALT001262,SRV010,2025-11-02,114,INC00185,Critical
ALT001263,SRV008,2025-11-11,1864,INC00856,Critical
ALT001264,SRV010,2025-03-05,103,INC00534,Critical
ALT001265,SRV004,2026-03-03,2200,INC00824,Critical
ALT001266,SRV006,2026-09-17,695,INC00987,High
ALT001267,SRV008,2025-04-14,640,INC00084,High
ALT001268,SRV005,2026-01-20,215,INC00988,High
ALT001269,SRV005,2026-01-20,1461,INC00199,High
ALT001270,SRV008,2026-09-19,2023,INC00884,High
ALT001271,SRV006,2026-10-03,1518,INC00080,Critical
ALT001272,SRV007,2026-01-21,2208,INC00151,Low
ALT001273,SRV002,2026-12-19,2063,INC00199,Critical
ALT001274,SRV001,2026-01-01,2252,INC00925,Medium
ALT001275,SRV004,2025-02-22,1430,INC01319,High
ALT001276,SRV006,2026-03-09,1282,INC00955,High
ALT001277,SRV010,2026-12-08,1743,INC00963,Critical
ALT001278,SRV007,2025-06-20,2300,INC01231,Low
ALT001279,SRV004,2025-04-24,416,INC00435,Medium
ALT001280,SRV008,2026-01-21,13,INC00732,Critical
ALT001281,SRV009,2026-05-04,205,INC01406,Critical
ALT001282,SRV009,2025-07-23,308,INC00012,Low
ALT001283,SRV008,2026-03-23,528,INC00746,High
ALT001284,SRV010,2026-03-01,819,INC00189,Low
ALT001285,SRV009,2026-09-13,1959,INC00273,High
ALT001286,SRV001,2026-01-25,822,INC00080,Medium
ALT001287,SRV004,2025-06-04,913,INC00428,Critical
ALT001288,SRV005,2025-09-15,196,INC01050,Low
ALT001289,SRV002,2026-01-17,2054,INC01391,Critical
ALT001290,SRV002,2025-07-09,1693,INC00998,Critical
ALT001291,SRV007,2026-08-26,1319,INC00687,High
ALT001292,SRV007,2025-11-28,7,INC00541,Medium
ALT001293,SRV008,2025-09-08,2212,INC01416,Low
ALT001294,SRV007,2026-10-05,42,INC00262,High
ALT001295,SRV007,2026-11-28,2344,INC00186,Critical
ALT001296,SRV002,2026-08-15,146,INC00935,Medium
ALT001297,SRV006,2026-11-14,310,INC00769,Critical
ALT001298,SRV001,2026-07-09,1241,INC00454,Low
ALT001299,SRV007,2025-10-02,278,INC00233,High
ALT001300,SRV005,2026-11-07,2336,INC00682,High
ALT001301,SRV001,2026-12-16,800,INC00186,Low
ALT001302,SRV009,2026-06-16,530,INC00716,High
ALT001303,SRV001,2025-12-26,1511,INC00010,Low
ALT001304,SRV001,2026-02-03,125,INC00134,Low
ALT001305,SRV009,2026-09-15,1980,INC01246,Critical
ALT001306,SRV009,2026-04-28,1263,INC00623,High
ALT001307,SRV009,2025-01-27,616,INC00265,High
ALT001308,SRV001,2026-11-03,889,INC00815,Critical
ALT001309,SRV006,2026-11-02,1808,INC00324,High
ALT001310,SRV001,2025-05-06,899,INC00647,Low
ALT001311,SRV007,2025-03-23,729,INC01197,Critical
ALT001312,SRV010,2025-05-17,1932,INC00234,Medium
ALT001313,SRV001,2026-01-18,327,INC00655,High
ALT001314,SRV008,2026-07-19,1953,INC00846,High
ALT001315,SRV006,2026-03-04,351,INC00112,Low
ALT001316,SRV008,2025-05-13,1781,INC01098,High
ALT001317,SRV010,2026-07-29,566,INC00350,High
ALT001318,SRV007,2026-02-23,605,INC01301,Critical
ALT001319,SRV001,2025-02-21,434,INC01328,Medium
ALT001320,SRV005,2025-03-18,2047,INC00899,High
ALT001321,SRV003,2025-02-28,109,INC00537,High
ALT001322,SRV008,2025-03-16,180,INC00585,Low
ALT001323,SRV006,2025-06-14,2042,INC00085,Medium
ALT001324,SRV005,2025-10-28,1287,INC00473,Medium
ALT001325,SRV005,2025-05-26,1099,INC00665,Critical
ALT001326,SRV009,2025-12-18,1446,INC01485,Critical
ALT001327,SRV001,2025-06-30,2174,INC00536,Medium
ALT001328,SRV005,2025-01-13,2109,INC00053,Medium
ALT001329,SRV006,2026-05-07,616,INC00574,Low
ALT001330,SRV009,2025-02-08,759,INC00776,Medium
ALT001331,SRV001,2026-09-04,1500,INC00881,Low
ALT001332,SRV009,2025-10-29,1476,INC01378,Critical
ALT001333,SRV003,2026-03-17,235,INC01126,Low
ALT001334,SRV006,2025-01-17,1141,INC00468,Medium
ALT001335,SRV007,2026-10-22,1236,INC00955,Low
ALT001336,SRV002,2026-07-04,995,INC00220,Low
ALT001337,SRV002,2026-06-19,350,INC00708,Low
ALT001338,SRV004,2025-05-23,1018,INC00926,Low
ALT001339,SRV004,2025-09-06,897,INC00902,Medium
ALT001340,SRV004,2026-06-16,1774,INC01348,Medium
ALT001341,SRV005,2026-01-24,2189,INC00437,High
ALT001342,SRV005,2026-04-18,1719,INC01396,Low
ALT001343,SRV004,2026-02-06,309,INC00552,Medium
ALT001344,SRV009,2025-11-11,33,INC00986,Critical
ALT001345,SRV008,2025-09-26,953,INC00181,Critical
ALT001346,SRV010,2025-11-20,1092,INC00979,Critical
ALT001347,SRV005,2025-01-10,1225,INC00139,Low
ALT001348,SRV002,2025-07-30,1554,INC00101,High
ALT001349,SRV003,2025-09-28,674,INC01114,High
ALT001350,SRV007,2025-10-13,59,INC00673,Low
ALT001351,SRV007,2025-02-25,1972,INC01278,High
ALT001352,SRV009,2026-04-17,2045,INC00621,Low
ALT001353,SRV010,2026-01-18,424,INC01017,High
ALT001354,SRV010,2025-02-09,2070,INC01330,High
ALT001355,SRV002,2025-05-16,706,INC00934,Critical
ALT001356,SRV001,2025-11-13,2294,INC00802,Medium
ALT001357,SRV005,2025-07-19,10,INC00691,High
ALT001358,SRV003,2025-01-09,1148,INC01381,Low
ALT001359,SRV002,2025-09-01,2168,INC01001,Medium
ALT001360,SRV008,2025-07-23,1986,INC00277,Critical
ALT001361,SRV003,2026-04-24,1570,INC00376,Low
ALT001362,SRV010,2026-09-14,489,INC00508,Critical
ALT001363,SRV001,2026-05-06,1148,INC00204,Medium
ALT001364,SRV005,2025-04-21,151,INC00133,Low
ALT001365,SRV004,2025-11-20,1295,INC01270,Medium
ALT001366,SRV008,2025-12-15,1926,INC00139,Critical
ALT001367,SRV001,2025-03-08,347,INC00644,Critical
ALT001368,SRV004,2025-09-23,278,INC01390,High
ALT001369,SRV006,2026-05-19,1231,INC00745,Medium
ALT001370,SRV008,2025-04-24,38,INC00814,Low
ALT001371,SRV010,2025-01-20,72,INC00240,Critical
ALT001372,SRV006,2025-11-08,71,INC01075,Low
ALT001373,SRV002,2026-09-23,1887,INC00406,High
ALT001374,SRV006,2025-07-31,1443,INC00390,Medium
ALT001375,SRV001,2026-09-09,649,INC00843,Critical
ALT001376,SRV009,2025-06-22,2345,INC00527,Medium
ALT001377,SRV003,2026-11-15,1197,INC00966,High
ALT001378,SRV003,2026-09-20,137,INC00737,Critical
ALT001379,SRV007,2026-10-29,1617,INC01312,High
ALT001380,SRV002,2026-11-13,323,INC01217,Critical
ALT001381,SRV007,2025-01-01,183,INC00367,Critical
ALT001382,SRV008,2025-09-28,2323,INC01326,Critical
ALT001383,SRV009,2025-02-18,1404,INC01171,High
ALT001384,SRV004,2025-12-01,565,INC00518,Critical
ALT001385,SRV005,2025-09-27,563,INC00332,Low
ALT001386,SRV003,2026-12-04,1586,INC00885,Critical
ALT001387,SRV003,2026-02-12,353,INC00140,High
ALT001388,SRV007,2025-10-16,1326,INC01230,Medium
ALT001389,SRV006,2025-07-20,2082,INC00483,Medium
ALT001390,SRV001,2025-05-10,226,INC01333,Low
ALT001391,SRV008,2026-02-26,981,INC01102,Medium
ALT001392,SRV006,2025-10-25,2002,INC00974,Critical
ALT001393,SRV009,2025-09-05,132,INC00980,Low
ALT001394,SRV001,2025-01-27,2124,INC00535,Critical
ALT001395,SRV009,2025-11-28,995,INC01103,Medium
ALT001396,SRV008,2025-03-31,1554,INC01427,Low
ALT001397,SRV003,2026-04-11,1206,INC00872,Critical
ALT001398,SRV004,2025-06-29,456,INC00838,High
ALT001399,SRV004,2025-04-23,319,INC00258,Critical
ALT001400,SRV010,2026-11-14,646,INC00949,Medium
ALT001401,SRV005,2025-03-04,312,INC00584,Low
ALT001402,SRV002,2025-10-18,1474,INC00358,High
ALT001403,SRV004,2025-04-18,959,INC00439,Medium
ALT001404,SRV001,2026-08-28,51,INC00528,Critical
ALT001405,SRV006,2026-01-02,645,INC00877,Medium
ALT001406,SRV004,2026-03-06,1493,INC01135,High
ALT001407,SRV009,2026-11-25,1166,INC00389,High
ALT001408,SRV004,2026-04-13,1318,INC01081,Medium
ALT001409,SRV004,2026-03-05,2207,INC01122,High
ALT001410,SRV002,2026-10-01,45,INC01108,High
ALT001411,SRV010,2026-09-04,368,INC00147,High
ALT001412,SRV003,2026-09-13,644,INC01417,Critical
ALT001413,SRV010,2025-11-17,2047,INC01041,Medium
ALT001414,SRV008,2026-11-28,567,INC00516,Low
ALT001415,SRV007,2026-04-15,1647,INC00269,High
ALT001416,SRV008,2025-10-20,1241,INC00624,Medium
ALT001417,SRV009,2025-10-22,326,INC01100,Critical
ALT001418,SRV002,2026-03-13,929,INC00090,Medium
ALT001419,SRV003,2026-12-15,479,INC00200,Medium
ALT001420,SRV001,2025-12-24,1047,INC00091,Medium
ALT001421,SRV008,2026-10-06,1546,INC01069,Critical
ALT001422,SRV006,2026-02-10,1320,INC01091,Low
ALT001423,SRV002,2025-06-05,2276,INC01189,Low
ALT001424,SRV006,2025-04-14,1381,INC00030,Low
ALT001425,SRV008,2026-10-04,1020,INC00459,Critical
ALT001426,SRV010,2026-10-05,1694,INC00957,High
ALT001427,SRV004,2026-04-21,1618,INC00876,High
ALT001428,SRV007,2025-07-11,881,INC00211,Low
ALT001429,SRV006,2026-11-24,1240,INC00309,Critical
ALT001430,SRV001,2026-06-10,512,INC00248,High
ALT001431,SRV007,2025-02-26,1609,INC00560,Low
ALT001432,SRV001,2026-11-30,1280,INC00406,High
ALT001433,SRV006,2025-04-27,2182,INC01392,High
ALT001434,SRV010,2026-10-09,1216,INC00839,Medium
ALT001435,SRV002,2025-07-28,1338,INC00405,Low
ALT001436,SRV003,2025-08-24,545,INC00143,High
ALT001437,SRV006,2025-05-24,1553,INC01369,Critical
ALT001438,SRV006,2025-06-17,1497,INC00842,Low
ALT001439,SRV010,2025-10-30,1011,INC00764,Medium
ALT001440,SRV007,2025-05-24,1211,INC00638,High
ALT001441,SRV006,2026-10-25,1378,INC00498,Critical
ALT001442,SRV009,2026-05-07,663,INC01381,Low
ALT001443,SRV003,2026-06-02,1650,INC00903,Critical
ALT001444,SRV001,2026-05-19,1987,INC01394,High
ALT001445,SRV003,2025-05-07,1680,INC00077,Medium
ALT001446,SRV003,2026-04-03,1076,INC00376,Critical
ALT001447,SRV007,2025-06-18,1046,INC01141,High
ALT001448,SRV006,2026-11-27,1863,INC00427,Low
ALT001449,SRV010,2026-07-29,2270,INC01448,High
ALT001450,SRV002,2025-09-14,1075,INC00240,Critical
ALT001451,SRV006,2026-07-11,2205,INC00951,Low
ALT001452,SRV003,2025-09-03,264,INC00973,Critical
ALT001453,SRV002,2025-09-24,1658,INC00021,High
ALT001454,SRV006,2025-08-31,1729,INC00142,Critical
ALT001455,SRV006,2026-01-12,1329,INC00114,Low
ALT001456,SRV004,2026-08-24,548,INC00488,Critical
ALT001457,SRV010,2026-10-30,1218,INC00247,High
ALT001458,SRV007,2025-01-25,1597,INC00575,Critical
ALT001459,SRV005,2026-08-23,1630,INC00954,Low
ALT001460,SRV002,2025-07-08,783,INC00493,Critical
ALT001461,SRV001,2025-01-30,103,INC01195,High
ALT001462,SRV001,2026-09-30,83,INC01174,Low
ALT001463,SRV001,2025-03-16,1736,INC00174,Critical
ALT001464,SRV006,2025-06-15,945,INC00742,High
ALT001465,SRV006,2025-06-09,2357,INC01341,Medium
ALT001466,SRV008,2026-10-25,1259,INC00962,Critical
ALT001467,SRV009,2026-06-08,935,INC00630,Low
ALT001468,SRV005,2026-12-25,1192,INC00709,High
ALT001469,SRV002,2026-12-26,1791,INC00016,Critical
ALT001470,SRV009,2025-04-18,2097,INC01107,High
ALT001471,SRV002,2025-01-16,1713,INC00255,Low
ALT001472,SRV008,2026-04-28,1814,INC01331,Critical
ALT001473,SRV002,2025-12-20,230,INC01254,Low
ALT001474,SRV005,2025-03-07,2344,INC01057,Critical
ALT001475,SRV010,2025-02-28,1936,INC00907,Medium
ALT001476,SRV001,2026-07-05,1867,INC00490,High
ALT001477,SRV005,2026-10-27,2333,INC00255,Critical
ALT001478,SRV005,2025-03-23,922,INC00378,Low
ALT001479,SRV004,2025-01-03,278,INC00151,Critical
ALT001480,SRV008,2026-04-11,965,INC00508,High
ALT001481,SRV007,2026-11-25,190,INC00441,Medium
ALT001482,SRV006,2025-09-10,543,INC00087,High
ALT001483,SRV008,2026-03-27,1534,INC00287,Low
ALT001484,SRV002,2026-06-02,1815,INC00798,Medium
ALT001485,SRV010,2025-01-07,1286,INC00954,Medium
ALT001486,SRV001,2025-01-05,2133,INC00216,Medium
ALT001487,SRV008,2025-01-07,1974,INC01022,Critical
ALT001488,SRV010,2025-09-07,2320,INC00063,Critical
ALT001489,SRV007,2026-07-11,444,INC00061,Critical
ALT001490,SRV009,2026-06-23,759,INC00984,Low
ALT001491,SRV006,2025-03-22,1060,INC00223,High
ALT001492,SRV003,2026-03-01,1196,INC00461,Medium
ALT001493,SRV002,2026-11-17,705,INC01257,High
ALT001494,SRV009,2025-08-23,905,INC01340,Low
ALT001495,SRV007,2026-09-03,1569,INC01126,Critical
ALT001496,SRV008,2026-05-28,2116,INC00072,Medium
ALT001497,SRV006,2026-03-31,1802,INC00840,Low
ALT001498,SRV009,2025-12-31,927,INC00741,Low
ALT001499,SRV006,2026-10-01,2317,INC00982,Medium
ALT001500,SRV008,2025-03-10,143,INC00486,High
ALT001501,SRV005,2026-04-28,171,INC01286,Low
ALT001502,SRV002,2026-01-18,1858,INC00318,Low
ALT001503,SRV004,2025-06-03,1269,INC00640,High
ALT001504,SRV002,2026-03-09,1404,INC01039,High
ALT001505,SRV001,2026-02-01,311,INC00023,High
ALT001506,SRV009,2026-08-03,1060,INC00878,Medium
ALT001507,SRV010,2025-04-15,275,INC01495,Critical
ALT001508,SRV006,2026-08-08,1383,INC00413,High
ALT001509,SRV010,2026-10-27,1206,INC00016,Critical
ALT001510,SRV003,2025-01-09,2277,INC01123,Low
ALT001511,SRV010,2025-01-08,887,INC01076,Medium
ALT001512,SRV006,2026-12-23,666,INC01127,Medium
ALT001513,SRV001,2025-07-09,960,INC00507,High
ALT001514,SRV007,2026-03-08,58,INC01112,Medium
ALT001515,SRV006,2026-11-13,430,INC00487,High
ALT001516,SRV003,2026-11-06,868,INC00201,Critical
ALT001517,SRV005,2025-09-27,1558,INC01483,Medium
ALT001518,SRV007,2026-03-20,356,INC00791,Medium
ALT001519,SRV009,2026-02-05,2001,INC00441,Low
ALT001520,SRV004,2025-04-23,2021,INC00797,Medium
ALT001521,SRV007,2026-12-25,1439,INC00835,High
ALT001522,SRV005,2025-09-24,74,INC01341,Critical
ALT001523,SRV010,2025-07-11,2255,INC00128,High
ALT001524,SRV003,2025-08-31,1026,INC00276,High
ALT001525,SRV004,2026-10-19,311,INC00445,Low
ALT001526,SRV001,2026-08-21,1597,INC00264,Low
ALT001527,SRV004,2026-01-25,1483,INC00296,Low
ALT001528,SRV001,2026-03-15,2247,INC00412,Critical
ALT001529,SRV007,2026-12-12,1560,INC00174,Critical
ALT001530,SRV007,2025-10-09,2151,INC00448,Critical
ALT001531,SRV006,2025-10-22,548,INC00305,Low
ALT001532,SRV009,2026-08-11,850,INC00377,High
ALT001533,SRV008,2026-07-29,2310,INC00323,High
ALT001534,SRV006,2025-06-12,225,INC01365,High
ALT001535,SRV001,2026-12-03,1007,INC00035,Low
ALT001536,SRV002,2025-02-21,108,INC01483,Medium
ALT001537,SRV003,2025-04-25,2116,INC00141,Medium
ALT001538,SRV003,2025-10-03,1362,INC00276,Medium
ALT001539,SRV008,2025-11-27,606,INC01125,High
ALT001540,SRV003,2025-12-17,230,INC00404,High
ALT001541,SRV001,2025-01-22,436,INC00336,Critical
ALT001542,SRV004,2026-07-14,1928,INC01452,Critical
ALT001543,SRV007,2025-02-19,2351,INC00129,Medium
ALT001544,SRV008,2025-07-31,1913,INC00016,Medium
ALT001545,SRV002,2025-06-25,1472,INC01066,Low
ALT001546,SRV002,2026-07-05,862,INC01462,Critical
ALT001547,SRV003,2025-01-24,2117,INC00195,Medium
ALT001548,SRV001,2026-06-20,660,INC01233,Medium
ALT001549,SRV008,2025-10-24,1932,INC00149,High
ALT001550,SRV003,2026-07-24,1867,INC00124,Low
ALT001551,SRV008,2026-09-21,5,INC00914,High
ALT001552,SRV005,2025-06-07,662,INC01075,Medium
ALT001553,SRV004,2026-06-01,979,INC00100,Critical
ALT001554,SRV005,2025-06-26,2171,INC01447,Critical
ALT001555,SRV003,2025-12-18,2259,INC00132,Medium
ALT001556,SRV001,2026-02-20,1291,INC00804,High
ALT001557,SRV001,2025-05-12,25,INC00904,High
ALT001558,SRV004,2025-10-11,676,INC01496,Low
ALT001559,SRV004,2026-03-17,1333,INC00215,High
ALT001560,SRV009,2026-05-27,1345,INC00065,Low
ALT001561,SRV005,2026-04-19,1185,INC01264,Medium
ALT001562,SRV010,2025-03-14,2164,INC00147,High
ALT001563,SRV006,2026-10-21,346,INC01373,Low
ALT001564,SRV004,2025-12-18,1437,INC00649,Critical
ALT001565,SRV010,2025-05-18,2123,INC00148,Critical
ALT001566,SRV003,2026-03-01,2128,INC01036,Low
ALT001567,SRV010,2026-09-28,240,INC00838,Medium
ALT001568,SRV008,2026-01-17,1188,INC00699,Critical
ALT001569,SRV010,2026-11-11,737,INC00554,Critical
ALT001570,SRV001,2026-05-26,1345,INC01220,High
ALT001571,SRV003,2025-06-28,1611,INC00752,Medium
ALT001572,SRV004,2025-05-29,224,INC01043,Medium
ALT001573,SRV002,2025-05-15,1974,INC00328,Critical
ALT001574,SRV003,2026-07-01,154,INC00917,Low
ALT001575,SRV004,2026-01-11,1566,INC01241,Medium
ALT001576,SRV003,2025-07-17,693,INC00579,High
ALT001577,SRV002,2026-07-13,2190,INC01009,Low
ALT001578,SRV006,2026-10-26,1288,INC00111,Critical
ALT001579,SRV009,2026-06-05,2002,INC00876,High
ALT001580,SRV002,2025-11-10,2176,INC01096,Critical
ALT001581,SRV007,2026-01-18,2111,INC01282,Critical
ALT001582,SRV010,2026-11-19,1978,INC00506,Low
ALT001583,SRV005,2026-11-03,2168,INC00318,Medium
ALT001584,SRV001,2026-09-16,1895,INC01043,Low
ALT001585,SRV007,2025-01-14,1247,INC00772,High
ALT001586,SRV007,2026-08-30,1129,INC01125,Low
ALT001587,SRV005,2026-07-26,556,INC00583,Medium
ALT001588,SRV007,2026-11-07,1879,INC00323,Medium
ALT001589,SRV010,2026-03-04,447,INC01052,Critical
ALT001590,SRV006,2025-09-29,2010,INC00009,Medium
ALT001591,SRV001,2025-06-14,244,INC01326,High
ALT001592,SRV005,2026-09-04,1700,INC01197,Medium
ALT001593,SRV007,2026-04-16,219,INC01319,Medium
ALT001594,SRV005,2026-03-10,711,INC00445,Low
ALT001595,SRV006,2026-02-05,2348,INC00087,Critical
ALT001596,SRV009,2026-06-07,2182,INC01134,High
ALT001597,SRV006,2025-03-10,1985,INC00625,Medium
ALT001598,SRV006,2026-08-27,852,INC00589,Low
ALT001599,SRV005,2026-12-10,2183,INC00858,High
ALT001600,SRV007,2025-09-07,64,INC00002,High
ALT001601,SRV006,2026-12-19,345,INC00903,High
ALT001602,SRV006,2026-04-28,2056,INC00624,Medium
ALT001603,SRV010,2025-01-25,292,INC00068,Low
ALT001604,SRV005,2025-02-22,230,INC01132,Low
ALT001605,SRV001,2025-12-12,72,INC00697,Low
ALT001606,SRV005,2026-04-14,610,INC00311,Medium
ALT001607,SRV010,2025-05-23,1437,INC00182,Low
ALT001608,SRV006,2025-11-21,856,INC01165,High
ALT001609,SRV006,2026-06-23,1404,INC01152,Low
ALT001610,SRV007,2026-05-20,1258,INC00677,Critical
ALT001611,SRV004,2026-10-06,1986,INC01420,Critical
ALT001612,SRV009,2026-11-08,398,INC00482,High
ALT001613,SRV006,2025-09-17,878,INC01302,High
ALT001614,SRV003,2025-09-21,303,INC00394,High
ALT001615,SRV007,2025-05-10,1203,INC01138,High
ALT001616,SRV003,2025-03-13,1574,INC01123,Critical
ALT001617,SRV007,2025-05-30,1648,INC00727,High
ALT001618,SRV009,2025-06-29,2294,INC00208,Low
ALT001619,SRV008,2025-04-20,1417,INC00989,Critical
ALT001620,SRV008,2025-03-10,1206,INC00900,Low
ALT001621,SRV002,2026-08-27,1551,INC00298,Low
ALT001622,SRV006,2026-05-04,547,INC01240,Low
ALT001623,SRV004,2025-04-03,1391,INC00053,Critical
ALT001624,SRV005,2026-03-02,882,INC00848,Low
ALT001625,SRV009,2025-04-19,339,INC00727,Medium
ALT001626,SRV010,2025-01-09,2037,INC01277,Critical
ALT001627,SRV006,2026-01-06,1853,INC00950,Critical
ALT001628,SRV009,2026-11-29,704,INC01225,Critical
ALT001629,SRV008,2025-05-18,2052,INC01332,High
ALT001630,SRV007,2025-03-14,1491,INC00633,Critical
ALT001631,SRV002,2025-05-16,370,INC00067,Low
ALT001632,SRV010,2026-02-03,1412,INC01004,High
ALT001633,SRV008,2026-07-27,278,INC00982,Low
ALT001634,SRV008,2025-09-22,1508,INC01022,Medium
ALT001635,SRV002,2025-12-26,704,INC01281,High
ALT001636,SRV010,2025-12-02,1586,INC00732,Critical
ALT001637,SRV008,2026-10-04,1596,INC00795,High
ALT001638,SRV002,2026-11-11,2224,INC00275,High
ALT001639,SRV008,2025-06-20,1939,INC00806,Low
ALT001640,SRV008,2026-04-22,1211,INC01139,Low
ALT001641,SRV003,2025-01-20,418,INC00972,Low
ALT001642,SRV001,2025-05-23,2338,INC01051,Low
ALT001643,SRV004,2025-12-19,2017,INC00714,Low
ALT001644,SRV006,2025-09-20,2098,INC00375,Low
ALT001645,SRV006,2026-02-18,2077,INC01188,High
ALT001646,SRV009,2026-01-12,1566,INC01380,High
ALT001647,SRV006,2025-07-31,786,INC00586,Low
ALT001648,SRV004,2025-03-21,2068,INC01156,Low
ALT001649,SRV009,2026-05-22,1212,INC00668,High
ALT001650,SRV001,2026-11-09,1259,INC00230,Critical
ALT001651,SRV009,2026-01-12,1515,INC01366,High
ALT001652,SRV005,2026-10-16,2285,INC00201,Critical
ALT001653,SRV002,2026-05-24,820,INC01183,Medium
ALT001654,SRV003,2025-10-26,729,INC00109,Medium
ALT001655,SRV001,2025-03-31,1289,INC00890,Low
ALT001656,SRV001,2025-03-07,38,INC01263,Critical
ALT001657,SRV009,2026-10-15,845,INC01188,Medium
ALT001658,SRV008,2026-02-07,2300,INC00822,Critical
ALT001659,SRV004,2026-11-26,209,INC00272,Medium
ALT001660,SRV008,2025-10-22,1320,INC00772,Critical
ALT001661,SRV010,2025-05-04,1909,INC00831,Critical
ALT001662,SRV006,2025-09-26,1131,INC00331,Critical
ALT001663,SRV005,2026-03-08,2221,INC01193,High
ALT001664,SRV002,2026-02-12,458,INC01069,Critical
ALT001665,SRV003,2025-04-01,1754,INC00692,Low
ALT001666,SRV010,2025-04-25,225,INC00558,Critical
ALT001667,SRV010,2026-02-06,1021,INC01380,High
ALT001668,SRV009,2026-02-01,1558,INC00603,High
ALT001669,SRV003,2026-06-11,422,INC00265,High
ALT001670,SRV001,2025-12-11,1644,INC01053,Medium
ALT001671,SRV007,2025-02-05,1111,INC01212,Critical
ALT001672,SRV001,2026-01-13,1897,INC00318,Low
ALT001673,SRV003,2026-11-23,1835,INC00423,Critical
ALT001674,SRV009,2026-06-08,1789,INC01424,Medium
ALT001675,SRV008,2025-05-05,1051,INC00345,Medium
ALT001676,SRV007,2026-08-09,493,INC01344,High
ALT001677,SRV008,2025-09-04,414,INC00228,Low
ALT001678,SRV007,2025-04-08,1679,INC01065,High
ALT001679,SRV010,2025-09-16,233,INC01327,Low
ALT001680,SRV009,2025-07-31,1511,INC00549,High
ALT001681,SRV010,2025-02-01,1068,INC00328,High
ALT001682,SRV010,2026-06-06,1438,INC00560,Low
ALT001683,SRV004,2025-12-09,317,INC01487,High
ALT001684,SRV004,2026-08-03,2284,INC00726,Low
ALT001685,SRV005,2026-04-19,952,INC01395,Medium
ALT001686,SRV002,2025-12-16,428,INC01334,Medium
ALT001687,SRV010,2025-08-27,913,INC00229,Low
ALT001688,SRV003,2025-11-06,747,INC01268,Medium
ALT001689,SRV008,2026-12-18,2047,INC00614,Low
ALT001690,SRV007,2025-11-04,1597,INC01141,High
ALT001691,SRV006,2025-06-20,1968,INC00521,High
ALT001692,SRV008,2026-08-09,763,INC00998,Critical
ALT001693,SRV010,2026-06-11,2045,INC00724,Medium
ALT001694,SRV007,2026-01-14,2093,INC01066,Medium
ALT001695,SRV008,2026-12-24,1196,INC00024,Low
ALT001696,SRV006,2025-05-15,2111,INC00173,Medium
ALT001697,SRV006,2026-10-05,2268,INC00899,Medium
ALT001698,SRV005,2026-07-18,1159,INC01271,High
ALT001699,SRV003,2025-12-03,1847,INC01280,Low
ALT001700,SRV001,2025-08-11,610,INC01334,High
ALT001701,SRV003,2026-04-18,1832,INC00580,High
ALT001702,SRV008,2026-01-04,1130,INC00267,Medium
ALT001703,SRV007,2026-05-21,649,INC00192,Medium
ALT001704,SRV001,2025-11-06,2097,INC00080,Medium
ALT001705,SRV006,2025-07-11,514,INC01089,Medium
ALT001706,SRV002,2025-08-31,2041,INC00101,High
ALT001707,SRV001,2026-11-14,2003,INC01457,Low
ALT001708,SRV007,2025-07-24,1817,INC01376,Critical
ALT001709,SRV004,2025-10-02,657,INC00567,Low
ALT001710,SRV009,2026-12-24,1500,INC00347,High
ALT001711,SRV010,2025-02-28,1753,INC00792,Critical
ALT001712,SRV009,2025-03-28,1906,INC00870,High
ALT001713,SRV008,2026-10-02,2085,INC00102,High
ALT001714,SRV002,2025-03-14,1971,INC00953,Critical
ALT001715,SRV005,2025-12-19,1814,INC01380,Low
ALT001716,SRV005,2026-12-02,1953,INC00983,Medium
ALT001717,SRV009,2026-06-25,746,INC00019,Critical
ALT001718,SRV005,2026-12-12,704,INC01127,High
ALT001719,SRV003,2026-02-17,2347,INC01257,Critical
ALT001720,SRV004,2025-05-07,760,INC00276,Medium
ALT001721,SRV010,2025-02-03,690,INC01231,Low
ALT001722,SRV004,2025-02-16,1346,INC00951,High
ALT001723,SRV010,2025-04-04,1112,INC00310,High
ALT001724,SRV006,2025-03-29,1046,INC00672,Medium
ALT001725,SRV005,2025-10-27,76,INC00212,Medium
ALT001726,SRV006,2026-07-23,1110,INC00380,Critical
ALT001727,SRV006,2026-11-07,1851,INC00543,Low
ALT001728,SRV010,2025-11-03,365,INC01180,Critical
ALT001729,SRV008,2026-01-13,232,INC00224,Critical
ALT001730,SRV010,2025-04-23,361,INC01133,Critical
ALT001731,SRV005,2025-01-10,1200,INC00345,Critical
ALT001732,SRV010,2025-10-11,527,INC00385,Low
ALT001733,SRV004,2025-05-14,2252,INC01364,Low
ALT001734,SRV009,2026-04-20,280,INC00257,Medium
ALT001735,SRV006,2026-07-31,225,INC01423,Low
ALT001736,SRV007,2025-06-05,452,INC00089,High
ALT001737,SRV007,2025-11-03,1683,INC00911,Medium
ALT001738,SRV010,2025-07-17,2219,INC00768,Medium
ALT001739,SRV010,2026-12-21,2199,INC00691,High
ALT001740,SRV004,2026-05-13,2327,INC00016,Critical
ALT001741,SRV003,2025-01-13,1562,INC00677,High
ALT001742,SRV001,2025-04-18,592,INC00737,Critical
ALT001743,SRV009,2025-11-15,1433,INC00958,Low
ALT001744,SRV003,2026-07-07,677,INC01305,Low
ALT001745,SRV010,2025-01-29,115,INC01030,Low
ALT001746,SRV005,2026-09-09,2013,INC01171,Medium
ALT001747,SRV009,2025-04-06,1381,INC01104,Low
ALT001748,SRV005,2026-11-02,534,INC01267,High
ALT001749,SRV004,2026-01-19,2076,INC01229,Critical
ALT001750,SRV005,2026-12-15,2003,INC00739,Critical
ALT001751,SRV002,2026-04-16,2045,INC01301,High
ALT001752,SRV009,2025-07-18,717,INC01303,Medium
ALT001753,SRV007,2026-03-22,1805,INC01224,Critical
ALT001754,SRV001,2025-01-11,906,INC00001,Low
ALT001755,SRV007,2025-03-17,692,INC01154,Medium
ALT001756,SRV004,2025-07-17,718,INC00042,Critical
ALT001757,SRV001,2025-11-20,2027,INC00667,Medium
ALT001758,SRV002,2025-05-14,626,INC00297,Low
ALT001759,SRV008,2026-08-04,2199,INC00802,High
ALT001760,SRV008,2025-10-03,1689,INC00548,Low
ALT001761,SRV005,2025-03-24,2333,INC01152,Critical
ALT001762,SRV002,2025-02-10,1459,INC00336,Low
ALT001763,SRV008,2025-02-16,739,INC01404,Critical
ALT001764,SRV004,2025-06-02,216,INC00344,Critical
ALT001765,SRV003,2026-06-28,2044,INC00848,Medium
ALT001766,SRV006,2026-08-17,772,INC00503,Medium
ALT001767,SRV002,2026-09-29,1797,INC00157,Medium
ALT001768,SRV001,2025-12-28,274,INC00411,Critical
ALT001769,SRV002,2025-03-09,1491,INC00453,Medium
ALT001770,SRV002,2026-11-25,1395,INC00060,Low
ALT001771,SRV007,2025-07-15,1635,INC01490,High
ALT001772,SRV005,2025-03-01,787,INC01461,Critical
ALT001773,SRV005,2026-10-22,1588,INC01133,Low
ALT001774,SRV010,2026-06-24,102,INC00001,Critical
ALT001775,SRV002,2026-11-15,1297,INC00498,Critical
ALT001776,SRV007,2025-11-10,1449,INC00240,Medium
ALT001777,SRV005,2026-09-19,181,INC01200,High
ALT001778,SRV003,2026-06-25,253,INC01391,Medium
ALT001779,SRV007,2026-09-18,915,INC00928,High
ALT001780,SRV001,2026-09-23,1714,INC01391,Medium
ALT001781,SRV008,2026-02-24,43,INC00703,Critical
ALT001782,SRV006,2026-12-28,1058,INC01314,Low
ALT001783,SRV009,2026-06-07,1351,INC00161,Low
ALT001784,SRV008,2025-02-26,2301,INC00588,Medium
ALT001785,SRV010,2025-02-11,1056,INC01327,Critical
ALT001786,SRV006,2026-01-09,574,INC00873,Low
ALT001787,SRV005,2025-08-17,1388,INC00384,Critical
ALT001788,SRV009,2026-12-11,208,INC00400,High
ALT001789,SRV007,2025-02-09,1866,INC01296,Critical
ALT001790,SRV002,2025-10-28,2085,INC00923,Medium
ALT001791,SRV004,2026-04-14,1162,INC00646,Low
ALT001792,SRV005,2026-11-10,1545,INC00002,Critical
ALT001793,SRV005,2025-04-18,784,INC00196,High
ALT001794,SRV009,2026-08-30,1848,INC00327,Low
ALT001795,SRV004,2026-08-31,1853,INC00711,Critical
ALT001796,SRV003,2025-08-20,1701,INC01361,Medium
ALT001797,SRV008,2025-11-17,912,INC00767,Low
ALT001798,SRV003,2025-07-10,608,INC00080,Low
ALT001799,SRV001,2025-12-16,504,INC00308,Critical
ALT001800,SRV006,2026-02-01,709,INC01267,Medium
ALT001801,SRV009,2025-09-29,2301,INC00477,High
ALT001802,SRV007,2026-02-22,1990,INC00463,Medium
ALT001803,SRV007,2025-01-29,339,INC01247,High
ALT001804,SRV006,2025-01-11,617,INC00997,Medium
ALT001805,SRV005,2026-05-01,1162,INC00781,Low
ALT001806,SRV007,2026-01-10,1538,INC01240,Critical
ALT001807,SRV001,2025-03-14,593,INC00277,Low
ALT001808,SRV005,2025-01-30,1647,INC00177,Critical
ALT001809,SRV003,2025-09-26,2233,INC00590,Critical
ALT001810,SRV009,2026-05-04,1072,INC00009,Critical
ALT001811,SRV010,2025-04-04,279,INC00720,High
ALT001812,SRV001,2025-08-18,798,INC01472,High
ALT001813,SRV009,2026-06-12,1540,INC00071,Critical
ALT001814,SRV005,2025-11-16,1085,INC01328,Medium
ALT001815,SRV009,2025-03-10,2073,INC00858,Medium
ALT001816,SRV006,2025-04-09,1420,INC00296,Critical
ALT001817,SRV002,2025-12-13,2137,INC00507,Critical
ALT001818,SRV007,2026-03-30,1212,INC00274,Medium
ALT001819,SRV001,2025-10-23,954,INC00378,High
ALT001820,SRV010,2026-06-02,2003,INC00986,Medium
ALT001821,SRV009,2026-06-03,1516,INC00427,High
ALT001822,SRV005,2026-02-17,329,INC01254,Critical
ALT001823,SRV006,2025-09-17,28,INC00784,Critical
ALT001824,SRV003,2026-06-05,1265,INC00214,Medium
ALT001825,SRV004,2026-10-23,1321,INC01308,High
ALT001826,SRV005,2025-04-07,2263,INC00848,Low
ALT001827,SRV001,2025-09-02,1849,INC00434,High
ALT001828,SRV004,2026-08-25,240,INC00167,Medium
ALT001829,SRV004,2026-02-22,2204,INC00481,Low
ALT001830,SRV004,2025-07-27,562,INC01097,Critical
ALT001831,SRV002,2025-05-09,311,INC00888,High
ALT001832,SRV007,2025-06-01,2139,INC00486,High
ALT001833,SRV002,2026-02-06,1416,INC00850,Medium
ALT001834,SRV010,2025-11-17,2332,INC00326,Critical
ALT001835,SRV004,2026-06-22,553,INC01394,High
ALT001836,SRV007,2026-02-28,425,INC00103,Low
ALT001837,SRV008,2025-11-08,843,INC01369,Medium
ALT001838,SRV006,2026-05-14,885,INC01434,High
ALT001839,SRV007,2025-07-04,510,INC00566,Medium
ALT001840,SRV001,2025-02-19,1802,INC00391,Low
ALT001841,SRV002,2026-06-05,2267,INC01255,High
ALT001842,SRV010,2026-04-23,485,INC00062,Medium
ALT001843,SRV005,2026-12-29,1465,INC00094,High
ALT001844,SRV001,2026-09-25,1036,INC00360,Critical
ALT001845,SRV002,2025-04-07,1844,INC01024,Medium
ALT001846,SRV002,2026-01-15,541,INC00899,Critical
ALT001847,SRV007,2025-01-29,1774,INC00638,Medium
ALT001848,SRV004,2025-04-23,2233,INC00036,High
ALT001849,SRV001,2026-11-06,1246,INC00195,High
ALT001850,SRV004,2026-11-27,756,INC00784,Medium
ALT001851,SRV006,2026-03-25,1721,INC01306,Critical
ALT001852,SRV002,2025-07-03,872,INC01479,Critical
ALT001853,SRV002,2026-02-12,1201,INC00098,Critical
ALT001854,SRV006,2026-09-05,2185,INC00634,High
ALT001855,SRV002,2025-04-26,876,INC00278,High
ALT001856,SRV006,2026-06-15,1014,INC00332,High
ALT001857,SRV001,2025-08-07,46,INC00586,Critical
ALT001858,SRV001,2025-03-17,1793,INC01056,Critical
ALT001859,SRV008,2025-06-30,2260,INC00584,Critical
ALT001860,SRV007,2026-04-10,1326,INC01325,Medium
ALT001861,SRV010,2025-12-23,373,INC00771,Low
ALT001862,SRV010,2026-07-18,2038,INC00680,Critical
ALT001863,SRV006,2025-07-11,1170,INC01259,High
ALT001864,SRV007,2026-04-29,1650,INC00299,Medium
ALT001865,SRV007,2026-08-19,2028,INC00496,High
ALT001866,SRV001,2025-07-19,50,INC00517,Low
ALT001867,SRV006,2025-03-22,965,INC01061,Critical
ALT001868,SRV003,2026-02-14,499,INC00471,Medium
ALT001869,SRV009,2025-03-27,225,INC01085,Critical
ALT001870,SRV002,2026-08-04,615,INC00680,Critical
ALT001871,SRV008,2025-01-05,277,INC01014,Critical
ALT001872,SRV007,2025-03-21,387,INC00287,Medium
ALT001873,SRV001,2026-09-30,1134,INC00386,High
ALT001874,SRV003,2025-08-02,172,INC00530,High
ALT001875,SRV004,2026-02-17,54,INC00097,High
ALT001876,SRV006,2026-05-12,2234,INC00706,Low
ALT001877,SRV009,2025-07-26,2076,INC01220,Medium
ALT001878,SRV002,2026-04-22,1653,INC00785,High
ALT001879,SRV010,2025-03-30,1025,INC00677,High
ALT001880,SRV006,2025-08-19,884,INC00186,Low
ALT001881,SRV005,2026-10-21,797,INC00193,Low
ALT001882,SRV001,2025-03-28,1328,INC01138,High
ALT001883,SRV006,2025-02-11,1731,INC00428,Critical
ALT001884,SRV006,2026-04-06,1794,INC00933,Critical
ALT001885,SRV001,2025-04-15,487,INC00812,Low
ALT001886,SRV005,2026-08-03,1582,INC01135,Low
ALT001887,SRV008,2026-10-17,1003,INC01122,Critical
ALT001888,SRV003,2025-02-17,2218,INC01250,High
ALT001889,SRV004,2025-09-09,2110,INC00581,High
ALT001890,SRV005,2025-06-25,1499,INC01463,Medium
ALT001891,SRV007,2026-05-10,949,INC00332,Medium
ALT001892,SRV001,2026-11-17,2260,INC00623,Medium
ALT001893,SRV004,2025-10-13,1956,INC00031,Low
ALT001894,SRV007,2026-07-28,300,INC01224,Low
ALT001895,SRV007,2026-06-23,668,INC00507,Low
ALT001896,SRV006,2026-04-06,1403,INC01032,Critical
ALT001897,SRV003,2025-05-18,1146,INC00479,High
ALT001898,SRV010,2026-03-11,1367,INC01277,Low
ALT001899,SRV008,2026-04-17,1428,INC00081,Low
ALT001900,SRV004,2026-07-16,1565,INC00312,Low
ALT001901,SRV001,2026-07-12,1584,INC01103,Medium
ALT001902,SRV008,2026-01-15,1901,INC00848,Critical
ALT001903,SRV004,2026-04-27,2308,INC01199,Critical
ALT001904,SRV008,2026-06-07,1364,INC01153,Medium
ALT001905,SRV008,2026-06-19,520,INC01079,High
ALT001906,SRV005,2026-09-22,930,INC01367,Critical
ALT001907,SRV004,2025-09-16,240,INC00738,Medium
ALT001908,SRV005,2025-08-10,1591,INC00192,High
ALT001909,SRV010,2025-08-24,2257,INC00290,Critical
ALT001910,SRV006,2026-08-13,253,INC00101,Critical
ALT001911,SRV008,2025-03-07,448,INC01040,Critical
ALT001912,SRV002,2025-06-08,979,INC01166,Medium
ALT001913,SRV007,2026-08-19,136,INC01367,Critical
ALT001914,SRV003,2026-01-13,488,INC01424,High
ALT001915,SRV009,2025-07-17,1652,INC00085,High
ALT001916,SRV003,2025-06-12,403,INC00200,Critical
ALT001917,SRV009,2025-04-26,1728,INC00953,Critical
ALT001918,SRV002,2025-09-02,36,INC00309,Medium
ALT001919,SRV007,2025-09-05,634,INC00091,Low
ALT001920,SRV009,2026-02-24,424,INC01474,Medium
ALT001921,SRV009,2026-03-06,1867,INC00035,Medium
ALT001922,SRV001,2026-05-07,866,INC01304,Low
ALT001923,SRV009,2025-04-22,1266,INC00559,Critical
ALT001924,SRV004,2026-12-22,1777,INC01418,Low
ALT001925,SRV007,2025-10-16,340,INC00956,Medium
ALT001926,SRV009,2026-04-26,2318,INC00085,Medium
ALT001927,SRV008,2026-06-26,1996,INC00915,High
ALT001928,SRV002,2026-07-23,837,INC00944,Low
ALT001929,SRV004,2025-03-05,1140,INC01272,Critical
ALT001930,SRV002,2025-08-24,1027,INC00018,Critical
ALT001931,SRV006,2026-06-14,1270,INC00404,High
ALT001932,SRV007,2025-12-25,160,INC00470,Low
ALT001933,SRV006,2025-12-27,679,INC00439,Critical
ALT001934,SRV006,2026-07-23,51,INC00724,High
ALT001935,SRV002,2025-05-11,1257,INC00838,High
ALT001936,SRV006,2026-09-02,1122,INC01349,Critical
ALT001937,SRV005,2026-02-20,298,INC00953,High
ALT001938,SRV005,2025-02-04,1536,INC00637,Critical
ALT001939,SRV007,2026-12-13,3,INC00879,Low
ALT001940,SRV008,2025-05-26,773,INC00620,Critical
ALT001941,SRV003,2026-06-16,2120,INC00299,Medium
ALT001942,SRV002,2025-01-18,841,INC01364,Critical
ALT001943,SRV002,2025-09-02,965,INC01460,High
ALT001944,SRV004,2026-11-07,118,INC01187,High
ALT001945,SRV002,2025-07-09,1009,INC00939,Critical
ALT001946,SRV007,2025-06-10,1025,INC00245,High
ALT001947,SRV002,2026-07-06,606,INC00804,High
ALT001948,SRV008,2025-10-18,487,INC00309,Critical
ALT001949,SRV006,2025-10-27,618,INC00707,Medium
ALT001950,SRV003,2025-11-27,1433,INC00471,Critical
ALT001951,SRV001,2026-07-30,1623,INC01451,Critical
ALT001952,SRV010,2026-12-06,2089,INC00353,Low
ALT001953,SRV009,2026-05-03,1367,INC01262,High
ALT001954,SRV008,2026-10-24,1352,INC00029,Critical
ALT001955,SRV003,2025-06-19,2342,INC00096,Medium
ALT001956,SRV010,2025-10-09,2249,INC00265,Critical
ALT001957,SRV005,2026-01-24,1771,INC00571,High
ALT001958,SRV004,2025-02-22,778,INC00575,High
ALT001959,SRV003,2025-12-31,714,INC01108,Low
ALT001960,SRV001,2026-09-08,1927,INC00145,Critical
ALT001961,SRV001,2025-09-22,863,INC00522,Low
ALT001962,SRV010,2025-02-16,229,INC00159,High
ALT001963,SRV007,2026-11-11,278,INC00808,Medium
ALT001964,SRV009,2026-01-23,1545,INC00563,Low
ALT001965,SRV007,2026-10-02,762,INC00930,Critical
ALT001966,SRV009,2026-10-18,1759,INC01471,Low
ALT001967,SRV003,2025-06-15,267,INC00915,High
ALT001968,SRV005,2026-08-04,2039,INC01478,Critical
ALT001969,SRV007,2025-01-06,2290,INC01009,High
ALT001970,SRV007,2025-07-25,312,INC00650,High
ALT001971,SRV008,2025-08-15,363,INC00761,High
ALT001972,SRV007,2025-04-27,727,INC00683,Critical
ALT001973,SRV001,2025-05-29,504,INC00939,Low
ALT001974,SRV009,2026-01-20,2068,INC00962,Low
ALT001975,SRV005,2026-10-27,865,INC00130,Low
ALT001976,SRV006,2025-06-28,2160,INC00610,Medium
ALT001977,SRV009,2025-03-27,146,INC00143,Medium
ALT001978,SRV009,2025-02-01,1606,INC01117,Critical
ALT001979,SRV006,2026-01-04,742,INC00838,Low
ALT001980,SRV001,2026-02-20,220,INC00491,Low
ALT001981,SRV010,2026-08-09,1117,INC00167,Low
ALT001982,SRV002,2026-03-27,1806,INC00484,Critical
ALT001983,SRV003,2026-04-28,533,INC00088,Low
ALT001984,SRV008,2026-03-04,681,INC00699,Critical
ALT001985,SRV007,2026-08-23,231,INC01383,High
ALT001986,SRV009,2025-05-13,1144,INC01253,Low
ALT001987,SRV004,2026-06-08,2066,INC00454,Medium
ALT001988,SRV007,2026-01-04,1567,INC00125,Low
ALT001989,SRV006,2026-04-06,199,INC00181,Medium
ALT001990,SRV006,2026-11-21,532,INC01252,Medium
ALT001991,SRV004,2026-07-18,2307,INC00425,Medium
ALT001992,SRV002,2025-06-28,1366,INC00974,Medium
ALT001993,SRV007,2025-01-20,679,INC00183,Low
ALT001994,SRV002,2025-07-20,1569,INC00082,High
ALT001995,SRV009,2026-10-13,178,INC01020,Low
ALT001996,SRV008,2026-12-13,2110,INC00780,Critical
ALT001997,SRV004,2025-07-20,726,INC00598,High
ALT001998,SRV009,2026-04-04,930,INC00158,High
ALT001999,SRV003,2025-04-07,198,INC00833,Medium
ALT002000,SRV007,2026-01-27,944,INC00615,Critical
ALT002001,SRV008,2025-05-12,2283,INC00470,High
ALT002002,SRV007,2026-10-14,410,INC00445,High
ALT002003,SRV009,2026-05-15,326,INC00107,High
ALT002004,SRV008,2026-03-23,1018,INC00954,Low
ALT002005,SRV002,2025-11-27,1206,INC00810,Critical
ALT002006,SRV008,2026-11-09,1220,INC00066,Medium
ALT002007,SRV006,2025-02-26,402,INC00825,High
ALT002008,SRV003,2026-10-20,756,INC00963,Low
ALT002009,SRV001,2026-02-25,780,INC00377,Medium
ALT002010,SRV003,2026-06-05,1882,INC00476,Critical
ALT002011,SRV004,2026-07-13,1962,INC01341,Low
ALT002012,SRV008,2026-08-08,1826,INC00930,High
ALT002013,SRV001,2026-05-14,1610,INC00506,Medium
ALT002014,SRV009,2026-01-18,1081,INC00072,Low
ALT002015,SRV002,2026-07-16,662,INC00117,Medium
ALT002016,SRV007,2025-04-10,1616,INC00023,Low
ALT002017,SRV003,2026-07-31,1045,INC00586,Critical
ALT002018,SRV008,2025-12-07,1090,INC00868,Critical
ALT002019,SRV006,2026-12-11,1332,INC01317,Medium
ALT002020,SRV009,2026-12-27,2022,INC00313,Low
ALT002021,SRV001,2025-02-18,90,INC01157,High
ALT002022,SRV001,2026-09-23,91,INC00211,Medium
ALT002023,SRV003,2026-03-27,1892,INC00088,High
ALT002024,SRV005,2026-10-14,315,INC01371,High
ALT002025,SRV009,2026-10-10,2247,INC00014,Critical
ALT002026,SRV007,2026-12-03,1985,INC00413,Low
ALT002027,SRV006,2026-06-12,2142,INC00745,Critical
ALT002028,SRV007,2025-05-16,1291,INC00856,Low
ALT002029,SRV005,2025-01-06,2241,INC01132,High
ALT002030,SRV006,2025-01-20,777,INC00682,Low
ALT002031,SRV010,2025-05-22,2203,INC00091,High
ALT002032,SRV008,2026-02-10,755,INC00850,Critical
ALT002033,SRV003,2025-06-19,1133,INC01352,Low
ALT002034,SRV003,2025-10-05,559,INC00401,Low
ALT002035,SRV003,2025-07-20,1942,INC00901,High
ALT002036,SRV009,2025-02-12,671,INC00700,Critical
ALT002037,SRV008,2026-02-26,1933,INC00629,Low
ALT002038,SRV001,2026-11-05,2352,INC01123,Medium
ALT002039,SRV001,2025-09-07,1047,INC00712,Low
ALT002040,SRV003,2025-09-01,2334,INC01073,Medium
ALT002041,SRV001,2025-03-09,106,INC00535,Medium
ALT002042,SRV002,2025-02-16,1461,INC01365,Medium
ALT002043,SRV001,2026-11-12,1929,INC00431,Critical
ALT002044,SRV001,2025-06-29,1191,INC00936,Low
ALT002045,SRV004,2026-09-09,1252,INC00261,Low
ALT002046,SRV002,2026-05-13,2256,INC00415,High
ALT002047,SRV001,2026-04-11,725,INC00046,Low
ALT002048,SRV002,2026-01-06,991,INC00580,High
ALT002049,SRV009,2026-11-17,1040,INC01343,High
ALT002050,SRV009,2026-05-03,1976,INC01422,Critical
ALT002051,SRV003,2025-03-18,323,INC00161,Low
ALT002052,SRV010,2025-08-29,1991,INC00113,Low
ALT002053,SRV008,2026-02-21,1071,INC00024,Low
ALT002054,SRV005,2026-01-12,1395,INC00354,High
ALT002055,SRV001,2026-12-08,1685,INC00273,Low
ALT002056,SRV002,2026-04-15,2349,INC01449,Critical
ALT002057,SRV001,2025-01-25,739,INC01104,Medium
ALT002058,SRV010,2025-07-05,1433,INC01269,Critical
ALT002059,SRV006,2026-05-23,2055,INC00984,High
ALT002060,SRV001,2026-10-03,276,INC00216,Critical
ALT002061,SRV008,2025-03-25,1995,INC00761,High
ALT002062,SRV004,2025-11-23,35,INC00877,High
ALT002063,SRV005,2026-06-13,2275,INC00068,Critical
ALT002064,SRV006,2026-09-25,496,INC00886,Critical
ALT002065,SRV003,2025-10-26,185,INC00210,High
ALT002066,SRV009,2026-05-31,1662,INC00761,High
ALT002067,SRV002,2025-11-07,1660,INC00010,High
ALT002068,SRV010,2026-10-25,1804,INC00450,Critical
ALT002069,SRV009,2025-02-13,1915,INC01210,Low
ALT002070,SRV002,2025-06-11,1443,INC00623,Critical
ALT002071,SRV001,2025-05-27,839,INC00791,Critical
ALT002072,SRV002,2026-12-22,31,INC00802,Low
ALT002073,SRV002,2026-09-22,2195,INC00033,Low
ALT002074,SRV007,2026-11-24,411,INC00248,Critical
ALT002075,SRV002,2025-05-29,1045,INC00015,Low
ALT002076,SRV005,2025-11-23,2142,INC00665,Critical
ALT002077,SRV007,2026-11-06,634,INC00278,Critical
ALT002078,SRV007,2025-12-24,888,INC00575,High
ALT002079,SRV006,2025-09-10,2133,INC01123,Medium
ALT002080,SRV002,2025-06-06,752,INC01071,High
ALT002081,SRV005,2025-01-04,465,INC00946,High
ALT002082,SRV006,2025-09-04,1818,INC00941,High
ALT002083,SRV008,2025-12-09,2337,INC01385,High
ALT002084,SRV007,2026-11-24,1931,INC00068,Medium
ALT002085,SRV004,2026-06-03,177,INC01428,Medium
ALT002086,SRV006,2025-02-05,2331,INC00759,Low
ALT002087,SRV007,2026-11-21,1931,INC00005,Critical
ALT002088,SRV007,2025-08-24,2165,INC00510,High
ALT002089,SRV001,2025-10-21,663,INC00409,Low
ALT002090,SRV004,2025-05-11,880,INC00687,High
ALT002091,SRV008,2025-07-26,788,INC00472,Critical
ALT002092,SRV010,2026-02-23,198,INC00572,Low
ALT002093,SRV009,2026-07-03,1689,INC00636,Medium
ALT002094,SRV004,2025-11-09,1877,INC01177,Critical
ALT002095,SRV002,2025-06-03,710,INC01271,Low
ALT002096,SRV006,2025-01-29,1246,INC01381,High
ALT002097,SRV003,2025-12-11,2105,INC00362,Critical
ALT002098,SRV003,2025-09-12,1436,INC00835,Low
ALT002099,SRV007,2026-03-28,838,INC00522,Low
ALT002100,SRV008,2026-03-26,437,INC01097,Critical
ALT002101,SRV008,2025-05-22,190,INC00822,Critical
ALT002102,SRV001,2026-03-09,1041,INC01059,Critical
ALT002103,SRV007,2025-12-19,2076,INC00190,Low
ALT002104,SRV007,2025-10-02,1081,INC00025,Critical
ALT002105,SRV002,2026-08-13,596,INC00693,Critical
ALT002106,SRV001,2026-06-24,1447,INC00139,Low
ALT002107,SRV009,2026-11-15,1819,INC00531,Medium
ALT002108,SRV002,2025-11-20,795,INC01468,Medium
ALT002109,SRV003,2026-10-10,1372,INC00961,Critical
ALT002110,SRV006,2025-01-03,830,INC01097,Medium
ALT002111,SRV007,2025-06-23,2345,INC00083,High
ALT002112,SRV004,2026-06-24,415,INC00526,Critical
ALT002113,SRV010,2025-10-21,1705,INC00178,Critical
ALT002114,SRV003,2026-05-30,352,INC00888,Critical
ALT002115,SRV003,2025-07-03,587,INC01236,Low
ALT002116,SRV001,2026-01-11,19,INC00498,High
ALT002117,SRV006,2025-05-09,661,INC00024,Low
ALT002118,SRV006,2026-09-13,829,INC00363,High
ALT002119,SRV006,2025-10-17,1516,INC00775,High
ALT002120,SRV004,2025-07-10,2210,INC00567,Medium
ALT002121,SRV001,2026-12-09,1470,INC00068,High
ALT002122,SRV006,2025-02-01,21,INC00350,Medium
ALT002123,SRV003,2026-06-04,1062,INC01353,Low
ALT002124,SRV010,2026-05-02,813,INC01351,Medium
ALT002125,SRV010,2025-12-31,1629,INC00408,Low
ALT002126,SRV009,2026-01-15,792,INC00924,Low
ALT002127,SRV009,2026-01-29,1271,INC01160,Medium
ALT002128,SRV009,2025-10-10,2302,INC00653,Critical
ALT002129,SRV007,2026-03-24,1331,INC00882,Low
ALT002130,SRV008,2025-03-31,1755,INC00529,Medium
ALT002131,SRV009,2026-03-22,150,INC00637,High
ALT002132,SRV002,2026-01-24,83,INC00757,Critical
ALT002133,SRV004,2025-07-31,2150,INC01353,Critical
ALT002134,SRV007,2026-05-07,550,INC00587,Low
ALT002135,SRV005,2026-10-15,577,INC00245,High
ALT002136,SRV009,2025-04-27,464,INC00900,Critical
ALT002137,SRV004,2025-12-27,61,INC00637,Medium
ALT002138,SRV003,2025-04-18,2159,INC00693,Medium
ALT002139,SRV009,2025-08-12,269,INC00248,High
ALT002140,SRV009,2026-11-16,2281,INC00477,Medium
ALT002141,SRV008,2026-12-23,1444,INC00886,Critical
ALT002142,SRV002,2025-05-13,1595,INC00606,Medium
ALT002143,SRV001,2025-06-30,1623,INC00253,High
ALT002144,SRV006,2026-11-03,1232,INC00008,High
ALT002145,SRV010,2025-12-30,2264,INC00214,Critical
ALT002146,SRV006,2025-12-28,2281,INC01192,Medium
ALT002147,SRV005,2026-09-06,158,INC00835,Low
ALT002148,SRV010,2025-01-07,1323,INC00827,Low
ALT002149,SRV008,2025-12-10,1948,INC01435,Low
ALT002150,SRV002,2026-12-18,756,INC00655,High
ALT002151,SRV010,2026-09-07,583,INC00691,Low
ALT002152,SRV002,2025-01-22,1363,INC00162,Critical
ALT002153,SRV007,2025-11-17,2116,INC00137,Critical
ALT002154,SRV006,2025-05-19,853,INC01342,Medium
ALT002155,SRV006,2026-04-23,1243,INC00015,High
ALT002156,SRV010,2026-08-14,1835,INC00719,High
ALT002157,SRV002,2025-07-01,993,INC01255,Medium
ALT002158,SRV002,2026-11-26,1121,INC00710,Critical
ALT002159,SRV004,2026-01-13,404,INC00387,Critical
ALT002160,SRV008,2026-10-29,757,INC01262,Medium
ALT002161,SRV006,2025-09-24,1523,INC00984,High
ALT002162,SRV002,2026-02-20,538,INC00225,Critical
ALT002163,SRV004,2025-08-16,790,INC00375,Medium
ALT002164,SRV001,2025-11-14,792,INC01473,Low
ALT002165,SRV009,2025-06-15,1789,INC00711,Critical
ALT002166,SRV009,2025-05-03,1692,INC00199,Low
ALT002167,SRV007,2025-09-27,752,INC01070,Medium
ALT002168,SRV009,2025-06-02,1399,INC00452,Low
ALT002169,SRV002,2025-10-27,1240,INC01458,Medium
ALT002170,SRV001,2026-03-03,2290,INC00247,Low
ALT002171,SRV009,2025-10-11,2259,INC00071,Medium
ALT002172,SRV007,2026-10-24,476,INC00604,Low
ALT002173,SRV002,2025-09-01,857,INC00210,Low
ALT002174,SRV009,2025-09-15,1815,INC01224,Low
ALT002175,SRV010,2026-12-29,320,INC00041,Critical
ALT002176,SRV005,2026-04-03,994,INC01048,High
ALT002177,SRV009,2026-09-21,325,INC00511,Medium
ALT002178,SRV002,2026-10-30,111,INC01112,Medium
ALT002179,SRV009,2025-01-31,1974,INC00239,Low
ALT002180,SRV005,2026-07-17,1559,INC01010,Low
ALT002181,SRV003,2025-09-19,2022,INC01371,High
ALT002182,SRV003,2026-05-22,2328,INC00560,Critical
ALT002183,SRV006,2025-08-28,2189,INC00296,Low
ALT002184,SRV004,2026-01-08,319,INC00094,Low
ALT002185,SRV010,2026-10-07,1237,INC00163,Medium
ALT002186,SRV005,2025-07-06,1528,INC00542,Low
ALT002187,SRV007,2025-07-07,1948,INC00136,High
ALT002188,SRV001,2025-09-13,821,INC00634,Medium
ALT002189,SRV005,2026-04-17,711,INC01311,Low
ALT002190,SRV007,2025-09-14,2002,INC00619,Low
ALT002191,SRV002,2026-11-14,1393,INC00782,High
ALT002192,SRV007,2026-12-31,1557,INC00392,High
ALT002193,SRV007,2026-05-10,474,INC00664,Medium
ALT002194,SRV008,2026-01-10,1143,INC00627,Critical
ALT002195,SRV009,2026-05-06,1316,INC00002,Critical
ALT002196,SRV008,2025-02-23,620,INC00412,High
ALT002197,SRV001,2026-09-25,2015,INC00561,Medium
ALT002198,SRV009,2025-09-12,1776,INC01404,Low
ALT002199,SRV003,2025-05-14,742,INC00636,Medium
ALT002200,SRV001,2025-07-28,1423,INC00706,Low
ALT002201,SRV004,2026-12-31,1166,INC00356,Medium
ALT002202,SRV009,2026-10-14,691,INC00243,High
ALT002203,SRV004,2025-03-09,194,INC00813,Critical
ALT002204,SRV002,2025-04-12,2126,INC01046,Low
ALT002205,SRV007,2025-12-05,347,INC00333,Medium
ALT002206,SRV010,2025-02-26,353,INC00263,High
ALT002207,SRV006,2025-01-05,1034,INC01148,High
ALT002208,SRV009,2025-12-28,474,INC01015,Low
ALT002209,SRV008,2026-04-18,693,INC00261,Critical
ALT002210,SRV002,2025-11-19,1181,INC00739,Medium
ALT002211,SRV004,2025-09-10,244,INC01195,High
ALT002212,SRV010,2026-12-29,1206,INC00109,Critical
ALT002213,SRV005,2026-09-07,2190,INC00823,High
ALT002214,SRV009,2026-03-07,1700,INC01469,Low
ALT002215,SRV007,2025-06-28,241,INC00289,Critical
ALT002216,SRV001,2025-02-09,246,INC00770,Critical
ALT002217,SRV005,2026-01-16,44,INC00755,Low
ALT002218,SRV007,2025-12-01,1227,INC01390,Critical
ALT002219,SRV009,2026-08-21,273,INC00107,Medium
ALT002220,SRV004,2026-09-05,1730,INC00962,Critical
ALT002221,SRV010,2025-05-21,1215,INC01126,Critical
ALT002222,SRV003,2025-01-14,2058,INC01196,Critical
ALT002223,SRV010,2025-03-07,2183,INC00280,Low
ALT002224,SRV007,2025-03-19,357,INC00812,Critical
ALT002225,SRV009,2025-12-15,1797,INC01454,Medium
ALT002226,SRV010,2025-02-05,404,INC01344,Medium
ALT002227,SRV001,2026-11-08,1045,INC00583,Low
ALT002228,SRV005,2025-03-25,1671,INC00751,Medium
ALT002229,SRV006,2025-09-19,1110,INC00481,Critical
ALT002230,SRV001,2025-01-14,1034,INC01294,High
ALT002231,SRV003,2025-07-31,463,INC00336,Critical
ALT002232,SRV003,2025-11-18,1345,INC00378,High
ALT002233,SRV008,2026-04-14,901,INC00859,Medium
ALT002234,SRV001,2026-05-12,1287,INC00714,Medium
ALT002235,SRV006,2025-07-14,694,INC00097,High
ALT002236,SRV007,2025-07-15,836,INC00491,Critical
ALT002237,SRV008,2025-04-03,1235,INC00522,Medium
ALT002238,SRV001,2026-07-12,534,INC00632,High
ALT002239,SRV006,2025-01-28,2007,INC00584,High
ALT002240,SRV002,2025-01-19,89,INC01198,Critical
ALT002241,SRV005,2025-10-26,2062,INC00837,Low
ALT002242,SRV007,2026-12-26,6,INC00060,Medium
ALT002243,SRV002,2025-11-05,1147,INC00335,Critical
ALT002244,SRV009,2025-10-19,1486,INC00371,High
ALT002245,SRV003,2025-05-16,1770,INC01450,Critical
ALT002246,SRV007,2026-08-01,1178,INC01418,Critical
ALT002247,SRV001,2026-07-16,1895,INC00445,Critical
ALT002248,SRV003,2025-06-04,786,INC00332,Critical
ALT002249,SRV004,2025-08-05,1425,INC01009,Medium
ALT002250,SRV008,2025-08-26,400,INC00848,Low
ALT002251,SRV009,2025-12-12,175,INC01377,Critical
ALT002252,SRV007,2025-05-06,1605,INC01455,Low
ALT002253,SRV001,2025-04-19,2103,INC00953,High
ALT002254,SRV002,2025-06-18,371,INC01219,Critical
ALT002255,SRV002,2026-05-29,891,INC00872,Medium
ALT002256,SRV002,2025-11-02,908,INC00857,High
ALT002257,SRV007,2026-08-24,1903,INC01250,Low
ALT002258,SRV007,2025-03-23,799,INC00471,Medium
ALT002259,SRV009,2026-04-23,1008,INC00427,Low
ALT002260,SRV004,2026-07-24,115,INC00203,Critical
ALT002261,SRV003,2026-05-21,1755,INC01193,Low
ALT002262,SRV005,2025-07-22,408,INC01125,High
ALT002263,SRV009,2026-04-23,630,INC00657,Critical
ALT002264,SRV006,2025-02-18,613,INC00150,Critical
ALT002265,SRV010,2025-01-14,2169,INC01107,Low
ALT002266,SRV004,2025-07-24,472,INC00460,Medium
ALT002267,SRV010,2025-12-24,1956,INC00934,Critical
ALT002268,SRV003,2026-03-28,1721,INC00464,Critical
ALT002269,SRV010,2026-11-12,1497,INC00613,Medium
ALT002270,SRV004,2026-05-27,2095,INC00519,Critical
ALT002271,SRV004,2026-05-02,1057,INC00898,Low
ALT002272,SRV003,2026-05-25,1526,INC00060,Low
ALT002273,SRV004,2026-10-24,11,INC00959,Critical
ALT002274,SRV002,2025-04-17,1340,INC01181,Critical
ALT002275,SRV006,2026-01-14,956,INC00372,Critical
ALT002276,SRV004,2026-12-18,2337,INC01101,Critical
ALT002277,SRV008,2026-10-11,2159,INC00760,High
ALT002278,SRV003,2025-09-15,881,INC01455,Critical
ALT002279,SRV002,2026-08-04,56,INC00418,High
ALT002280,SRV001,2025-09-03,551,INC00780,Critical
ALT002281,SRV001,2025-07-02,217,INC01421,Medium
ALT002282,SRV002,2026-02-11,165,INC01071,Low
ALT002283,SRV006,2025-12-12,1867,INC00548,High
ALT002284,SRV001,2025-10-22,1896,INC00910,Critical
ALT002285,SRV003,2026-02-26,2024,INC00894,Critical
ALT002286,SRV010,2026-11-15,1166,INC00064,Low
ALT002287,SRV002,2026-06-10,182,INC00637,Critical
ALT002288,SRV003,2025-07-13,1562,INC01211,High
ALT002289,SRV004,2026-07-31,569,INC00963,High
ALT002290,SRV002,2025-12-16,2173,INC00212,High
ALT002291,SRV007,2025-08-20,1976,INC00183,Critical
ALT002292,SRV001,2026-09-18,163,INC01400,High
ALT002293,SRV009,2026-12-29,1396,INC01388,Medium
ALT002294,SRV010,2025-11-06,978,INC00653,High
ALT002295,SRV009,2025-09-18,2136,INC00892,Critical
ALT002296,SRV007,2025-04-25,628,INC00860,High
ALT002297,SRV007,2025-01-25,880,INC00531,Medium
ALT002298,SRV005,2025-10-05,1013,INC00890,Critical
ALT002299,SRV001,2025-11-24,1721,INC01271,Low
ALT002300,SRV010,2026-07-13,682,INC00495,Low
ALT002301,SRV008,2025-06-08,1248,INC00511,Medium
ALT002302,SRV006,2025-07-08,377,INC00273,Low
ALT002303,SRV009,2026-09-24,551,INC01171,Critical
ALT002304,SRV006,2025-07-10,1364,INC01491,Medium
ALT002305,SRV009,2026-07-31,1838,INC00071,Critical
ALT002306,SRV007,2026-11-28,2048,INC01269,High
ALT002307,SRV009,2025-10-20,80,INC00977,High
ALT002308,SRV003,2025-04-03,1083,INC00107,Medium
ALT002309,SRV007,2026-11-15,1813,INC00853,Medium
ALT002310,SRV005,2025-09-24,765,INC00332,Low
ALT002311,SRV009,2026-03-19,2120,INC01028,Critical
ALT002312,SRV008,2026-06-29,867,INC01189,Medium
ALT002313,SRV008,2025-03-18,1619,INC00448,Low
ALT002314,SRV008,2026-10-10,1368,INC00301,Critical
ALT002315,SRV006,2025-03-08,1915,INC00466,High
ALT002316,SRV010,2025-12-24,1929,INC01383,High
ALT002317,SRV002,2025-02-06,1379,INC00654,Low
ALT002318,SRV009,2026-06-20,2183,INC00988,High
ALT002319,SRV005,2026-09-20,2358,INC01318,Medium
ALT002320,SRV007,2025-04-17,842,INC00388,Critical
ALT002321,SRV002,2025-07-21,2142,INC00824,Critical
ALT002322,SRV004,2025-09-26,615,INC00451,Low
ALT002323,SRV006,2025-07-17,691,INC00484,Critical
ALT002324,SRV003,2025-07-02,964,INC01233,High
ALT002325,SRV001,2026-10-18,2190,INC00033,Low
ALT002326,SRV005,2026-10-07,1056,INC01078,Critical
ALT002327,SRV010,2026-09-05,823,INC00983,Medium
ALT002328,SRV006,2025-01-12,1951,INC00832,High
ALT002329,SRV004,2026-02-10,848,INC00233,Critical
ALT002330,SRV007,2026-01-23,2308,INC01470,Low
ALT002331,SRV007,2025-01-17,848,INC01072,High
ALT002332,SRV004,2025-07-16,8,INC01203,Low
ALT002333,SRV004,2026-12-08,849,INC00534,High
ALT002334,SRV006,2025-01-17,617,INC00453,High
ALT002335,SRV008,2025-11-07,1999,INC00805,High
ALT002336,SRV005,2025-06-22,983,INC01273,Medium
ALT002337,SRV001,2025-08-15,1754,INC00493,Medium
ALT002338,SRV006,2026-04-15,1260,INC01458,Medium
ALT002339,SRV010,2025-01-14,479,INC01354,High
ALT002340,SRV010,2025-05-11,1094,INC01171,High
ALT002341,SRV004,2026-10-05,819,INC00771,Critical
ALT002342,SRV008,2025-05-28,581,INC00390,Low
ALT002343,SRV007,2026-10-26,127,INC00286,Critical
ALT002344,SRV010,2025-12-10,1516,INC00148,Low
ALT002345,SRV010,2026-12-06,1658,INC00401,Low
ALT002346,SRV009,2026-08-17,260,INC00543,High
ALT002347,SRV002,2026-04-26,1662,INC01130,Low
ALT002348,SRV003,2026-06-29,319,INC01019,Medium
ALT002349,SRV007,2026-04-28,902,INC01124,Medium
ALT002350,SRV006,2025-07-01,2077,INC01180,Low
ALT002351,SRV008,2025-06-12,347,INC00531,High
ALT002352,SRV007,2026-11-16,1398,INC00641,Critical
ALT002353,SRV005,2025-11-16,2242,INC00531,Medium
ALT002354,SRV010,2025-03-02,2193,INC00782,Low
ALT002355,SRV003,2026-07-16,1164,INC01091,Low
ALT002356,SRV008,2025-12-01,511,INC01421,Low
ALT002357,SRV009,2025-07-22,1765,INC01245,Low
ALT002358,SRV002,2026-10-16,413,INC00352,Critical
ALT002359,SRV008,2025-02-22,1151,INC01274,Medium
ALT002360,SRV004,2025-01-06,2218,INC01162,Low
ALT002361,SRV003,2025-12-24,129,INC00608,Low
ALT002362,SRV008,2025-03-10,1787,INC00035,Low
ALT002363,SRV005,2026-10-05,1315,INC00669,Critical
ALT002364,SRV008,2025-11-17,1728,INC00406,Critical
ALT002365,SRV007,2026-03-24,1451,INC00106,Low
ALT002366,SRV009,2025-07-17,440,INC00162,Medium
ALT002367,SRV007,2026-07-28,707,INC01006,Critical
ALT002368,SRV002,2025-10-05,552,INC00394,Medium
ALT002369,SRV006,2026-04-05,1424,INC01439,High
ALT002370,SRV008,2025-02-27,853,INC00020,Critical
ALT002371,SRV001,2025-11-21,904,INC01119,Critical
ALT002372,SRV010,2026-05-16,837,INC00017,High
ALT002373,SRV008,2025-02-03,320,INC01334,High
ALT002374,SRV008,2025-09-24,1868,INC00749,Low
ALT002375,SRV001,2026-02-02,1831,INC00022,High
ALT002376,SRV010,2025-12-06,17,INC00626,High
ALT002377,SRV005,2025-03-04,1892,INC00541,Medium
ALT002378,SRV004,2025-06-09,389,INC00908,High
ALT002379,SRV009,2025-11-10,1880,INC01410,Medium
ALT002380,SRV006,2026-03-29,1334,INC00003,Critical
ALT002381,SRV010,2026-09-30,951,INC00601,Medium
ALT002382,SRV005,2026-05-16,598,INC01206,Critical
ALT002383,SRV010,2025-02-12,1965,INC01342,Medium
ALT002384,SRV001,2026-01-28,239,INC00301,High
ALT002385,SRV008,2025-08-13,839,INC01433,Medium
ALT002386,SRV001,2025-12-09,1713,INC01264,Low
ALT002387,SRV001,2026-02-24,2052,INC00254,High
ALT002388,SRV005,2025-03-18,1620,INC00943,Medium
ALT002389,SRV003,2026-10-27,796,INC00150,Critical
ALT002390,SRV005,2026-08-07,394,INC00205,Critical
ALT002391,SRV004,2025-02-28,1093,INC00060,High
ALT002392,SRV009,2026-11-15,1337,INC01354,Medium
ALT002393,SRV008,2026-04-08,833,INC00536,Critical
ALT002394,SRV004,2025-02-20,2303,INC00083,Critical
ALT002395,SRV005,2026-07-29,2245,INC00866,High
ALT002396,SRV007,2025-10-23,256,INC01474,High
ALT002397,SRV002,2025-04-18,1016,INC01110,Critical
ALT002398,SRV006,2026-05-01,1346,INC00849,Medium
ALT002399,SRV002,2025-12-03,601,INC00087,Low
ALT002400,SRV010,2025-07-20,1749,INC01417,Low
ALT002401,SRV007,2025-04-04,1696,INC00196,Medium
ALT002402,SRV008,2026-10-04,1700,INC00917,Critical
ALT002403,SRV002,2026-12-30,1544,INC00933,High
ALT002404,SRV005,2025-05-15,1838,INC00357,Low
ALT002405,SRV009,2026-02-24,313,INC01216,Critical
ALT002406,SRV005,2026-12-28,2285,INC00350,Medium
ALT002407,SRV002,2025-08-13,545,INC00782,Low
ALT002408,SRV007,2026-05-20,5,INC01398,Critical
ALT002409,SRV002,2026-11-02,1011,INC00314,Medium
ALT002410,SRV006,2026-09-14,2156,INC01169,Low
ALT002411,SRV004,2026-10-08,726,INC00357,Low
ALT002412,SRV006,2026-09-21,2023,INC01416,Medium
ALT002413,SRV004,2025-08-12,83,INC01313,Low
ALT002414,SRV005,2025-12-06,499,INC01380,High
ALT002415,SRV007,2025-01-24,1267,INC00524,Critical
ALT002416,SRV009,2025-09-11,2287,INC01174,High
ALT002417,SRV004,2025-01-11,832,INC00712,Medium
ALT002418,SRV009,2025-08-04,272,INC00294,Critical
ALT002419,SRV006,2026-05-17,1565,INC01290,High
ALT002420,SRV008,2026-06-29,1559,INC01250,Medium
ALT002421,SRV009,2026-08-15,57,INC01456,Medium
ALT002422,SRV003,2026-09-22,1955,INC00914,Low
ALT002423,SRV010,2025-04-16,1243,INC01417,Low
ALT002424,SRV010,2026-02-28,57,INC00695,Low
ALT002425,SRV006,2026-06-11,2126,INC01020,Critical
ALT002426,SRV003,2026-05-19,1434,INC01171,Medium
ALT002427,SRV003,2026-08-17,1722,INC00963,Critical
ALT002428,SRV005,2026-05-04,645,INC00649,Medium
ALT002429,SRV003,2026-12-21,1894,INC00572,High
ALT002430,SRV009,2026-05-12,266,INC01220,High
ALT002431,SRV001,2025-01-07,179,INC00364,High
ALT002432,SRV008,2026-01-20,1991,INC01220,Low
ALT002433,SRV007,2026-06-06,367,INC00931,Low
ALT002434,SRV003,2025-09-05,312,INC01185,High
ALT002435,SRV010,2025-09-16,893,INC01442,Low
ALT002436,SRV005,2025-12-19,892,INC00506,Low
ALT002437,SRV007,2025-05-12,1288,INC00357,Critical
ALT002438,SRV005,2025-03-29,2202,INC00760,Low
ALT002439,SRV005,2026-08-27,2105,INC00153,Critical
ALT002440,SRV005,2025-07-24,322,INC00905,High
ALT002441,SRV009,2025-09-22,2006,INC00168,Critical
ALT002442,SRV008,2025-01-27,1359,INC00568,High
ALT002443,SRV002,2026-04-26,1562,INC01189,Low
ALT002444,SRV001,2026-09-27,320,INC00303,High
ALT002445,SRV001,2025-03-18,430,INC00116,Medium
ALT002446,SRV002,2026-05-04,1181,INC00465,High
ALT002447,SRV005,2026-11-28,573,INC00311,High
ALT002448,SRV007,2026-10-05,102,INC01150,High
ALT002449,SRV001,2025-04-11,1000,INC01129,Critical
ALT002450,SRV005,2026-08-26,2290,INC00993,Medium
ALT002451,SRV006,2025-03-27,1534,INC00984,Medium
ALT002452,SRV006,2025-04-28,1004,INC00964,Critical
ALT002453,SRV003,2026-07-04,2076,INC00182,High
ALT002454,SRV001,2025-12-29,224,INC00376,Low
ALT002455,SRV005,2025-11-04,1266,INC00632,Medium
ALT002456,SRV002,2025-11-11,89,INC01011,Low
ALT002457,SRV004,2026-06-16,228,INC00334,Low
ALT002458,SRV004,2026-11-02,1215,INC01081,Critical
ALT002459,SRV004,2026-03-04,2093,INC00557,Low
ALT002460,SRV008,2025-09-17,64,INC01238,Low
ALT002461,SRV007,2025-09-22,536,INC01064,Low
ALT002462,SRV010,2025-02-01,1100,INC01038,Low
ALT002463,SRV002,2026-03-23,971,INC01408,High
ALT002464,SRV002,2026-03-26,1514,INC00629,Medium
ALT002465,SRV006,2025-07-04,481,INC01255,Medium
ALT002466,SRV009,2025-08-30,2230,INC00106,Medium
ALT002467,SRV007,2026-05-21,747,INC00717,High
ALT002468,SRV007,2025-12-05,2047,INC01106,Critical
ALT002469,SRV006,2025-08-11,1639,INC00767,Medium
ALT002470,SRV008,2026-10-30,2271,INC00947,Low
ALT002471,SRV001,2026-01-19,167,INC00020,Medium
ALT002472,SRV006,2025-03-25,196,INC01129,Medium
ALT002473,SRV001,2026-01-22,146,INC00512,High
ALT002474,SRV009,2025-02-16,363,INC00851,Low
ALT002475,SRV005,2026-10-19,1734,INC01382,Critical
ALT002476,SRV001,2025-01-16,2102,INC00958,Low
ALT002477,SRV007,2025-04-29,2323,INC01098,Critical
ALT002478,SRV005,2025-12-08,1483,INC01269,Low
ALT002479,SRV005,2025-07-12,1569,INC00232,Low
ALT002480,SRV001,2025-08-21,1518,INC00703,High
ALT002481,SRV004,2025-08-31,1925,INC00599,High
ALT002482,SRV007,2025-12-12,120,INC00245,High
ALT002483,SRV001,2026-05-01,170,INC00591,Critical
ALT002484,SRV010,2026-07-02,2080,INC00849,Low
ALT002485,SRV007,2026-07-30,2344,INC01382,Medium
ALT002486,SRV001,2026-04-24,1759,INC01088,Low
ALT002487,SRV004,2026-07-14,2193,INC00772,Critical
ALT002488,SRV009,2025-06-25,728,INC00940,Critical
ALT002489,SRV010,2025-10-11,1484,INC00514,Medium
ALT002490,SRV001,2026-10-09,2282,INC00843,Medium
ALT002491,SRV009,2026-11-23,1353,INC00167,Low
ALT002492,SRV010,2025-01-29,122,INC01415,Low
ALT002493,SRV003,2025-06-05,2179,INC00418,Low
ALT002494,SRV005,2025-11-15,1300,INC00380,Medium
ALT002495,SRV006,2025-11-05,366,INC01251,Low
ALT002496,SRV008,2025-08-22,1353,INC00323,High
ALT002497,SRV004,2025-12-05,1264,INC01426,Medium
ALT002498,SRV007,2025-04-23,2138,INC00122,Critical
ALT002499,SRV005,2026-09-05,2341,INC00500,Medium
ALT002500,SRV004,2026-01-26,2308,INC01312,Critical
ALT002501,SRV008,2025-07-07,1714,INC01383,High
ALT002502,SRV007,2026-12-14,184,INC00434,Low
ALT002503,SRV008,2026-10-28,137,INC01351,Low
ALT002504,SRV001,2026-03-20,2286,INC00033,Critical
ALT002505,SRV008,2026-11-05,207,INC00215,High
ALT002506,SRV006,2026-05-16,1590,INC00487,Low
ALT002507,SRV004,2025-12-06,1194,INC01085,Low
ALT002508,SRV009,2026-10-23,562,INC00941,Low
ALT002509,SRV009,2026-11-12,1722,INC00883,High
ALT002510,SRV008,2026-06-08,536,INC00885,Medium
ALT002511,SRV001,2025-05-26,581,INC00199,Medium
ALT002512,SRV001,2026-09-18,295,INC00541,Low
ALT002513,SRV010,2025-02-08,1059,INC00921,High
ALT002514,SRV004,2025-03-20,1551,INC00357,Critical
ALT002515,SRV009,2025-11-09,1716,INC00975,Medium
ALT002516,SRV002,2026-02-11,1581,INC00716,Low
ALT002517,SRV004,2026-02-08,377,INC00876,Low
ALT002518,SRV001,2026-05-18,679,INC01218,Low
ALT002519,SRV003,2026-12-30,2141,INC00929,Low
ALT002520,SRV010,2026-01-16,1626,INC00968,Medium
ALT002521,SRV005,2025-04-23,811,INC01032,Medium
ALT002522,SRV009,2025-04-23,454,INC01245,High
ALT002523,SRV008,2026-08-08,432,INC00030,Critical
ALT002524,SRV010,2026-02-21,2301,INC00477,Low
ALT002525,SRV001,2025-08-23,606,INC00601,Medium
ALT002526,SRV010,2025-03-08,2186,INC00647,High
ALT002527,SRV006,2026-08-24,228,INC00372,Critical
ALT002528,SRV002,2025-12-19,92,INC00667,Low
ALT002529,SRV007,2025-07-06,1884,INC00006,Critical
ALT002530,SRV010,2026-04-11,155,INC01163,Low
ALT002531,SRV008,2026-12-24,336,INC00573,Low
ALT002532,SRV003,2026-11-20,936,INC00069,Low
ALT002533,SRV009,2026-11-19,896,INC01000,Medium
ALT002534,SRV005,2025-11-02,1958,INC00563,Medium
ALT002535,SRV004,2025-04-18,543,INC00700,High
ALT002536,SRV010,2025-03-08,2098,INC01355,Low
ALT002537,SRV007,2025-12-20,729,INC00004,Low
ALT002538,SRV001,2025-12-27,2287,INC00481,High
ALT002539,SRV008,2025-07-17,1279,INC01247,Low
ALT002540,SRV009,2026-12-17,2277,INC00039,Medium
ALT002541,SRV002,2025-01-11,2274,INC01116,Low
ALT002542,SRV004,2025-04-19,1612,INC00317,High
ALT002543,SRV003,2025-03-06,1277,INC00520,High
ALT002544,SRV010,2025-02-24,93,INC01262,Low
ALT002545,SRV010,2026-01-13,2225,INC01415,Medium
ALT002546,SRV002,2026-08-26,923,INC00544,High
ALT002547,SRV003,2025-03-25,1321,INC00244,Critical
ALT002548,SRV003,2025-11-30,2196,INC01480,Medium
ALT002549,SRV006,2026-08-06,582,INC00354,High
ALT002550,SRV001,2025-08-29,2113,INC00561,Low
ALT002551,SRV003,2026-08-15,126,INC00671,High
ALT002552,SRV006,2025-03-24,1133,INC00377,Medium
ALT002553,SRV005,2026-03-20,809,INC00882,Low
ALT002554,SRV005,2025-06-26,1594,INC00568,Low
ALT002555,SRV005,2026-01-23,2315,INC00330,Medium
ALT002556,SRV003,2025-09-23,329,INC01478,High
ALT002557,SRV001,2026-11-03,1997,INC01248,Critical
ALT002558,SRV007,2025-08-01,1437,INC00556,Critical
ALT002559,SRV002,2026-03-23,1327,INC00265,Low
ALT002560,SRV001,2025-08-28,558,INC00062,Critical
ALT002561,SRV010,2026-03-08,1042,INC01022,Low
ALT002562,SRV010,2026-11-25,939,INC00684,High
ALT002563,SRV010,2025-09-20,81,INC01094,Critical
ALT002564,SRV009,2025-07-30,330,INC00969,Low
ALT002565,SRV009,2025-03-08,422,INC00174,Low
ALT002566,SRV009,2025-09-13,1770,INC00437,High
ALT002567,SRV003,2025-08-07,623,INC01009,High
ALT002568,SRV010,2026-01-11,1481,INC00337,Low
ALT002569,SRV004,2026-03-02,1057,INC01254,Critical
ALT002570,SRV002,2026-05-01,1022,INC01311,Critical
ALT002571,SRV010,2025-01-13,1694,INC00374,Critical
ALT002572,SRV007,2026-06-23,1728,INC01445,Medium
ALT002573,SRV004,2026-12-30,1645,INC00131,High
ALT002574,SRV006,2026-10-26,643,INC00553,Medium
ALT002575,SRV007,2026-08-17,912,INC00117,High
ALT002576,SRV002,2025-10-19,25,INC00003,Medium
ALT002577,SRV003,2026-10-09,375,INC01430,Medium
ALT002578,SRV006,2026-03-09,1888,INC00665,Medium
ALT002579,SRV004,2026-09-14,346,INC00388,Critical
ALT002580,SRV001,2026-09-23,116,INC00507,High
ALT002581,SRV002,2025-05-07,1146,INC01372,Critical
ALT002582,SRV005,2026-12-03,1469,INC01277,Medium
ALT002583,SRV005,2025-12-27,2308,INC00758,Low
ALT002584,SRV009,2026-04-27,179,INC00165,Medium
ALT002585,SRV007,2025-04-16,1512,INC00484,High
ALT002586,SRV008,2026-01-14,952,INC01101,Low
ALT002587,SRV001,2026-02-23,1525,INC00709,Critical
ALT002588,SRV002,2026-12-29,722,INC00338,High
ALT002589,SRV010,2025-06-04,1387,INC01120,Medium
ALT002590,SRV010,2025-03-27,1884,INC01185,Medium
ALT002591,SRV001,2026-02-08,1427,INC00435,Critical
ALT002592,SRV003,2026-01-28,1470,INC00088,Critical
ALT002593,SRV004,2026-02-28,612,INC00673,High
ALT002594,SRV010,2025-10-15,545,INC00653,Low
ALT002595,SRV010,2026-06-07,1863,INC01321,High
ALT002596,SRV002,2026-04-21,2168,INC00938,Critical
ALT002597,SRV001,2025-09-29,165,INC01050,Critical
ALT002598,SRV009,2025-03-12,873,INC00720,Critical
ALT002599,SRV008,2026-01-02,1634,INC00956,Critical
ALT002600,SRV005,2026-01-21,555,INC00054,Low
ALT002601,SRV002,2026-10-09,1022,INC00165,Critical
ALT002602,SRV002,2026-08-22,2143,INC01070,Critical
ALT002603,SRV006,2025-08-07,781,INC01279,High
ALT002604,SRV004,2026-03-24,471,INC00823,High
ALT002605,SRV005,2025-07-05,488,INC00694,High
ALT002606,SRV005,2025-11-17,955,INC00669,Medium
ALT002607,SRV006,2026-11-16,2153,INC00544,Medium
ALT002608,SRV006,2025-07-08,2023,INC01453,Critical
ALT002609,SRV005,2025-11-07,246,INC00216,Low
ALT002610,SRV001,2025-11-16,1609,INC00141,High
ALT002611,SRV008,2025-07-04,1888,INC00721,Critical
ALT002612,SRV010,2026-01-20,102,INC01160,High
ALT002613,SRV001,2026-12-20,1080,INC00678,Medium
ALT002614,SRV001,2026-11-26,1595,INC01142,Low
ALT002615,SRV005,2025-01-19,1207,INC01342,High
ALT002616,SRV008,2026-08-30,2340,INC00597,Critical
ALT002617,SRV010,2025-05-28,1830,INC01034,Medium
ALT002618,SRV008,2025-07-10,161,INC01467,Low
ALT002619,SRV009,2025-01-26,1472,INC00287,Low
ALT002620,SRV010,2026-09-29,2206,INC00870,Low
ALT002621,SRV009,2026-06-17,1903,INC00640,Low
ALT002622,SRV002,2025-12-02,1673,INC00858,Low
ALT002623,SRV002,2025-01-02,312,INC00963,High
ALT002624,SRV008,2025-09-22,995,INC00043,Low
ALT002625,SRV008,2026-09-30,869,INC01159,Critical
ALT002626,SRV007,2026-06-30,103,INC00086,Low
ALT002627,SRV002,2025-10-01,41,INC00890,Critical
ALT002628,SRV009,2026-03-30,33,INC00056,Critical
ALT002629,SRV005,2025-11-06,2311,INC00777,Medium
ALT002630,SRV007,2026-03-29,479,INC00268,Critical
ALT002631,SRV009,2025-09-21,1382,INC01336,High
ALT002632,SRV008,2026-10-23,44,INC01240,Critical
ALT002633,SRV001,2026-07-06,1704,INC00617,Low
ALT002634,SRV009,2025-10-21,1143,INC00521,Low
ALT002635,SRV001,2025-02-20,1459,INC00240,High
ALT002636,SRV009,2026-03-31,848,INC01424,High
ALT002637,SRV008,2025-07-20,225,INC01271,Critical
ALT002638,SRV006,2026-10-10,281,INC01435,Low
ALT002639,SRV001,2026-12-12,459,INC00860,High
ALT002640,SRV006,2025-10-02,211,INC00820,Low
ALT002641,SRV004,2026-02-25,427,INC00227,Medium
ALT002642,SRV005,2026-03-12,1058,INC00643,Critical
ALT002643,SRV009,2025-07-26,561,INC00389,Critical
ALT002644,SRV002,2026-05-14,198,INC00595,Medium
ALT002645,SRV006,2025-01-17,1815,INC00990,Low
ALT002646,SRV003,2026-11-20,680,INC00527,High
ALT002647,SRV010,2025-09-04,2311,INC00983,Medium
ALT002648,SRV010,2026-08-17,511,INC01018,Medium
ALT002649,SRV006,2025-12-24,1592,INC00165,Low
ALT002650,SRV008,2025-03-01,1451,INC00683,Critical
ALT002651,SRV008,2026-04-30,1745,INC00866,High
ALT002652,SRV003,2026-10-25,1359,INC00915,Critical
ALT002653,SRV003,2025-07-19,104,INC00260,Medium
ALT002654,SRV007,2025-11-22,1910,INC01136,Critical
ALT002655,SRV007,2026-05-12,1308,INC00934,Critical
ALT002656,SRV003,2025-08-06,1416,INC00296,Low
ALT002657,SRV008,2025-01-23,1479,INC00058,Medium
ALT002658,SRV005,2025-10-12,112,INC00849,High
ALT002659,SRV004,2026-11-15,1822,INC00999,Critical
ALT002660,SRV004,2025-03-13,38,INC01396,Critical
ALT002661,SRV002,2026-08-13,974,INC00170,High
ALT002662,SRV002,2025-08-06,493,INC00688,Low
ALT002663,SRV004,2026-10-03,26,INC00621,Low
ALT002664,SRV002,2026-08-15,751,INC00975,High
ALT002665,SRV004,2025-12-14,1060,INC00284,Medium
ALT002666,SRV004,2026-05-13,67,INC01368,High
ALT002667,SRV003,2025-06-03,1385,INC00046,Low
ALT002668,SRV001,2025-10-01,2119,INC00048,Medium
ALT002669,SRV006,2026-02-05,89,INC00324,High
ALT002670,SRV006,2025-02-10,832,INC00036,Low
ALT002671,SRV010,2025-08-17,1176,INC00816,High
ALT002672,SRV008,2025-06-06,1677,INC00169,High
ALT002673,SRV001,2025-11-13,1220,INC01251,Low
ALT002674,SRV005,2025-06-19,882,INC00872,Low
ALT002675,SRV002,2025-10-11,760,INC01436,High
ALT002676,SRV007,2025-10-08,87,INC00205,Medium
ALT002677,SRV010,2026-09-19,2305,INC00977,High
ALT002678,SRV006,2025-09-09,573,INC01109,Low
ALT002679,SRV009,2026-01-31,130,INC00439,High
ALT002680,SRV008,2025-10-09,2036,INC01414,Critical
ALT002681,SRV001,2025-12-06,1043,INC00788,Critical
ALT002682,SRV010,2026-12-02,1947,INC00909,Low
ALT002683,SRV003,2026-03-19,1884,INC00137,High
ALT002684,SRV007,2025-03-11,1312,INC01015,High
ALT002685,SRV002,2025-12-03,1523,INC00754,Critical
ALT002686,SRV005,2025-06-15,2092,INC01390,Low
ALT002687,SRV007,2026-09-05,1256,INC01431,Medium
ALT002688,SRV009,2026-03-21,821,INC00243,Low
ALT002689,SRV003,2026-02-23,868,INC00349,High
ALT002690,SRV007,2025-03-27,1394,INC01225,High
ALT002691,SRV008,2026-11-25,1715,INC00622,Low
ALT002692,SRV005,2025-05-26,1723,INC00705,Medium
ALT002693,SRV004,2026-06-08,62,INC01102,Medium
ALT002694,SRV007,2026-05-28,1815,INC01402,Critical
ALT002695,SRV008,2026-05-19,65,INC00814,Low
ALT002696,SRV002,2025-11-30,1361,INC01362,High
ALT002697,SRV010,2025-05-14,1176,INC00739,Critical
ALT002698,SRV008,2025-08-19,369,INC00923,High
ALT002699,SRV008,2025-09-15,908,INC00682,Critical
ALT002700,SRV001,2025-10-02,454,INC00307,High
ALT002701,SRV004,2025-11-16,1902,INC00578,Medium
ALT002702,SRV010,2025-07-14,729,INC00290,Critical
ALT002703,SRV005,2026-03-05,2301,INC01156,Medium
ALT002704,SRV007,2025-09-21,2180,INC00818,Low
ALT002705,SRV003,2026-10-13,333,INC01404,High
ALT002706,SRV004,2025-08-26,2000,INC00147,Critical
ALT002707,SRV008,2025-10-24,201,INC00466,High
ALT002708,SRV006,2025-04-01,2168,INC00611,Critical
ALT002709,SRV002,2025-07-02,1899,INC00367,Critical
ALT002710,SRV001,2025-01-20,957,INC00200,High
ALT002711,SRV008,2026-02-27,593,INC01204,Critical
ALT002712,SRV007,2026-04-19,2173,INC00982,Low
ALT002713,SRV006,2026-09-04,2143,INC01299,Medium
ALT002714,SRV001,2026-06-22,887,INC00225,Medium
ALT002715,SRV004,2025-10-20,2107,INC00176,Critical
ALT002716,SRV009,2026-08-31,1860,INC00826,Critical
ALT002717,SRV004,2026-07-25,824,INC00812,High
ALT002718,SRV005,2026-05-12,1553,INC00394,High
ALT002719,SRV004,2026-01-15,1589,INC01351,Medium
ALT002720,SRV004,2026-08-15,1247,INC00457,Medium
ALT002721,SRV005,2026-03-29,1528,INC00907,Medium
ALT002722,SRV003,2025-09-24,1753,INC01107,High
ALT002723,SRV007,2025-07-16,1423,INC01067,Critical
ALT002724,SRV010,2026-04-09,2313,INC01370,High
ALT002725,SRV002,2026-03-13,119,INC00497,Critical
ALT002726,SRV004,2026-10-21,1300,INC00621,Medium
ALT002727,SRV003,2025-01-24,687,INC00659,Medium
ALT002728,SRV007,2025-03-19,1414,INC00725,High
ALT002729,SRV004,2025-08-06,1223,INC00737,High
ALT002730,SRV005,2025-09-05,105,INC01035,Low
ALT002731,SRV007,2026-09-30,1838,INC00775,Low
ALT002732,SRV008,2026-01-05,822,INC01398,High
ALT002733,SRV001,2025-07-15,1009,INC01119,High
ALT002734,SRV009,2025-03-20,1513,INC00917,High
ALT002735,SRV009,2025-05-01,1713,INC00263,Medium
ALT002736,SRV007,2025-07-10,1073,INC01352,High
ALT002737,SRV010,2025-03-08,520,INC01064,Low
ALT002738,SRV004,2026-08-18,1470,INC01256,Medium
ALT002739,SRV008,2026-11-05,965,INC00636,Medium
ALT002740,SRV004,2026-10-25,92,INC01472,Low
ALT002741,SRV004,2025-05-18,1702,INC01141,Medium
ALT002742,SRV004,2026-10-03,57,INC00623,Critical
ALT002743,SRV005,2026-02-13,1901,INC01107,Critical
ALT002744,SRV007,2025-04-28,1569,INC00757,Low
ALT002745,SRV009,2025-08-11,809,INC00646,Medium
ALT002746,SRV006,2026-10-27,668,INC01124,Medium
ALT002747,SRV003,2026-10-19,1998,INC01022,Critical
ALT002748,SRV003,2026-03-28,1658,INC00008,Medium
ALT002749,SRV003,2026-09-13,2267,INC00138,Low
ALT002750,SRV001,2025-04-14,1824,INC01246,Low
ALT002751,SRV008,2026-10-06,506,INC00777,Critical
ALT002752,SRV007,2026-08-17,1542,INC00185,Low
ALT002753,SRV001,2026-06-16,695,INC00439,Medium
ALT002754,SRV009,2025-12-11,204,INC00288,Low
ALT002755,SRV003,2026-10-11,464,INC01202,Critical
ALT002756,SRV007,2025-08-30,2222,INC00908,High
ALT002757,SRV005,2026-06-14,2130,INC01381,Low
ALT002758,SRV005,2025-04-20,1606,INC00348,Medium
ALT002759,SRV003,2025-01-16,1323,INC00977,High
ALT002760,SRV006,2026-02-27,356,INC00143,Critical
ALT002761,SRV009,2026-03-29,156,INC01215,Low
ALT002762,SRV002,2026-11-04,553,INC01205,High
ALT002763,SRV010,2026-12-30,1506,INC01241,High
ALT002764,SRV004,2026-07-23,1117,INC00560,Critical
ALT002765,SRV007,2025-06-17,1573,INC01130,Low
ALT002766,SRV001,2026-12-11,2346,INC00805,Low
ALT002767,SRV010,2026-08-01,1733,INC01206,Critical
ALT002768,SRV007,2026-08-08,120,INC00096,Low
ALT002769,SRV010,2026-10-25,1305,INC00300,Low
ALT002770,SRV006,2025-01-04,1204,INC00718,Critical
ALT002771,SRV005,2025-08-21,469,INC01143,Low
ALT002772,SRV004,2025-08-21,1346,INC01494,Critical
ALT002773,SRV004,2025-03-11,648,INC01046,High
ALT002774,SRV005,2026-04-13,115,INC00447,Critical
ALT002775,SRV010,2026-10-25,1423,INC00040,Critical
ALT002776,SRV004,2026-01-14,2034,INC00308,High
ALT002777,SRV004,2025-06-26,1533,INC00459,Medium
ALT002778,SRV001,2026-04-13,903,INC00976,High
ALT002779,SRV009,2026-03-27,1072,INC00993,Low
ALT002780,SRV001,2026-12-27,1309,INC01247,High
ALT002781,SRV003,2025-06-25,412,INC00255,High
ALT002782,SRV004,2025-01-31,696,INC00872,High
ALT002783,SRV010,2026-04-22,1431,INC01323,Medium
ALT002784,SRV004,2026-04-24,774,INC00821,High
ALT002785,SRV006,2025-10-25,2266,INC00721,Critical
ALT002786,SRV001,2026-03-24,1073,INC01125,Medium
ALT002787,SRV003,2025-02-18,2225,INC00091,Medium
ALT002788,SRV005,2026-09-30,425,INC00483,Medium
ALT002789,SRV004,2025-10-18,1099,INC00151,Critical
ALT002790,SRV005,2026-12-17,476,INC01029,Medium
ALT002791,SRV010,2026-04-23,1716,INC00899,Medium
ALT002792,SRV010,2025-12-15,2171,INC00637,Low
ALT002793,SRV006,2025-07-28,2229,INC00962,Critical
ALT002794,SRV003,2025-12-15,1068,INC01382,Medium
ALT002795,SRV003,2025-04-16,2053,INC00956,Medium
ALT002796,SRV002,2026-12-09,1864,INC00493,High
ALT002797,SRV002,2025-05-15,2282,INC01099,Medium
ALT002798,SRV010,2026-08-04,1325,INC00192,Low
ALT002799,SRV004,2026-04-30,729,INC01029,Low
ALT002800,SRV002,2025-09-13,1692,INC01004,Low
ALT002801,SRV002,2025-10-14,1938,INC01304,Medium
ALT002802,SRV007,2026-12-31,1507,INC00228,High
ALT002803,SRV001,2026-04-03,1763,INC00346,Low
ALT002804,SRV004,2025-03-17,1415,INC00644,Low
ALT002805,SRV002,2025-09-05,1712,INC00013,Critical
ALT002806,SRV004,2026-04-22,951,INC00626,High
ALT002807,SRV008,2025-01-16,2005,INC00563,Critical
ALT002808,SRV009,2025-02-25,1600,INC00127,Critical
ALT002809,SRV002,2026-04-09,1493,INC00424,Low
ALT002810,SRV010,2025-08-17,1804,INC00587,High
ALT002811,SRV003,2026-04-09,397,INC00448,Medium
ALT002812,SRV009,2025-02-20,744,INC00752,Medium
ALT002813,SRV008,2026-11-07,1993,INC01018,High
ALT002814,SRV009,2025-07-23,1050,INC00529,Medium
ALT002815,SRV008,2025-08-13,366,INC00841,Medium
ALT002816,SRV001,2025-03-25,787,INC00283,Medium
ALT002817,SRV001,2025-01-04,1859,INC00667,Medium
ALT002818,SRV004,2026-09-03,1492,INC00203,Medium
ALT002819,SRV006,2025-03-26,1321,INC01300,Critical
ALT002820,SRV008,2026-01-18,1912,INC00227,Critical
ALT002821,SRV008,2026-12-11,1740,INC01102,Low
ALT002822,SRV002,2026-01-29,1355,INC01317,High
ALT002823,SRV010,2026-03-09,1688,INC00815,Low
ALT002824,SRV001,2026-02-14,1201,INC00250,Critical
ALT002825,SRV010,2025-03-12,1071,INC01430,Medium
ALT002826,SRV001,2026-01-01,790,INC00725,Low
ALT002827,SRV005,2025-07-16,1878,INC00545,High
ALT002828,SRV001,2025-07-08,2336,INC00030,Medium
ALT002829,SRV002,2025-10-24,695,INC01375,Low
ALT002830,SRV010,2026-04-03,2309,INC00927,High
ALT002831,SRV004,2025-04-07,337,INC00886,Critical
ALT002832,SRV003,2026-12-22,343,INC00084,Medium
ALT002833,SRV004,2025-09-19,1674,INC01102,High
ALT002834,SRV009,2026-11-03,952,INC00308,High
ALT002835,SRV002,2025-05-08,973,INC00782,High
ALT002836,SRV005,2026-06-24,717,INC00016,Medium
ALT002837,SRV002,2025-04-28,1583,INC01147,Medium
ALT002838,SRV007,2026-03-23,1388,INC00370,Medium
ALT002839,SRV009,2026-06-24,2277,INC01153,Low
ALT002840,SRV004,2025-12-23,802,INC00216,Medium
ALT002841,SRV007,2026-05-16,1529,INC00888,High
ALT002842,SRV003,2025-11-13,1260,INC00793,Critical
ALT002843,SRV003,2025-11-11,400,INC00659,Medium
ALT002844,SRV010,2025-02-24,1929,INC01401,Critical
ALT002845,SRV008,2026-10-02,1571,INC00990,Low
ALT002846,SRV008,2025-04-24,191,INC00849,Medium
ALT002847,SRV006,2026-01-09,1474,INC00631,Low
ALT002848,SRV009,2025-04-03,778,INC00781,Medium
ALT002849,SRV003,2025-12-27,2107,INC01130,Critical
ALT002850,SRV001,2025-09-09,1718,INC01278,Critical
ALT002851,SRV002,2026-08-30,633,INC01297,Low
ALT002852,SRV005,2026-10-10,1763,INC01117,Critical
ALT002853,SRV004,2026-04-15,303,INC00753,High
ALT002854,SRV003,2025-10-28,1557,INC00995,High
ALT002855,SRV007,2026-09-15,613,INC00539,Medium
ALT002856,SRV009,2025-01-03,1685,INC00104,Low
ALT002857,SRV009,2026-01-30,248,INC00017,Medium
ALT002858,SRV006,2026-03-11,810,INC00825,Low
ALT002859,SRV007,2026-11-12,2159,INC00462,High
ALT002860,SRV005,2026-01-26,1737,INC01384,Medium
ALT002861,SRV008,2025-07-15,861,INC01321,High
ALT002862,SRV005,2025-02-26,485,INC00742,Low
ALT002863,SRV001,2026-03-14,2100,INC00651,Low
ALT002864,SRV010,2025-02-26,105,INC00828,Medium
ALT002865,SRV001,2026-11-14,2234,INC01393,Critical
ALT002866,SRV003,2025-02-17,749,INC00032,High
ALT002867,SRV008,2025-11-14,1024,INC01421,Medium
ALT002868,SRV004,2025-11-17,1575,INC00690,Low
ALT002869,SRV005,2025-12-03,559,INC01293,Critical
ALT002870,SRV004,2026-10-22,2142,INC00725,High
ALT002871,SRV002,2025-10-16,1339,INC01050,Medium
ALT002872,SRV006,2026-05-01,888,INC00888,Low
ALT002873,SRV007,2025-11-15,2164,INC01367,Low
ALT002874,SRV005,2026-12-15,309,INC00012,Critical
ALT002875,SRV009,2026-01-21,1341,INC00403,Critical
ALT002876,SRV002,2025-11-04,2042,INC01062,High
ALT002877,SRV008,2025-01-17,387,INC01293,Critical
ALT002878,SRV002,2025-10-27,1579,INC00154,Medium
ALT002879,SRV007,2025-12-26,1792,INC00098,Medium
ALT002880,SRV010,2025-12-20,867,INC00732,Low
ALT002881,SRV002,2026-06-02,109,INC00160,Low
ALT002882,SRV002,2025-12-01,2288,INC01362,Medium
ALT002883,SRV002,2026-09-28,448,INC00968,High
ALT002884,SRV004,2026-06-09,0,INC01172,Critical
ALT002885,SRV007,2025-10-25,1872,INC01218,Low
ALT002886,SRV010,2025-08-11,2239,INC01374,Critical
ALT002887,SRV010,2025-07-11,1945,INC00282,Low
ALT002888,SRV009,2025-01-30,963,INC01307,Low
ALT002889,SRV007,2025-01-02,2080,INC00116,Medium
ALT002890,SRV003,2026-05-27,225,INC00064,Low
ALT002891,SRV003,2026-03-06,884,INC00602,Low
ALT002892,SRV005,2026-07-12,1582,INC00625,Low
ALT002893,SRV001,2026-11-11,1367,INC01246,High
ALT002894,SRV006,2025-09-15,719,INC00944,Medium
ALT002895,SRV006,2026-09-12,1057,INC00552,Medium
ALT002896,SRV005,2025-07-30,573,INC01022,Low
ALT002897,SRV009,2026-04-12,1635,INC00783,Low
ALT002898,SRV005,2026-07-08,1713,INC00414,High
ALT002899,SRV002,2026-10-11,1930,INC00261,High
ALT002900,SRV010,2025-10-08,245,INC00272,Critical
ALT002901,SRV006,2025-04-16,1116,INC00120,High
ALT002902,SRV002,2026-09-06,1601,INC01390,Medium
ALT002903,SRV001,2026-09-01,301,INC01014,Medium
ALT002904,SRV001,2026-05-07,1089,INC01242,Medium
ALT002905,SRV009,2025-09-20,1679,INC00419,Low
ALT002906,SRV009,2026-01-02,1214,INC01210,High
ALT002907,SRV002,2025-12-05,262,INC01048,High
ALT002908,SRV008,2026-11-12,470,INC00479,Low
ALT002909,SRV010,2026-06-26,1147,INC00495,Critical
ALT002910,SRV002,2025-04-08,1720,INC00682,Critical
ALT002911,SRV010,2026-09-09,1728,INC00304,High
ALT002912,SRV007,2025-11-22,2059,INC01336,Low
ALT002913,SRV001,2025-09-11,1446,INC00081,Medium
ALT002914,SRV003,2026-07-23,739,INC01091,Critical
ALT002915,SRV001,2026-02-21,1448,INC00981,Low
ALT002916,SRV010,2026-03-26,1106,INC00490,Medium
ALT002917,SRV003,2025-02-11,200,INC00297,Critical
ALT002918,SRV004,2026-04-24,1742,INC00325,Low
ALT002919,SRV003,2026-01-17,222,INC01195,Low
ALT002920,SRV006,2026-08-15,1860,INC00883,Medium
ALT002921,SRV010,2026-01-27,690,INC00662,Critical
ALT002922,SRV008,2026-05-22,2173,INC00210,Low
ALT002923,SRV001,2025-01-18,667,INC01149,Medium
ALT002924,SRV003,2026-12-20,2164,INC01120,Medium
ALT002925,SRV008,2025-12-18,1752,INC00603,High
ALT002926,SRV005,2026-11-12,246,INC01423,Low
ALT002927,SRV001,2026-06-13,833,INC00501,Medium
ALT002928,SRV006,2025-10-20,824,INC00954,Critical
ALT002929,SRV001,2025-02-02,797,INC01472,High
ALT002930,SRV002,2025-02-27,1894,INC00078,Medium
ALT002931,SRV007,2026-06-26,1736,INC00188,Medium
ALT002932,SRV002,2026-08-24,6,INC00988,High
ALT002933,SRV010,2025-06-28,1586,INC00817,Low
ALT002934,SRV008,2026-10-19,2284,INC00683,Critical
ALT002935,SRV010,2025-02-11,1095,INC00903,Critical
ALT002936,SRV006,2026-05-28,817,INC00603,Low
ALT002937,SRV006,2025-08-11,306,INC00076,Medium
ALT002938,SRV007,2026-11-05,1710,INC01226,Low
ALT002939,SRV006,2026-12-23,2184,INC00328,High
ALT002940,SRV006,2026-09-09,481,INC00218,High
ALT002941,SRV003,2026-02-11,337,INC01197,Medium
ALT002942,SRV001,2026-05-17,1333,INC01452,Medium
ALT002943,SRV002,2025-01-01,1224,INC00052,Medium
ALT002944,SRV001,2025-09-23,2331,INC00485,Medium
ALT002945,SRV007,2026-06-18,1240,INC00494,Low
ALT002946,SRV002,2025-11-15,1315,INC01156,Low
ALT002947,SRV006,2025-11-26,377,INC01033,Critical
ALT002948,SRV008,2026-04-24,58,INC00233,Low
ALT002949,SRV005,2026-07-10,873,INC00632,High
ALT002950,SRV002,2026-07-09,230,INC00694,Low
ALT002951,SRV009,2026-10-11,323,INC00192,Medium
ALT002952,SRV005,2025-02-21,850,INC01272,Low
ALT002953,SRV004,2026-03-06,893,INC00961,Low
ALT002954,SRV008,2026-03-16,284,INC01051,High
ALT002955,SRV003,2025-12-05,503,INC01219,Medium
ALT002956,SRV002,2025-12-31,161,INC00394,Medium
ALT002957,SRV006,2025-04-08,1763,INC01372,Medium
ALT002958,SRV002,2026-05-25,775,INC00725,Medium
ALT002959,SRV007,2026-11-06,2213,INC00972,Low
ALT002960,SRV001,2025-03-09,454,INC00352,High
ALT002961,SRV003,2026-03-30,1599,INC01333,Critical
ALT002962,SRV001,2026-06-08,6,INC00637,Critical
ALT002963,SRV004,2026-04-30,1437,INC01048,Low
ALT002964,SRV003,2026-06-27,1542,INC00063,High
ALT002965,SRV006,2026-06-22,968,INC00182,Low
ALT002966,SRV009,2025-11-07,98,INC01482,Critical
ALT002967,SRV003,2026-05-16,2028,INC01045,High
ALT002968,SRV001,2026-09-19,2048,INC00630,Medium
ALT002969,SRV007,2026-05-12,430,INC01118,High
ALT002970,SRV002,2026-12-25,921,INC00425,High
ALT002971,SRV003,2025-02-01,946,INC00454,High
ALT002972,SRV005,2026-12-23,1908,INC00916,High
ALT002973,SRV005,2026-11-26,1730,INC01387,Low
ALT002974,SRV007,2025-05-04,1717,INC00137,Medium
ALT002975,SRV001,2026-07-17,395,INC00069,Critical
ALT002976,SRV002,2026-10-14,1475,INC00357,Medium
ALT002977,SRV008,2025-11-19,106,INC00156,High
ALT002978,SRV006,2025-05-27,1931,INC01253,Critical
ALT002979,SRV005,2025-10-03,387,INC01033,Low
ALT002980,SRV008,2026-11-22,1221,INC00344,Medium
ALT002981,SRV008,2025-04-22,1332,INC01304,Medium
ALT002982,SRV010,2026-03-06,1821,INC01006,Medium
ALT002983,SRV005,2025-12-16,2295,INC00926,High
ALT002984,SRV010,2025-07-20,5,INC01189,High
ALT002985,SRV002,2025-09-07,1400,INC00957,Medium
ALT002986,SRV004,2026-10-05,261,INC00216,Medium
ALT002987,SRV004,2026-05-12,161,INC01359,Medium
ALT002988,SRV002,2026-07-09,2217,INC00102,Critical
ALT002989,SRV005,2026-12-30,1926,INC01355,Low
ALT002990,SRV007,2025-11-23,168,INC00419,Low
ALT002991,SRV010,2026-06-15,77,INC00298,High
ALT002992,SRV007,2025-09-04,1993,INC00590,Low
ALT002993,SRV002,2026-10-01,1688,INC01014,Critical
ALT002994,SRV004,2025-02-10,967,INC00599,Medium
ALT002995,SRV004,2026-02-11,769,INC00181,Critical
ALT002996,SRV004,2026-04-11,2070,INC00410,High
ALT002997,SRV001,2025-12-06,256,INC01069,Medium
ALT002998,SRV001,2026-09-19,569,INC00249,High
ALT002999,SRV002,2026-06-23,611,INC00853,Critical
ALT003000,SRV004,2025-11-15,986,INC01008,High
ALT003001,SRV001,2026-02-04,2239,INC00645,Medium
ALT003002,SRV005,2025-07-11,516,INC00339,Low
ALT003003,SRV001,2025-06-22,980,INC00401,Low
ALT003004,SRV007,2025-01-07,1500,INC00560,High
ALT003005,SRV003,2026-07-15,1550,INC00124,Critical
ALT003006,SRV008,2025-02-16,1277,INC00143,Medium
ALT003007,SRV004,2025-04-06,894,INC00588,Low
ALT003008,SRV006,2026-08-16,2105,INC00621,Medium
ALT003009,SRV007,2025-11-05,312,INC00544,High
ALT003010,SRV008,2026-11-16,696,INC01109,Critical
ALT003011,SRV010,2025-06-15,906,INC01249,Low
ALT003012,SRV006,2026-09-06,358,INC00447,High
ALT003013,SRV002,2025-03-27,1387,INC01165,Critical
ALT003014,SRV007,2025-07-06,1364,INC01261,High
ALT003015,SRV001,2026-08-24,702,INC00406,Medium
ALT003016,SRV005,2026-04-12,1721,INC00604,Medium
ALT003017,SRV009,2025-02-04,1871,INC00659,High
ALT003018,SRV003,2025-07-06,2243,INC00567,High
ALT003019,SRV004,2025-07-28,1439,INC01228,High
ALT003020,SRV003,2026-11-18,894,INC01055,High
ALT003021,SRV002,2026-02-14,1354,INC00203,High
ALT003022,SRV003,2025-10-09,2259,INC01040,Medium
ALT003023,SRV007,2026-06-03,1525,INC00207,Low
ALT003024,SRV001,2025-05-21,118,INC00177,High
ALT003025,SRV004,2026-09-23,151,INC01258,Low
ALT003026,SRV010,2026-10-10,19,INC01178,Medium
ALT003027,SRV010,2025-08-31,1330,INC00978,Low
ALT003028,SRV005,2026-09-10,738,INC00049,High
ALT003029,SRV009,2026-06-16,593,INC00989,Medium
ALT003030,SRV003,2026-12-29,543,INC00137,Medium
ALT003031,SRV005,2026-01-31,911,INC00095,Medium
ALT003032,SRV008,2025-12-17,1938,INC01360,High
ALT003033,SRV010,2026-04-12,251,INC01196,High
ALT003034,SRV006,2026-11-06,2286,INC01305,Medium
ALT003035,SRV008,2026-12-06,2317,INC01029,Critical
ALT003036,SRV006,2026-06-19,1614,INC00777,Medium
ALT003037,SRV004,2025-05-27,1521,INC00726,High
ALT003038,SRV007,2026-08-13,1574,INC01259,Low
ALT003039,SRV002,2025-02-14,869,INC01038,High
ALT003040,SRV002,2026-04-21,2136,INC00095,High
ALT003041,SRV001,2025-03-22,423,INC01284,Critical
ALT003042,SRV005,2025-06-18,169,INC00808,Critical
ALT003043,SRV006,2025-11-01,1565,INC01453,Critical
ALT003044,SRV002,2025-07-06,2267,INC00744,High
ALT003045,SRV003,2026-01-08,1083,INC00502,Critical
ALT003046,SRV008,2025-05-27,2055,INC00242,Critical
ALT003047,SRV008,2025-12-28,987,INC00105,High
ALT003048,SRV007,2025-12-06,144,INC00569,High
ALT003049,SRV008,2025-11-28,2177,INC00627,Critical
ALT003050,SRV007,2026-05-25,732,INC01031,Low
ALT003051,SRV006,2025-08-07,473,INC00365,Critical
ALT003052,SRV003,2025-02-03,2269,INC00928,Medium
ALT003053,SRV006,2026-08-29,45,INC00468,Medium
ALT003054,SRV010,2026-10-15,1575,INC00572,Low
ALT003055,SRV007,2026-10-22,1592,INC00901,Low
ALT003056,SRV009,2025-05-24,709,INC00257,High
ALT003057,SRV002,2026-11-22,999,INC00293,Medium
ALT003058,SRV010,2026-09-04,1474,INC00664,Low
ALT003059,SRV003,2026-01-03,259,INC00020,High
ALT003060,SRV003,2026-02-07,2037,INC01470,Low
ALT003061,SRV009,2026-04-10,786,INC00947,High
ALT003062,SRV006,2025-11-30,1298,INC01153,Critical
ALT003063,SRV003,2026-04-01,2012,INC00850,Medium
ALT003064,SRV004,2025-06-28,1732,INC01467,Low
ALT003065,SRV002,2026-03-25,1323,INC00596,Critical
ALT003066,SRV008,2025-04-05,1948,INC00507,Medium
ALT003067,SRV010,2025-06-24,1587,INC00366,Critical
ALT003068,SRV009,2025-04-08,688,INC01202,Low
ALT003069,SRV010,2025-07-24,1140,INC00194,Medium
ALT003070,SRV010,2025-07-31,1685,INC00511,High
ALT003071,SRV002,2026-02-15,2048,INC00210,Medium
ALT003072,SRV009,2026-05-18,1587,INC01326,High
ALT003073,SRV004,2025-09-22,2061,INC01156,Low
ALT003074,SRV008,2026-06-11,269,INC01454,Critical
ALT003075,SRV008,2025-10-13,1265,INC01315,Critical
ALT003076,SRV007,2026-08-01,1504,INC01105,High
ALT003077,SRV009,2026-03-16,2179,INC00851,High
ALT003078,SRV008,2025-09-01,957,INC00014,Low
ALT003079,SRV006,2025-11-25,83,INC00405,Critical
ALT003080,SRV010,2025-03-30,493,INC00604,Low
ALT003081,SRV001,2026-09-27,1194,INC01203,Critical
ALT003082,SRV006,2026-05-11,1250,INC01246,Medium
ALT003083,SRV008,2025-09-08,2209,INC00569,Low
ALT003084,SRV003,2026-06-30,710,INC00610,Critical
ALT003085,SRV001,2026-01-27,1788,INC01243,Critical
ALT003086,SRV010,2026-05-11,259,INC01015,Low
ALT003087,SRV008,2026-04-19,428,INC00814,Medium
ALT003088,SRV002,2025-12-05,1559,INC00510,Critical
ALT003089,SRV007,2025-12-24,1615,INC00039,Low
ALT003090,SRV005,2026-05-17,2303,INC00599,Critical
ALT003091,SRV007,2026-12-30,1634,INC00085,Low
ALT003092,SRV003,2025-01-19,475,INC01022,Low
ALT003093,SRV001,2025-12-12,1022,INC00210,Medium
ALT003094,SRV004,2026-02-08,2030,INC00833,Critical
ALT003095,SRV002,2026-09-03,119,INC01322,Medium
ALT003096,SRV009,2026-11-07,306,INC00795,High
ALT003097,SRV007,2025-04-15,516,INC00211,Medium
ALT003098,SRV001,2025-11-10,721,INC00559,Low
ALT003099,SRV004,2026-08-15,2321,INC00676,Critical
ALT003100,SRV008,2025-04-01,1088,INC01336,Medium
ALT003101,SRV007,2025-09-19,347,INC01265,Critical
ALT003102,SRV002,2025-10-01,1899,INC01269,Critical
ALT003103,SRV004,2025-06-16,951,INC01160,High
ALT003104,SRV008,2026-10-22,452,INC00415,Medium
ALT003105,SRV002,2026-01-17,2096,INC01157,High
ALT003106,SRV002,2026-12-08,1309,INC00287,Medium
ALT003107,SRV005,2026-04-04,2239,INC01174,High
ALT003108,SRV007,2025-12-05,1401,INC00417,Low
ALT003109,SRV007,2026-12-07,1700,INC00802,Critical
ALT003110,SRV006,2025-06-15,1551,INC01409,High
ALT003111,SRV008,2026-04-14,10,INC01402,Medium
ALT003112,SRV005,2026-09-17,1095,INC01268,High
ALT003113,SRV008,2026-06-04,1936,INC01437,Critical
ALT003114,SRV003,2026-06-05,49,INC00148,Medium
ALT003115,SRV005,2026-12-28,702,INC00431,High
ALT003116,SRV005,2025-12-26,1315,INC00400,Medium
ALT003117,SRV009,2026-05-18,475,INC00939,Medium
ALT003118,SRV008,2026-06-29,956,INC00858,Critical
ALT003119,SRV002,2025-08-17,327,INC00211,Medium
ALT003120,SRV002,2025-10-27,1725,INC00331,High
ALT003121,SRV006,2025-11-11,1559,INC01181,Low
ALT003122,SRV010,2025-09-07,1810,INC00596,Critical
ALT003123,SRV009,2026-06-04,1851,INC00264,Medium
ALT003124,SRV004,2026-09-18,656,INC01246,High
ALT003125,SRV010,2025-11-22,1754,INC00597,Medium
ALT003126,SRV002,2025-09-29,512,INC01319,Critical
ALT003127,SRV005,2026-05-16,3,INC01002,Critical
ALT003128,SRV007,2026-02-15,2167,INC01373,Low
ALT003129,SRV007,2025-09-27,549,INC00004,Low
ALT003130,SRV009,2026-11-28,627,INC01230,Medium
ALT003131,SRV007,2025-08-23,1569,INC00180,High
ALT003132,SRV004,2025-12-03,770,INC00458,Low
ALT003133,SRV001,2026-04-24,998,INC01183,Critical
ALT003134,SRV001,2025-09-06,220,INC00126,Low
ALT003135,SRV010,2025-02-26,2102,INC00683,Low
ALT003136,SRV010,2025-08-10,129,INC00210,Critical
ALT003137,SRV008,2025-08-19,533,INC00290,High
ALT003138,SRV002,2025-07-16,1439,INC00199,Critical
ALT003139,SRV003,2025-07-18,1436,INC00459,Low
ALT003140,SRV007,2025-11-18,928,INC00350,Low
ALT003141,SRV005,2025-05-13,1117,INC00656,Critical
ALT003142,SRV006,2025-02-09,904,INC00471,Low
ALT003143,SRV003,2025-10-10,1854,INC00333,High
ALT003144,SRV003,2025-05-05,1002,INC00883,Critical
ALT003145,SRV004,2025-10-15,2248,INC01310,High
ALT003146,SRV008,2026-09-13,147,INC01083,Low
ALT003147,SRV006,2025-07-10,795,INC00586,Critical
ALT003148,SRV009,2026-01-18,638,INC01208,Critical
ALT003149,SRV005,2026-10-29,1335,INC00640,Critical
ALT003150,SRV010,2026-07-31,881,INC00847,Critical
ALT003151,SRV001,2026-08-21,168,INC00462,Medium
ALT003152,SRV008,2026-12-08,1696,INC00215,Medium
ALT003153,SRV001,2025-02-16,959,INC01239,Medium
ALT003154,SRV001,2025-01-05,1516,INC01459,Low
ALT003155,SRV010,2026-02-03,2227,INC00209,Medium
ALT003156,SRV007,2026-10-20,1985,INC00826,Medium
ALT003157,SRV004,2026-05-30,2033,INC01391,High
ALT003158,SRV007,2025-09-09,1908,INC01414,Critical
ALT003159,SRV006,2025-07-04,1508,INC00092,Medium
ALT003160,SRV003,2025-11-04,2335,INC00936,High
ALT003161,SRV001,2026-01-21,1391,INC00352,Medium
ALT003162,SRV010,2025-01-28,2336,INC00541,Critical
ALT003163,SRV008,2025-12-05,2227,INC00498,Medium
ALT003164,SRV004,2026-09-06,218,INC01354,Critical
ALT003165,SRV009,2026-02-06,880,INC00342,Critical
ALT003166,SRV006,2026-02-19,35,INC00959,Medium
ALT003167,SRV007,2026-04-02,288,INC01490,High
ALT003168,SRV001,2025-07-10,1703,INC01412,Low
ALT003169,SRV006,2026-05-16,1632,INC00844,High
ALT003170,SRV005,2025-09-10,1182,INC01255,Medium
ALT003171,SRV008,2025-05-21,562,INC00768,Medium
ALT003172,SRV002,2025-01-24,2066,INC00226,Medium
ALT003173,SRV008,2026-08-07,195,INC01486,Critical
ALT003174,SRV001,2026-12-10,840,INC00771,Low
ALT003175,SRV002,2025-07-19,553,INC01489,Low
ALT003176,SRV008,2026-08-26,1675,INC00927,High
ALT003177,SRV003,2026-12-30,575,INC01319,Critical
ALT003178,SRV005,2026-11-30,856,INC00434,Medium
ALT003179,SRV009,2025-01-18,1302,INC01033,Medium
ALT003180,SRV006,2025-05-06,1195,INC00243,High
ALT003181,SRV008,2026-08-03,1246,INC00420,Low
ALT003182,SRV006,2025-06-18,606,INC01436,Low
ALT003183,SRV007,2025-08-30,1129,INC00870,Medium
ALT003184,SRV004,2025-07-23,1492,INC01214,Low
ALT003185,SRV009,2025-03-21,220,INC00681,High
ALT003186,SRV002,2025-09-05,1502,INC00624,High
ALT003187,SRV010,2026-04-28,476,INC00283,Medium
ALT003188,SRV003,2025-02-07,1686,INC01128,Low
ALT003189,SRV008,2026-09-16,2321,INC00570,Medium
ALT003190,SRV004,2026-09-28,1448,INC00104,Critical
ALT003191,SRV004,2026-10-05,1556,INC00365,Critical
ALT003192,SRV004,2025-06-06,182,INC01146,Medium
ALT003193,SRV001,2026-09-17,1486,INC01243,High
ALT003194,SRV005,2026-12-08,400,INC01355,Low
ALT003195,SRV006,2026-06-03,632,INC00299,Low
ALT003196,SRV005,2026-12-17,1149,INC00462,Critical
ALT003197,SRV008,2025-02-17,745,INC00899,Medium
ALT003198,SRV004,2025-12-25,1060,INC00744,High
ALT003199,SRV009,2026-02-11,637,INC00491,High
ALT003200,SRV003,2026-11-12,1364,INC00432,Medium
ALT003201,SRV004,2026-06-19,1040,INC00850,High
ALT003202,SRV010,2026-05-23,1639,INC00419,Critical
ALT003203,SRV001,2026-06-01,1279,INC00915,Low
ALT003204,SRV002,2026-11-11,900,INC01203,High
ALT003205,SRV010,2026-09-15,288,INC00831,Medium
ALT003206,SRV009,2025-11-11,268,INC00694,Medium
ALT003207,SRV008,2025-08-01,1918,INC01228,Low
ALT003208,SRV009,2026-06-11,575,INC00708,Medium
ALT003209,SRV009,2026-12-23,1456,INC00941,High
ALT003210,SRV003,2026-09-01,892,INC00982,Medium
ALT003211,SRV006,2025-08-20,2062,INC00452,Medium
ALT003212,SRV001,2026-08-03,440,INC01015,Low
ALT003213,SRV008,2026-02-21,2215,INC00752,Critical
ALT003214,SRV001,2026-05-11,855,INC00690,Medium
ALT003215,SRV003,2026-06-06,125,INC00637,Critical
ALT003216,SRV007,2026-08-09,1245,INC01218,Low
ALT003217,SRV010,2025-10-08,1381,INC00280,High
ALT003218,SRV001,2026-11-14,2211,INC00605,High
ALT003219,SRV003,2025-11-20,539,INC00183,Medium
ALT003220,SRV004,2026-02-28,800,INC00717,Critical
ALT003221,SRV006,2025-01-13,1544,INC00393,High
ALT003222,SRV004,2026-05-11,2108,INC00025,High
ALT003223,SRV007,2026-03-11,2148,INC00844,High
ALT003224,SRV006,2026-07-26,461,INC00549,Medium
ALT003225,SRV001,2026-08-22,126,INC00794,Medium
ALT003226,SRV001,2025-11-29,2210,INC00441,Critical
ALT003227,SRV009,2025-07-31,887,INC01176,High
ALT003228,SRV003,2026-10-17,1908,INC01099,High
ALT003229,SRV001,2025-12-16,1420,INC01096,Low
ALT003230,SRV006,2025-08-15,610,INC00715,Medium
ALT003231,SRV009,2026-04-11,2045,INC00026,High
ALT003232,SRV002,2025-06-29,2339,INC01450,Medium
ALT003233,SRV009,2026-03-09,134,INC00682,Critical
ALT003234,SRV004,2025-01-17,1131,INC01214,Medium
ALT003235,SRV006,2026-01-05,695,INC00624,Critical
ALT003236,SRV003,2026-06-06,1977,INC01490,High
ALT003237,SRV004,2025-09-21,2033,INC01001,Medium
ALT003238,SRV001,2026-05-02,746,INC00034,Medium
ALT003239,SRV005,2025-05-24,575,INC00240,Medium
ALT003240,SRV001,2025-07-07,470,INC00308,Medium
ALT003241,SRV004,2026-03-26,1020,INC01193,Medium
ALT003242,SRV009,2026-08-19,1108,INC00048,Low
ALT003243,SRV001,2026-08-24,1542,INC01046,Low
ALT003244,SRV009,2026-05-14,691,INC01219,Low
ALT003245,SRV009,2025-11-24,470,INC00905,High
ALT003246,SRV006,2026-05-15,2056,INC00416,Low
ALT003247,SRV006,2026-07-16,419,INC00094,Medium
ALT003248,SRV010,2025-08-30,1968,INC00445,Low
ALT003249,SRV004,2026-04-19,887,INC00370,Critical
ALT003250,SRV006,2026-05-23,426,INC01143,Critical
ALT003251,SRV009,2025-09-07,261,INC00139,Critical
ALT003252,SRV003,2025-10-05,1637,INC01185,Medium
ALT003253,SRV010,2026-03-28,924,INC00177,Low
ALT003254,SRV004,2026-05-09,1550,INC00337,Critical
ALT003255,SRV008,2026-08-23,1677,INC00520,High
ALT003256,SRV007,2026-09-22,2202,INC01261,Low
ALT003257,SRV004,2026-07-06,160,INC01244,Medium
ALT003258,SRV010,2025-12-20,1317,INC01379,Low
ALT003259,SRV001,2026-03-11,1223,INC00893,Low
ALT003260,SRV010,2026-01-03,608,INC00224,Low
ALT003261,SRV005,2025-05-31,1638,INC00798,Medium
ALT003262,SRV004,2026-11-30,2226,INC00019,Low
ALT003263,SRV009,2025-09-05,676,INC01068,Critical
ALT003264,SRV001,2026-06-27,268,INC00198,Critical
ALT003265,SRV009,2025-08-05,1459,INC01009,Critical
ALT003266,SRV004,2026-12-01,1839,INC00671,Critical
ALT003267,SRV001,2026-08-21,2057,INC00618,Medium
ALT003268,SRV004,2026-08-03,2249,INC00581,Medium
ALT003269,SRV003,2026-05-21,1748,INC00002,Critical
ALT003270,SRV009,2026-06-06,1330,INC01039,High
ALT003271,SRV009,2025-03-06,2113,INC00678,Medium
ALT003272,SRV003,2026-01-18,1334,INC01205,Medium
ALT003273,SRV001,2026-06-11,2119,INC00120,Critical
ALT003274,SRV002,2025-06-12,1403,INC01254,Critical
ALT003275,SRV008,2025-04-30,508,INC01082,Critical
ALT003276,SRV003,2026-11-02,2337,INC01290,Low
ALT003277,SRV003,2025-03-28,1281,INC00968,Low
ALT003278,SRV010,2025-01-17,1055,INC00354,Medium
ALT003279,SRV007,2026-11-20,789,INC00776,Medium
ALT003280,SRV009,2026-06-28,1276,INC00103,Medium
ALT003281,SRV004,2025-09-26,1006,INC01233,High
ALT003282,SRV009,2025-11-12,608,INC01406,Low
ALT003283,SRV003,2025-04-21,1201,INC01218,High
ALT003284,SRV003,2026-06-17,751,INC01245,Low
ALT003285,SRV009,2026-09-14,2084,INC00764,Medium
ALT003286,SRV002,2025-05-11,241,INC01294,High
ALT003287,SRV006,2026-03-30,1797,INC00539,Critical
ALT003288,SRV005,2025-05-09,1977,INC01213,High
ALT003289,SRV002,2025-03-01,685,INC00856,Medium
ALT003290,SRV009,2026-10-30,931,INC00895,High
ALT003291,SRV005,2026-09-16,1825,INC01243,High
ALT003292,SRV001,2026-01-12,44,INC01019,Critical
ALT003293,SRV007,2025-11-17,2107,INC00880,Critical
ALT003294,SRV005,2026-02-04,216,INC01004,Low
ALT003295,SRV009,2026-11-15,1943,INC00397,Critical
ALT003296,SRV003,2025-05-20,1415,INC00124,Low
ALT003297,SRV001,2026-08-15,2061,INC01000,Medium
ALT003298,SRV002,2025-11-19,351,INC00050,Critical
ALT003299,SRV002,2025-12-06,596,INC00877,Critical
ALT003300,SRV008,2025-07-26,2264,INC00478,Low
ALT003301,SRV004,2026-05-17,859,INC01000,High
ALT003302,SRV010,2026-12-30,635,INC00118,Low
ALT003303,SRV010,2026-10-22,148,INC00090,High
ALT003304,SRV004,2026-01-07,1032,INC01070,Low
ALT003305,SRV010,2026-11-11,837,INC00471,High
ALT003306,SRV009,2025-10-08,2249,INC00862,Medium
ALT003307,SRV003,2026-06-16,731,INC01469,Low
ALT003308,SRV007,2026-04-22,909,INC00194,Low
ALT003309,SRV005,2025-04-30,493,INC01466,Low
ALT003310,SRV010,2026-12-28,256,INC01376,Critical
ALT003311,SRV002,2026-03-07,1935,INC01190,High
ALT003312,SRV008,2026-03-13,465,INC00041,High
ALT003313,SRV002,2025-12-06,1859,INC01309,Medium
ALT003314,SRV010,2025-11-26,1322,INC01119,High
ALT003315,SRV006,2025-01-23,299,INC00863,High
ALT003316,SRV009,2025-10-24,2121,INC01345,Medium
ALT003317,SRV002,2026-09-26,665,INC00225,Medium
ALT003318,SRV008,2026-02-17,176,INC00959,Medium
ALT003319,SRV007,2026-01-20,905,INC00010,High
ALT003320,SRV001,2026-01-13,80,INC01219,Medium
ALT003321,SRV009,2025-07-08,1620,INC00727,Critical
ALT003322,SRV001,2025-02-27,1405,INC01319,Critical
ALT003323,SRV004,2026-06-30,1919,INC00962,Low
ALT003324,SRV001,2026-05-24,2056,INC01118,High
ALT003325,SRV007,2026-12-02,999,INC00387,Critical
ALT003326,SRV001,2026-09-15,2099,INC01362,Critical
ALT003327,SRV007,2025-04-16,567,INC00326,High
ALT003328,SRV010,2025-01-28,542,INC00637,Medium
ALT003329,SRV002,2026-12-12,742,INC01098,Critical
ALT003330,SRV006,2026-10-22,1615,INC00295,Low
ALT003331,SRV004,2025-06-25,329,INC01477,Critical
ALT003332,SRV004,2026-08-15,2017,INC01424,Critical
ALT003333,SRV004,2026-02-09,2197,INC01397,Low
ALT003334,SRV007,2025-05-10,1856,INC00365,Medium
ALT003335,SRV002,2026-11-21,862,INC00317,Medium
ALT003336,SRV003,2026-08-29,1208,INC01223,Medium
ALT003337,SRV005,2026-08-05,174,INC00384,Critical
ALT003338,SRV008,2026-04-14,1223,INC00453,High
ALT003339,SRV010,2026-07-29,1589,INC00572,Low
ALT003340,SRV008,2025-12-30,1,INC00243,Medium
ALT003341,SRV009,2026-10-11,142,INC01156,High
ALT003342,SRV007,2025-02-09,1589,INC00822,High
ALT003343,SRV002,2025-07-18,2090,INC01152,Medium
ALT003344,SRV005,2026-06-06,1773,INC01181,Medium
ALT003345,SRV004,2026-05-29,2182,INC00361,Critical
ALT003346,SRV007,2026-05-04,803,INC00703,High
ALT003347,SRV003,2025-01-15,2328,INC00435,Low
ALT003348,SRV007,2026-01-26,672,INC01300,Medium
ALT003349,SRV003,2025-11-03,806,INC01071,Medium
ALT003350,SRV009,2026-03-28,1385,INC00222,High
ALT003351,SRV007,2026-11-17,1798,INC00402,Critical
ALT003352,SRV002,2026-05-23,377,INC01230,Medium
ALT003353,SRV006,2026-08-06,643,INC01336,High
ALT003354,SRV002,2026-05-10,1464,INC01252,Medium
ALT003355,SRV007,2026-03-03,979,INC00772,Low
ALT003356,SRV010,2025-03-18,906,INC01080,Medium
ALT003357,SRV008,2025-01-30,151,INC00768,Low
ALT003358,SRV006,2025-07-28,2074,INC00456,Critical
ALT003359,SRV004,2025-09-25,944,INC00013,High
ALT003360,SRV005,2025-05-10,1213,INC00219,Low
ALT003361,SRV008,2025-03-25,305,INC00702,Medium
ALT003362,SRV003,2026-11-30,640,INC00135,Critical
ALT003363,SRV008,2025-07-10,802,INC00805,Low
ALT003364,SRV005,2025-12-22,623,INC00925,Medium
ALT003365,SRV002,2025-05-30,1726,INC01278,Low
ALT003366,SRV003,2025-05-02,1189,INC00424,High
ALT003367,SRV002,2025-09-07,1139,INC00618,High
ALT003368,SRV010,2025-11-06,1630,INC00658,Critical
ALT003369,SRV006,2025-04-26,226,INC01076,Medium
ALT003370,SRV004,2025-10-05,0,INC01412,High
ALT003371,SRV009,2025-12-23,2236,INC01196,Medium
ALT003372,SRV007,2026-04-30,1818,INC00255,Medium
ALT003373,SRV006,2025-11-21,206,INC00510,High
ALT003374,SRV005,2025-06-25,438,INC00702,Critical
ALT003375,SRV005,2025-06-16,789,INC00862,Critical
ALT003376,SRV010,2025-02-28,2010,INC00030,Critical
ALT003377,SRV008,2025-01-14,2210,INC01356,Low
ALT003378,SRV008,2026-04-20,486,INC00935,Medium
ALT003379,SRV010,2026-02-22,903,INC01281,High
ALT003380,SRV001,2025-11-18,1509,INC01204,Medium
ALT003381,SRV004,2025-06-22,1642,INC00168,Medium
ALT003382,SRV006,2025-05-04,1308,INC00945,High
ALT003383,SRV003,2025-02-14,275,INC00342,Medium
ALT003384,SRV007,2026-10-09,1869,INC00360,Medium
ALT003385,SRV008,2025-09-10,1685,INC00726,Low
ALT003386,SRV005,2026-03-25,363,INC00983,High
ALT003387,SRV009,2025-04-23,728,INC01081,Critical
ALT003388,SRV006,2025-08-11,480,INC00526,Critical
ALT003389,SRV008,2026-03-31,265,INC00192,Medium
ALT003390,SRV005,2026-12-08,1951,INC00817,Low
ALT003391,SRV004,2026-06-16,846,INC00834,High
ALT003392,SRV006,2025-06-01,997,INC00456,Low
ALT003393,SRV008,2026-11-18,448,INC00883,Critical
ALT003394,SRV008,2025-10-18,872,INC00046,Critical
ALT003395,SRV008,2025-01-25,2148,INC00544,Critical
ALT003396,SRV008,2026-01-12,563,INC00882,Medium
ALT003397,SRV002,2026-04-07,1336,INC00592,Medium
ALT003398,SRV003,2026-07-28,821,INC00114,Critical
ALT003399,SRV010,2025-06-17,1058,INC00756,Low
ALT003400,SRV007,2025-12-18,1276,INC01196,Medium
ALT003401,SRV007,2026-09-05,457,INC00244,Medium
ALT003402,SRV010,2026-10-29,126,INC00863,Low
ALT003403,SRV008,2025-12-25,1924,INC00243,Medium
ALT003404,SRV005,2025-02-22,407,INC00598,Low
ALT003405,SRV003,2026-12-10,1086,INC00723,Critical
ALT003406,SRV009,2026-03-17,1922,INC00078,Low
ALT003407,SRV009,2026-07-23,2073,INC00007,Critical
ALT003408,SRV006,2026-07-24,1038,INC00287,High
ALT003409,SRV010,2025-10-15,790,INC00171,Critical
ALT003410,SRV004,2025-02-22,551,INC00349,Low
ALT003411,SRV009,2026-02-05,1019,INC00564,Critical
ALT003412,SRV001,2026-06-19,1933,INC01483,Medium
ALT003413,SRV007,2025-11-24,2270,INC00872,Low
ALT003414,SRV009,2025-10-11,1630,INC01039,Critical
ALT003415,SRV008,2026-10-17,704,INC00259,Critical
ALT003416,SRV005,2025-07-22,711,INC00549,High
ALT003417,SRV009,2025-04-02,1461,INC01231,Low
ALT003418,SRV005,2025-03-18,831,INC00486,Critical
ALT003419,SRV004,2026-12-25,2166,INC00065,High
ALT003420,SRV007,2025-12-08,810,INC00939,High
ALT003421,SRV008,2025-12-31,1830,INC00821,High
ALT003422,SRV006,2025-07-06,205,INC00434,Medium
ALT003423,SRV009,2026-03-16,499,INC00396,Medium
ALT003424,SRV009,2026-12-09,2085,INC00948,High
ALT003425,SRV006,2026-06-03,1767,INC00988,Critical
ALT003426,SRV009,2026-06-27,2158,INC00833,Critical
ALT003427,SRV001,2025-02-13,1054,INC01311,Medium
ALT003428,SRV003,2026-02-22,1105,INC01110,Medium
ALT003429,SRV010,2026-02-23,1834,INC00271,Medium
ALT003430,SRV004,2025-09-29,1553,INC00211,Medium
ALT003431,SRV009,2025-10-04,1601,INC00485,Critical
ALT003432,SRV004,2026-12-28,547,INC01121,Low
ALT003433,SRV001,2025-06-12,2251,INC00655,Medium
ALT003434,SRV007,2026-04-09,93,INC00051,Low
ALT003435,SRV003,2025-05-31,1824,INC00088,Medium
ALT003436,SRV003,2025-09-24,1527,INC00609,Critical
ALT003437,SRV009,2025-01-15,2135,INC00341,High
ALT003438,SRV007,2025-10-29,1699,INC01264,Medium
ALT003439,SRV009,2026-02-15,306,INC00252,Medium
ALT003440,SRV010,2025-05-16,85,INC00939,High
ALT003441,SRV004,2025-10-04,1785,INC00815,Low
ALT003442,SRV007,2025-04-20,1029,INC01361,Low
ALT003443,SRV004,2026-09-27,2081,INC00030,High
ALT003444,SRV008,2026-01-27,507,INC00444,Medium
ALT003445,SRV002,2026-02-14,1490,INC00787,Medium
ALT003446,SRV006,2025-01-04,244,INC01345,Medium
ALT003447,SRV002,2026-05-24,1671,INC01300,Low
ALT003448,SRV007,2025-10-20,1548,INC01040,Medium
ALT003449,SRV007,2025-08-20,1930,INC00241,Critical
ALT003450,SRV007,2026-07-31,1980,INC00031,Medium
ALT003451,SRV009,2025-04-01,1460,INC00292,Low
ALT003452,SRV002,2025-10-25,2336,INC00264,High
ALT003453,SRV003,2025-04-23,312,INC01399,Medium
ALT003454,SRV010,2025-10-25,2185,INC01177,High
ALT003455,SRV004,2026-06-16,2295,INC01291,Low
ALT003456,SRV002,2026-12-17,1987,INC00940,Medium
ALT003457,SRV009,2025-09-24,1050,INC01465,Critical
ALT003458,SRV004,2025-07-26,563,INC00324,Low
ALT003459,SRV009,2025-05-01,1689,INC00921,Low
ALT003460,SRV004,2026-04-02,2167,INC01369,Critical
ALT003461,SRV008,2026-09-22,446,INC01043,Critical
ALT003462,SRV008,2026-08-14,1344,INC00250,Critical
ALT003463,SRV008,2025-04-10,657,INC01028,Critical
ALT003464,SRV003,2025-03-09,1628,INC00516,High
ALT003465,SRV004,2026-11-16,615,INC00380,Critical
ALT003466,SRV009,2026-07-31,444,INC00176,Low
ALT003467,SRV010,2026-08-11,1077,INC01072,High
ALT003468,SRV007,2026-07-05,2230,INC00992,Critical
ALT003469,SRV005,2026-08-26,650,INC00329,Low
ALT003470,SRV007,2026-06-15,2242,INC00118,Critical
ALT003471,SRV001,2025-01-30,1654,INC01089,Medium
ALT003472,SRV003,2025-08-05,482,INC01453,Low
ALT003473,SRV010,2026-01-01,324,INC00073,High
ALT003474,SRV005,2026-03-06,1306,INC01051,Low
ALT003475,SRV010,2026-07-23,1415,INC01494,Medium
ALT003476,SRV003,2026-11-28,908,INC01064,Medium
ALT003477,SRV005,2026-05-27,1525,INC01014,Low
ALT003478,SRV008,2025-05-29,401,INC01116,High
ALT003479,SRV003,2025-03-20,1883,INC00245,Low
ALT003480,SRV007,2025-08-31,1438,INC00226,Critical
ALT003481,SRV007,2025-02-27,1804,INC01436,Medium
ALT003482,SRV001,2026-10-10,298,INC01081,High
ALT003483,SRV008,2025-11-03,1575,INC00189,Critical
ALT003484,SRV007,2025-10-24,717,INC00984,Critical
ALT003485,SRV006,2026-03-14,358,INC00152,High
ALT003486,SRV009,2026-05-18,1622,INC00682,Low
ALT003487,SRV003,2026-01-23,1531,INC00201,Low
ALT003488,SRV009,2026-02-27,1652,INC00283,Critical
ALT003489,SRV002,2026-01-14,401,INC00387,Low
ALT003490,SRV004,2026-05-23,1231,INC01421,Critical
ALT003491,SRV006,2025-01-11,2092,INC00055,Low
ALT003492,SRV006,2025-10-17,1891,INC00394,Low
ALT003493,SRV004,2025-06-14,1408,INC00832,Critical
ALT003494,SRV010,2025-08-09,168,INC01099,Low
ALT003495,SRV004,2026-10-15,1163,INC01272,High
ALT003496,SRV010,2026-03-03,1935,INC00366,Critical
ALT003497,SRV009,2025-08-30,1909,INC00747,Medium
ALT003498,SRV003,2026-05-14,1024,INC00174,Medium
ALT003499,SRV006,2026-01-12,201,INC00114,Low
ALT003500,SRV004,2026-11-15,828,INC01431,High
ALT003501,SRV006,2026-01-14,1288,INC00545,High
ALT003502,SRV003,2025-05-22,1584,INC00051,High
ALT003503,SRV010,2026-04-11,1075,INC00361,Critical
ALT003504,SRV007,2026-11-13,752,INC01174,Medium
ALT003505,SRV009,2025-07-09,464,INC00449,Critical
ALT003506,SRV004,2025-01-14,1543,INC00374,Medium
ALT003507,SRV007,2025-06-03,988,INC00049,High
ALT003508,SRV001,2026-11-14,415,INC00075,High
ALT003509,SRV009,2025-04-20,1375,INC00902,Medium
ALT003510,SRV005,2025-10-15,1943,INC00251,High
ALT003511,SRV003,2025-11-20,941,INC00602,Medium
ALT003512,SRV008,2025-05-12,399,INC01040,Low
ALT003513,SRV003,2026-10-23,1561,INC00963,High
ALT003514,SRV005,2026-07-07,222,INC00761,High
ALT003515,SRV007,2026-01-28,976,INC01026,Critical
ALT003516,SRV001,2026-08-29,1262,INC00530,Medium
ALT003517,SRV007,2025-01-17,781,INC00685,Critical
ALT003518,SRV007,2025-06-20,1504,INC00484,Critical
ALT003519,SRV008,2025-05-08,1433,INC01327,Medium
ALT003520,SRV006,2026-11-14,1518,INC00526,Critical
ALT003521,SRV001,2025-05-20,1689,INC00630,Low
ALT003522,SRV007,2025-11-28,1737,INC00702,Critical
ALT003523,SRV006,2026-03-15,2262,INC01013,Low
ALT003524,SRV006,2026-02-06,857,INC00016,Critical
ALT003525,SRV001,2025-04-01,1121,INC01471,Medium
ALT003526,SRV005,2025-02-21,2289,INC00953,Low
ALT003527,SRV002,2025-12-11,2011,INC00588,Medium
ALT003528,SRV006,2026-01-19,2240,INC01075,Low
ALT003529,SRV007,2025-12-13,1487,INC00474,Critical
ALT003530,SRV002,2026-04-08,750,INC00804,High
ALT003531,SRV010,2026-06-27,849,INC00914,High
ALT003532,SRV008,2026-07-27,1211,INC00647,High
ALT003533,SRV002,2025-07-26,678,INC00205,High
ALT003534,SRV010,2025-06-16,1237,INC01029,Critical
ALT003535,SRV005,2026-04-30,2224,INC00951,Low
ALT003536,SRV010,2025-02-26,2047,INC00535,Critical
ALT003537,SRV009,2026-05-03,1425,INC01187,Medium
ALT003538,SRV004,2025-10-14,1436,INC01376,Critical
ALT003539,SRV009,2025-04-10,2126,INC00042,Critical
ALT003540,SRV003,2025-07-17,617,INC00870,High
ALT003541,SRV006,2026-04-13,643,INC01308,Medium
ALT003542,SRV008,2026-12-01,1955,INC00038,Critical
ALT003543,SRV008,2025-12-30,778,INC00193,High
ALT003544,SRV005,2026-03-14,1100,INC01311,Low
ALT003545,SRV009,2026-01-05,1435,INC00006,High
ALT003546,SRV004,2026-11-09,802,INC00209,High
ALT003547,SRV010,2026-06-01,705,INC01423,High
ALT003548,SRV008,2025-01-12,1972,INC00516,Critical
ALT003549,SRV009,2026-12-13,276,INC00051,Low
ALT003550,SRV008,2025-09-15,233,INC00213,Low
ALT003551,SRV010,2026-12-23,197,INC00450,High
ALT003552,SRV004,2026-12-19,1264,INC01126,Critical
ALT003553,SRV007,2025-01-04,1989,INC00948,High
ALT003554,SRV008,2026-05-27,196,INC00600,High
ALT003555,SRV003,2025-09-12,100,INC01139,Medium
ALT003556,SRV006,2025-12-26,631,INC01481,Medium
ALT003557,SRV001,2025-06-08,442,INC00200,Medium
ALT003558,SRV007,2025-09-08,2052,INC00606,Medium
ALT003559,SRV006,2026-08-10,1946,INC00649,Medium
ALT003560,SRV008,2026-01-01,851,INC00497,Critical
ALT003561,SRV002,2025-04-19,2059,INC01324,Medium
ALT003562,SRV010,2025-12-18,1628,INC01420,Medium
ALT003563,SRV004,2025-12-08,179,INC00285,Low
ALT003564,SRV008,2025-06-24,958,INC00422,Medium
ALT003565,SRV002,2026-07-01,1261,INC00986,Medium
ALT003566,SRV007,2025-07-30,1008,INC00169,High
ALT003567,SRV009,2025-12-20,1828,INC01368,Medium
ALT003568,SRV002,2025-03-01,694,INC00313,Low
ALT003569,SRV004,2025-01-22,994,INC00197,Medium
ALT003570,SRV004,2025-03-26,1702,INC01141,High
ALT003571,SRV007,2026-07-04,2261,INC00292,Critical
ALT003572,SRV009,2026-01-17,1744,INC01326,Low
ALT003573,SRV002,2025-12-17,486,INC01072,Medium
ALT003574,SRV004,2026-12-16,265,INC00127,Critical
ALT003575,SRV002,2026-12-22,1767,INC00671,Low
ALT003576,SRV003,2026-03-06,264,INC00268,High
ALT003577,SRV004,2025-11-21,1229,INC01196,Critical
ALT003578,SRV010,2026-10-07,81,INC00204,High
ALT003579,SRV009,2025-04-04,709,INC01291,Medium
ALT003580,SRV004,2025-08-05,925,INC01394,High
ALT003581,SRV006,2026-05-20,1712,INC00348,Low
ALT003582,SRV006,2026-01-25,1005,INC00739,Medium
ALT003583,SRV001,2026-02-19,222,INC00634,Low
ALT003584,SRV005,2026-05-11,327,INC01249,High
ALT003585,SRV006,2025-07-27,2036,INC01186,Low
ALT003586,SRV003,2026-05-01,1911,INC00557,Critical
ALT003587,SRV005,2025-10-27,1235,INC00437,Low
ALT003588,SRV003,2025-07-25,2357,INC00849,High
ALT003589,SRV005,2025-08-06,2270,INC00745,High
ALT003590,SRV006,2025-02-09,23,INC00427,Critical
ALT003591,SRV007,2026-03-30,709,INC01454,Medium
ALT003592,SRV010,2025-11-21,502,INC00072,Low
ALT003593,SRV008,2025-12-02,2240,INC01336,High
ALT003594,SRV004,2026-11-13,720,INC01204,Medium
ALT003595,SRV005,2025-05-08,564,INC01249,High
ALT003596,SRV010,2025-11-07,399,INC00946,Medium
ALT003597,SRV010,2026-10-16,1386,INC00887,Medium
ALT003598,SRV006,2026-06-17,227,INC00837,High
ALT003599,SRV002,2025-02-16,1928,INC00151,Low
ALT003600,SRV004,2026-11-05,2056,INC00718,Critical
ALT003601,SRV002,2025-07-18,1724,INC00079,High
ALT003602,SRV008,2025-10-21,1779,INC00448,Low
ALT003603,SRV008,2026-12-05,196,INC00212,Critical
ALT003604,SRV001,2026-08-01,265,INC01212,Critical
ALT003605,SRV002,2025-02-14,1407,INC00432,High
ALT003606,SRV001,2025-10-09,1850,INC00944,Critical
ALT003607,SRV008,2026-04-18,2047,INC00449,Medium
ALT003608,SRV005,2025-06-12,1408,INC01385,Medium
ALT003609,SRV006,2025-05-22,403,INC00132,High
ALT003610,SRV003,2025-07-07,701,INC01090,Medium
ALT003611,SRV007,2026-02-14,1327,INC00949,Medium
ALT003612,SRV001,2025-01-27,1470,INC00637,Critical
ALT003613,SRV004,2026-02-14,207,INC00142,Low
ALT003614,SRV003,2026-11-08,1227,INC00540,Medium
ALT003615,SRV010,2025-07-26,221,INC00079,Medium
ALT003616,SRV009,2025-09-14,59,INC00492,High
ALT003617,SRV002,2025-01-14,113,INC00701,High
ALT003618,SRV004,2026-05-05,2250,INC00826,High
ALT003619,SRV010,2025-10-09,1735,INC00586,Critical
ALT003620,SRV002,2026-02-08,689,INC01251,High
ALT003621,SRV010,2025-04-23,835,INC00003,Low
ALT003622,SRV004,2025-11-28,591,INC01077,Low
ALT003623,SRV004,2025-11-07,1990,INC01405,Critical
ALT003624,SRV007,2026-05-14,1343,INC00503,Low
ALT003625,SRV009,2026-04-22,727,INC00261,Low
ALT003626,SRV008,2026-06-06,1933,INC00141,Low
ALT003627,SRV004,2026-04-09,1917,INC00184,Critical
ALT003628,SRV005,2026-06-27,937,INC01336,High
ALT003629,SRV009,2025-01-04,136,INC00364,Medium
ALT003630,SRV002,2025-08-01,723,INC00111,Critical
ALT003631,SRV001,2026-12-31,1502,INC01177,Critical
ALT003632,SRV008,2025-08-05,2310,INC00431,Low
ALT003633,SRV003,2026-10-12,428,INC00874,Critical
ALT003634,SRV007,2026-03-28,462,INC00515,Medium
ALT003635,SRV002,2026-12-17,961,INC01209,Medium
ALT003636,SRV003,2025-06-04,2342,INC00054,Critical
ALT003637,SRV003,2026-03-31,1615,INC01376,Medium
ALT003638,SRV004,2025-10-13,1722,INC00729,Low
ALT003639,SRV010,2025-11-15,547,INC00308,Critical
ALT003640,SRV008,2025-02-15,2080,INC00782,High
ALT003641,SRV009,2026-10-14,1048,INC00846,Low
ALT003642,SRV003,2026-09-12,1350,INC01278,High
ALT003643,SRV002,2025-02-01,839,INC01231,Critical
ALT003644,SRV005,2026-01-18,1021,INC00975,Low
ALT003645,SRV009,2026-02-10,1086,INC01135,Medium
ALT003646,SRV004,2026-10-27,612,INC00829,Low
ALT003647,SRV001,2026-12-17,1888,INC00230,Critical
ALT003648,SRV004,2025-10-22,1997,INC01197,High
ALT003649,SRV001,2025-12-18,679,INC01444,Low
ALT003650,SRV001,2026-04-28,264,INC00270,Medium
ALT003651,SRV001,2026-05-18,1278,INC00751,Critical
ALT003652,SRV008,2025-08-07,80,INC00431,Low
ALT003653,SRV010,2025-08-15,956,INC00861,Critical
ALT003654,SRV003,2026-01-28,293,INC00583,Critical
ALT003655,SRV009,2026-03-10,972,INC00693,Medium
ALT003656,SRV004,2025-12-04,607,INC00482,Medium
ALT003657,SRV003,2026-04-11,1806,INC01202,Low
ALT003658,SRV004,2025-04-19,2129,INC01314,Medium
ALT003659,SRV002,2026-07-05,684,INC00970,High
ALT003660,SRV003,2026-10-08,153,INC01484,Low
ALT003661,SRV008,2025-05-02,100,INC01333,High
ALT003662,SRV006,2025-01-18,2203,INC00888,Low
ALT003663,SRV007,2026-08-26,1991,INC01042,Critical
ALT003664,SRV003,2025-03-14,126,INC00759,Critical
ALT003665,SRV010,2025-07-26,592,INC00088,Low
ALT003666,SRV004,2025-05-27,918,INC00400,Low
ALT003667,SRV007,2025-02-12,244,INC00542,High
ALT003668,SRV003,2025-09-29,1144,INC01301,Medium
ALT003669,SRV008,2026-01-25,1520,INC00581,Medium
ALT003670,SRV004,2026-07-10,1400,INC00411,High
ALT003671,SRV002,2025-09-11,1675,INC00470,Medium
ALT003672,SRV003,2025-01-09,1251,INC00220,High
ALT003673,SRV001,2025-01-21,379,INC00241,Medium
ALT003674,SRV005,2026-06-03,1890,INC01474,Medium
ALT003675,SRV008,2026-04-16,2286,INC01060,Critical
ALT003676,SRV003,2025-10-28,1587,INC00002,Critical
ALT003677,SRV003,2025-04-24,1497,INC01082,High
ALT003678,SRV008,2025-06-19,198,INC01488,Critical
ALT003679,SRV010,2025-08-31,1648,INC00809,Medium
ALT003680,SRV004,2025-12-15,2093,INC00016,Medium
ALT003681,SRV005,2025-04-10,183,INC00882,High
ALT003682,SRV001,2026-09-18,953,INC01481,Low
ALT003683,SRV010,2025-01-11,458,INC01255,High
ALT003684,SRV010,2026-11-03,1018,INC00760,Medium
ALT003685,SRV008,2025-08-01,1666,INC01162,Low
ALT003686,SRV003,2026-01-14,688,INC00314,Critical
ALT003687,SRV002,2025-08-28,317,INC01344,Low
ALT003688,SRV008,2026-02-01,986,INC00505,Low
ALT003689,SRV003,2026-09-19,1595,INC00540,Critical
ALT003690,SRV010,2026-08-23,1972,INC00900,Medium
ALT003691,SRV004,2025-03-03,121,INC00295,Low
ALT003692,SRV007,2025-08-30,648,INC00344,High
ALT003693,SRV008,2025-04-17,701,INC01370,High
ALT003694,SRV005,2025-08-03,172,INC00531,Low
ALT003695,SRV001,2026-05-05,802,INC00623,Low
ALT003696,SRV001,2026-11-18,385,INC01283,Critical
ALT003697,SRV002,2026-04-14,331,INC00757,Low
ALT003698,SRV003,2025-04-19,1383,INC00203,Critical
ALT003699,SRV001,2026-08-28,541,INC00116,High
ALT003700,SRV001,2026-09-27,1544,INC00382,Critical
ALT003701,SRV005,2025-05-04,1423,INC00481,Critical
ALT003702,SRV001,2025-01-03,1377,INC01471,Low
ALT003703,SRV001,2026-12-08,525,INC00395,Critical
ALT003704,SRV008,2025-02-04,1120,INC00215,High
ALT003705,SRV010,2025-08-09,934,INC01262,Critical
ALT003706,SRV008,2026-03-03,1233,INC01455,Medium
ALT003707,SRV010,2025-09-12,1591,INC01027,Low
ALT003708,SRV010,2026-10-13,2116,INC01033,High
ALT003709,SRV008,2026-12-13,18,INC00208,Critical
ALT003710,SRV002,2025-01-10,1349,INC00805,Medium
ALT003711,SRV007,2026-03-07,1070,INC00684,Critical
ALT003712,SRV005,2025-04-07,2207,INC01103,Critical
ALT003713,SRV005,2026-08-16,77,INC00885,High
ALT003714,SRV007,2025-05-19,2280,INC00524,Medium
ALT003715,SRV001,2025-02-14,1616,INC01379,Medium
ALT003716,SRV006,2025-02-24,267,INC00919,Medium
ALT003717,SRV008,2025-12-08,1893,INC01362,Critical
ALT003718,SRV004,2025-01-15,379,INC01373,Low
ALT003719,SRV009,2026-10-24,1237,INC01012,High
ALT003720,SRV003,2026-08-01,1597,INC01153,Low
ALT003721,SRV004,2025-10-28,439,INC00185,High
ALT003722,SRV005,2025-07-25,38,INC01270,Medium
ALT003723,SRV009,2025-05-04,1118,INC00575,High
ALT003724,SRV009,2026-08-21,2323,INC00200,Low
ALT003725,SRV010,2026-07-03,1159,INC00076,Medium
ALT003726,SRV005,2025-01-09,2336,INC00958,High
ALT003727,SRV007,2026-10-04,137,INC00466,Medium
ALT003728,SRV004,2025-01-21,977,INC01110,Critical
ALT003729,SRV005,2025-09-22,493,INC00550,Low
ALT003730,SRV010,2026-03-22,1885,INC00633,Critical
ALT003731,SRV007,2026-08-31,2326,INC00072,Critical
ALT003732,SRV009,2025-11-01,1916,INC00244,High
ALT003733,SRV004,2026-06-22,1827,INC01369,Low
ALT003734,SRV006,2025-12-29,1368,INC00585,Low
ALT003735,SRV008,2026-09-02,1837,INC00151,High
ALT003736,SRV002,2026-04-30,1021,INC00255,High
ALT003737,SRV008,2026-07-20,2332,INC01468,Medium
ALT003738,SRV001,2026-06-21,1029,INC01294,Medium
ALT003739,SRV005,2025-11-28,41,INC01097,Critical
ALT003740,SRV007,2026-10-05,353,INC00136,Low
ALT003741,SRV003,2025-06-27,1146,INC00515,Low
ALT003742,SRV004,2026-01-21,1384,INC00713,High
ALT003743,SRV006,2026-04-11,92,INC01128,Medium
ALT003744,SRV004,2025-01-17,592,INC00129,Medium
ALT003745,SRV007,2026-06-06,291,INC00016,Low
ALT003746,SRV007,2025-03-12,1740,INC00858,Low
ALT003747,SRV007,2025-01-19,108,INC00354,Critical
ALT003748,SRV004,2025-09-13,746,INC00798,High
ALT003749,SRV004,2026-07-13,1249,INC00378,Medium
ALT003750,SRV010,2025-07-30,346,INC00644,Medium
ALT003751,SRV005,2026-09-06,825,INC00494,High
ALT003752,SRV004,2025-11-16,1743,INC00883,High
ALT003753,SRV006,2025-04-10,723,INC00697,Critical
ALT003754,SRV007,2025-07-10,456,INC01247,High
ALT003755,SRV001,2026-02-25,751,INC01074,Low
ALT003756,SRV003,2026-12-29,82,INC00427,High
ALT003757,SRV010,2026-07-11,1873,INC01152,High
ALT003758,SRV005,2025-07-08,2046,INC01487,Medium
ALT003759,SRV007,2025-03-31,320,INC00874,Low
ALT003760,SRV009,2026-06-17,286,INC00906,High
ALT003761,SRV002,2025-08-11,1444,INC00737,Low
ALT003762,SRV008,2026-07-30,1562,INC00733,High
ALT003763,SRV003,2025-06-17,1563,INC00160,High
ALT003764,SRV008,2025-04-20,930,INC00728,Medium
ALT003765,SRV003,2026-05-31,1731,INC00490,High
ALT003766,SRV004,2025-05-04,192,INC00307,High
ALT003767,SRV002,2025-04-21,474,INC00797,Medium
ALT003768,SRV010,2026-02-23,1288,INC01397,High
ALT003769,SRV001,2026-11-18,1376,INC00165,Medium
ALT003770,SRV004,2026-02-23,1497,INC00493,Medium
ALT003771,SRV009,2026-06-22,2205,INC00894,Critical
ALT003772,SRV006,2025-07-31,1695,INC00058,Critical
ALT003773,SRV005,2025-07-25,1746,INC01080,Critical
ALT003774,SRV002,2025-09-11,166,INC01272,Medium
ALT003775,SRV009,2025-03-12,2070,INC00660,Medium
ALT003776,SRV008,2025-05-06,395,INC01042,Low
ALT003777,SRV008,2026-02-12,1312,INC00827,High
ALT003778,SRV007,2025-03-26,1199,INC01370,Medium
ALT003779,SRV008,2025-01-10,1375,INC00417,Low
ALT003780,SRV008,2025-08-30,671,INC01443,High
ALT003781,SRV010,2025-05-15,1014,INC00826,Critical
ALT003782,SRV001,2026-10-18,1092,INC00480,High
ALT003783,SRV006,2026-03-10,733,INC01100,Medium
ALT003784,SRV006,2025-07-15,1678,INC01403,Low
ALT003785,SRV004,2026-10-01,895,INC01172,Low
ALT003786,SRV010,2026-07-02,1503,INC00665,Critical
ALT003787,SRV001,2025-09-07,448,INC00966,Low
ALT003788,SRV005,2025-10-06,864,INC00482,Critical
ALT003789,SRV007,2026-05-09,317,INC00621,High
ALT003790,SRV008,2026-03-26,1094,INC01160,Critical
ALT003791,SRV007,2026-12-10,2157,INC00552,Low
ALT003792,SRV008,2026-09-30,1844,INC00367,Critical
ALT003793,SRV005,2025-01-13,159,INC01185,Medium
ALT003794,SRV006,2025-05-27,74,INC00825,Medium
ALT003795,SRV005,2025-03-13,482,INC00717,Critical
ALT003796,SRV006,2025-03-28,1912,INC00146,Low
ALT003797,SRV009,2026-03-13,1177,INC01009,Medium
ALT003798,SRV005,2026-06-26,1341,INC01011,Critical
ALT003799,SRV010,2026-12-01,1078,INC00126,High
ALT003800,SRV005,2026-04-17,129,INC00008,Low
ALT003801,SRV008,2025-03-04,1248,INC01398,Critical
ALT003802,SRV001,2026-07-26,769,INC00014,Critical
ALT003803,SRV003,2025-08-18,403,INC01210,Low
ALT003804,SRV007,2026-08-24,1979,INC00795,Medium
ALT003805,SRV003,2026-11-17,60,INC01054,Low
ALT003806,SRV002,2025-09-01,1148,INC00881,Critical
ALT003807,SRV004,2025-01-29,125,INC01383,Critical
ALT003808,SRV001,2026-08-28,1516,INC01126,Critical
ALT003809,SRV006,2025-01-29,2229,INC00159,High
ALT003810,SRV004,2025-06-18,1023,INC00406,Low
ALT003811,SRV005,2025-08-31,1102,INC00220,Medium
ALT003812,SRV006,2025-11-26,1858,INC00710,Low
ALT003813,SRV008,2025-10-14,2274,INC00170,Critical
ALT003814,SRV009,2026-08-24,660,INC00778,Medium
ALT003815,SRV005,2025-09-27,1877,INC00265,High
ALT003816,SRV009,2025-03-26,1421,INC00311,Medium
ALT003817,SRV003,2025-09-05,1044,INC01463,Critical
ALT003818,SRV001,2025-07-29,1207,INC00819,Low
ALT003819,SRV007,2026-07-10,1642,INC00679,Medium
ALT003820,SRV010,2026-08-22,2051,INC00212,High
ALT003821,SRV010,2025-04-14,2231,INC00511,Critical
ALT003822,SRV009,2026-07-03,2136,INC00802,Critical
ALT003823,SRV006,2025-10-19,2116,INC00567,Critical
ALT003824,SRV010,2026-10-17,1219,INC00316,High
ALT003825,SRV007,2026-12-03,564,INC00870,Critical
ALT003826,SRV006,2025-10-22,2140,INC01311,Medium
ALT003827,SRV002,2026-10-29,1951,INC01235,Low
ALT003828,SRV008,2025-10-27,803,INC00070,High
ALT003829,SRV003,2025-09-11,1485,INC01413,High
ALT003830,SRV006,2026-03-31,789,INC00970,Medium
ALT003831,SRV008,2025-10-19,1685,INC00670,Low
ALT003832,SRV006,2025-01-04,2079,INC01219,Low
ALT003833,SRV007,2025-12-11,1268,INC00955,Low
ALT003834,SRV008,2025-12-01,2173,INC00021,Low
ALT003835,SRV006,2025-06-03,299,INC00454,High
ALT003836,SRV004,2025-10-12,931,INC01225,Medium
ALT003837,SRV003,2025-11-05,38,INC00376,Critical
ALT003838,SRV009,2026-01-12,196,INC00172,Medium
ALT003839,SRV004,2025-06-05,822,INC00120,Medium
ALT003840,SRV008,2025-01-20,1954,INC00751,Critical
ALT003841,SRV006,2026-06-04,627,INC00429,Medium
ALT003842,SRV001,2026-01-25,1338,INC00735,Low
ALT003843,SRV009,2026-07-25,1094,INC00552,High
ALT003844,SRV009,2025-03-09,1331,INC00701,High
ALT003845,SRV006,2026-02-25,2240,INC00282,Critical
ALT003846,SRV006,2026-12-23,2135,INC00367,Critical
ALT003847,SRV001,2025-09-21,1317,INC00745,Medium
ALT003848,SRV009,2026-06-07,1058,INC00491,Medium
ALT003849,SRV002,2026-12-24,1781,INC00903,Critical
ALT003850,SRV008,2026-11-28,2299,INC00643,Low
ALT003851,SRV006,2025-04-13,677,INC00005,Medium
ALT003852,SRV007,2025-10-13,1057,INC01144,Low
ALT003853,SRV008,2026-05-24,972,INC00569,Critical
ALT003854,SRV005,2025-04-26,371,INC00300,Critical
ALT003855,SRV009,2026-07-28,163,INC00354,Critical
ALT003856,SRV009,2025-10-06,141,INC01367,High
ALT003857,SRV007,2026-11-11,812,INC01403,Medium
ALT003858,SRV005,2026-06-07,545,INC00336,Critical
ALT003859,SRV006,2026-11-26,2118,INC01090,High
ALT003860,SRV010,2026-05-18,810,INC01068,High
ALT003861,SRV002,2026-04-10,590,INC00569,Low
ALT003862,SRV006,2025-03-21,868,INC01189,Medium
ALT003863,SRV005,2026-12-08,1644,INC00647,High
ALT003864,SRV010,2026-01-25,949,INC00569,Low
ALT003865,SRV005,2026-02-08,677,INC01492,Low
ALT003866,SRV001,2025-09-05,1457,INC01414,High
ALT003867,SRV001,2025-04-10,1174,INC01197,Critical
ALT003868,SRV003,2025-02-25,1236,INC00949,Medium
ALT003869,SRV007,2026-04-04,2282,INC01500,Critical
ALT003870,SRV008,2025-01-16,1637,INC00692,Critical
ALT003871,SRV001,2025-01-25,2088,INC00510,Critical
ALT003872,SRV003,2025-02-11,1235,INC01365,Medium
ALT003873,SRV005,2025-11-05,1043,INC00368,Low
ALT003874,SRV001,2026-10-10,988,INC00695,Critical
ALT003875,SRV008,2026-08-22,536,INC00098,High
ALT003876,SRV004,2025-08-14,2099,INC00532,Critical
ALT003877,SRV009,2026-08-20,1883,INC01328,Critical
ALT003878,SRV008,2025-04-18,13,INC00307,Low
ALT003879,SRV001,2026-04-07,1410,INC01249,Critical
ALT003880,SRV010,2025-12-25,1570,INC00074,Low
ALT003881,SRV010,2026-07-21,794,INC00528,Medium
ALT003882,SRV009,2026-08-20,864,INC00909,High
ALT003883,SRV009,2025-09-16,1760,INC01111,Critical
ALT003884,SRV001,2026-09-16,298,INC01164,Critical
ALT003885,SRV004,2026-07-22,2201,INC00181,Low
ALT003886,SRV001,2025-01-07,1373,INC00204,High
ALT003887,SRV006,2026-12-27,2082,INC00480,Critical
ALT003888,SRV005,2026-02-17,556,INC00848,Low
ALT003889,SRV005,2025-08-03,1917,INC01054,Low
ALT003890,SRV007,2025-02-26,22,INC01052,High
ALT003891,SRV001,2026-06-21,1298,INC01143,High
ALT003892,SRV004,2025-03-21,152,INC00330,Low
ALT003893,SRV009,2025-05-07,151,INC00151,Critical
ALT003894,SRV007,2026-02-10,2017,INC01362,Low
ALT003895,SRV002,2025-08-15,1171,INC01143,Low
ALT003896,SRV002,2026-03-29,1492,INC01059,Critical
ALT003897,SRV003,2025-09-07,770,INC01267,Medium
ALT003898,SRV007,2025-02-26,619,INC01451,High
ALT003899,SRV002,2025-06-14,1443,INC00377,Medium
ALT003900,SRV010,2026-08-10,1978,INC00120,Medium
ALT003901,SRV005,2025-10-15,762,INC00040,Medium
ALT003902,SRV004,2026-08-18,1186,INC01222,Medium
ALT003903,SRV006,2026-01-07,1136,INC00973,Medium
ALT003904,SRV007,2025-10-10,1528,INC00824,Critical
ALT003905,SRV007,2025-06-15,296,INC00509,Critical
ALT003906,SRV008,2025-08-09,1961,INC00054,High
ALT003907,SRV010,2026-03-05,1745,INC00334,Medium
ALT003908,SRV004,2025-08-28,1821,INC01452,High
ALT003909,SRV008,2026-07-13,546,INC01400,Critical
ALT003910,SRV004,2026-04-26,2286,INC00652,Medium
ALT003911,SRV009,2025-12-06,1033,INC01459,Critical
ALT003912,SRV003,2025-08-15,1454,INC00654,Low
ALT003913,SRV006,2026-04-07,402,INC01107,Medium
ALT003914,SRV002,2026-10-02,690,INC00923,High
ALT003915,SRV001,2026-07-11,926,INC00063,Low
ALT003916,SRV004,2026-08-27,1195,INC01172,High
ALT003917,SRV006,2026-03-24,681,INC00468,Critical
ALT003918,SRV009,2026-07-21,595,INC00060,High
ALT003919,SRV010,2025-12-18,918,INC01458,Low
ALT003920,SRV003,2025-01-01,962,INC00937,High
ALT003921,SRV010,2025-08-19,497,INC00537,Medium
ALT003922,SRV002,2026-11-06,739,INC01162,Critical
ALT003923,SRV004,2026-01-10,510,INC01379,High
ALT003924,SRV010,2025-08-28,966,INC01062,Low
ALT003925,SRV010,2026-04-02,1759,INC01152,Medium
ALT003926,SRV008,2026-11-25,191,INC01327,Critical
ALT003927,SRV010,2025-08-28,2078,INC00718,Medium
ALT003928,SRV001,2026-01-24,1610,INC00933,Low
ALT003929,SRV006,2026-07-26,93,INC01113,Critical
ALT003930,SRV008,2025-01-01,2225,INC00529,Low
ALT003931,SRV007,2026-01-01,1884,INC00713,Medium
ALT003932,SRV001,2026-09-01,1955,INC01181,Medium
ALT003933,SRV008,2026-11-15,671,INC00919,Medium
ALT003934,SRV003,2025-06-28,1901,INC01051,Critical
ALT003935,SRV006,2026-05-22,827,INC00192,Low
ALT003936,SRV006,2026-05-29,1881,INC00979,Critical
ALT003937,SRV007,2025-08-05,2053,INC01167,High
ALT003938,SRV007,2025-08-23,1081,INC00021,High
ALT003939,SRV008,2025-04-14,426,INC00723,Medium
ALT003940,SRV001,2026-07-14,1144,INC01310,Low
ALT003941,SRV009,2025-11-03,2286,INC00804,High
ALT003942,SRV005,2026-02-24,1570,INC00259,Low
ALT003943,SRV004,2025-06-11,1583,INC00842,Medium
ALT003944,SRV004,2026-12-05,24,INC00294,Low
ALT003945,SRV005,2025-04-27,394,INC00891,Medium
ALT003946,SRV006,2025-04-18,697,INC01022,Medium
ALT003947,SRV007,2026-11-08,125,INC00749,High
ALT003948,SRV008,2026-05-13,948,INC00156,Low
ALT003949,SRV005,2025-06-14,694,INC01148,Critical
ALT003950,SRV005,2026-09-22,590,INC01212,Low
ALT003951,SRV005,2026-05-09,109,INC00501,Critical
ALT003952,SRV003,2025-11-07,806,INC01496,Medium
ALT003953,SRV010,2026-09-14,2109,INC01196,High
ALT003954,SRV005,2025-11-08,2092,INC00608,Medium
ALT003955,SRV010,2026-08-12,329,INC00326,Low
ALT003956,SRV007,2025-07-30,908,INC00175,Low
ALT003957,SRV009,2025-01-09,1183,INC01322,Medium
ALT003958,SRV004,2025-02-22,407,INC01073,High
ALT003959,SRV008,2025-05-21,584,INC00202,High
ALT003960,SRV009,2026-03-03,1193,INC01013,Low
ALT003961,SRV007,2025-12-11,417,INC01255,Low
ALT003962,SRV007,2025-11-17,1868,INC01057,Medium
ALT003963,SRV009,2025-01-24,56,INC00144,Low
ALT003964,SRV010,2025-03-12,1307,INC00622,Low
ALT003965,SRV010,2026-08-17,2076,INC00226,Low
ALT003966,SRV006,2026-10-21,1855,INC00933,High
ALT003967,SRV003,2026-08-15,734,INC00089,High
ALT003968,SRV003,2026-10-27,2033,INC00915,Critical
ALT003969,SRV008,2026-04-13,158,INC01075,Medium
ALT003970,SRV010,2025-02-28,55,INC00856,Low
ALT003971,SRV003,2025-11-18,907,INC01361,Low
ALT003972,SRV001,2026-04-30,2225,INC00046,High
ALT003973,SRV001,2026-01-31,2256,INC00715,High
ALT003974,SRV001,2025-12-18,1598,INC00393,Critical
ALT003975,SRV009,2026-02-26,2138,INC00769,High
ALT003976,SRV009,2026-07-17,199,INC01016,Medium
ALT003977,SRV002,2025-03-12,470,INC00761,Medium
ALT003978,SRV003,2026-02-26,2017,INC00887,Medium
ALT003979,SRV003,2025-07-15,2186,INC00419,Low
ALT003980,SRV007,2026-05-08,101,INC00470,Medium
ALT003981,SRV010,2026-05-05,1429,INC01302,Medium
ALT003982,SRV003,2026-11-23,802,INC00927,Medium
ALT003983,SRV003,2025-01-16,1678,INC00830,Critical
ALT003984,SRV006,2026-02-15,1678,INC01230,Low
ALT003985,SRV001,2025-04-18,1663,INC00049,Low
ALT003986,SRV003,2025-01-11,179,INC00284,Medium
ALT003987,SRV005,2025-12-19,1242,INC00283,Medium
ALT003988,SRV001,2025-04-24,150,INC00075,Critical
ALT003989,SRV002,2026-07-31,856,INC00837,Critical
ALT003990,SRV004,2026-04-29,2339,INC00455,High
ALT003991,SRV001,2025-07-30,1242,INC01213,Low
ALT003992,SRV002,2026-10-22,54,INC01311,Critical
ALT003993,SRV002,2026-12-08,458,INC00547,Low
ALT003994,SRV001,2025-07-13,1658,INC00227,Critical
ALT003995,SRV004,2026-03-13,1321,INC00471,Critical
ALT003996,SRV003,2025-09-16,256,INC00737,Critical
ALT003997,SRV002,2025-05-12,1852,INC01438,Low
ALT003998,SRV007,2026-09-19,1365,INC01373,Low
ALT003999,SRV008,2026-06-26,1330,INC00918,Critical
ALT004000,SRV003,2025-08-30,570,INC00174,High
ALT004001,SRV009,2025-05-03,603,INC00385,Low
ALT004002,SRV006,2025-03-17,1330,INC00519,High
ALT004003,SRV009,2025-05-12,992,INC01133,High
ALT004004,SRV008,2026-09-02,1800,INC01004,Critical
ALT004005,SRV007,2026-04-01,222,INC00579,High
ALT004006,SRV002,2025-03-24,2173,INC00691,High
ALT004007,SRV002,2025-08-21,747,INC01090,Medium
ALT004008,SRV006,2025-05-16,2131,INC00822,Low
ALT004009,SRV005,2026-05-24,2320,INC00410,High
ALT004010,SRV005,2026-03-19,2180,INC00090,Critical
ALT004011,SRV005,2025-11-06,1531,INC00436,High
ALT004012,SRV003,2026-11-25,273,INC00078,Low
ALT004013,SRV009,2025-02-09,1209,INC00553,Medium
ALT004014,SRV004,2025-03-22,2007,INC00922,Medium
ALT004015,SRV008,2026-01-27,1122,INC01187,High
ALT004016,SRV003,2026-04-16,1911,INC00493,Low
ALT004017,SRV004,2025-02-20,1076,INC01401,Low
ALT004018,SRV010,2026-01-20,1568,INC01380,High
ALT004019,SRV001,2025-05-23,2178,INC00529,Medium
ALT004020,SRV003,2026-09-25,1209,INC00681,Low
ALT004021,SRV010,2025-04-23,1402,INC00542,Low
ALT004022,SRV009,2025-10-10,2267,INC01459,Critical
ALT004023,SRV010,2026-11-19,920,INC00538,Critical
ALT004024,SRV009,2025-04-05,1212,INC00155,Low
ALT004025,SRV005,2026-04-11,1320,INC00174,Medium
ALT004026,SRV009,2025-12-16,1426,INC01334,Critical
ALT004027,SRV007,2025-09-20,1212,INC00923,Critical
ALT004028,SRV008,2025-05-23,1507,INC00678,Medium
ALT004029,SRV007,2026-04-12,1439,INC00069,Critical
ALT004030,SRV005,2025-03-31,123,INC01274,Low
ALT004031,SRV002,2026-09-16,665,INC00419,High
ALT004032,SRV002,2026-08-13,987,INC01056,Critical
ALT004033,SRV001,2025-06-28,1515,INC01129,Critical
ALT004034,SRV001,2025-10-29,542,INC01391,Low
ALT004035,SRV007,2025-11-19,771,INC01018,High
ALT004036,SRV001,2026-06-24,1015,INC01169,Critical
ALT004037,SRV007,2025-12-15,2330,INC01454,Critical
ALT004038,SRV009,2026-10-22,1490,INC00374,Medium
ALT004039,SRV008,2025-10-22,992,INC00304,Medium
ALT004040,SRV009,2026-12-26,2061,INC00824,Medium
ALT004041,SRV007,2025-01-12,1474,INC00065,High
ALT004042,SRV005,2025-09-07,967,INC00375,Low
ALT004043,SRV006,2025-09-17,1126,INC01432,Medium
ALT004044,SRV009,2026-09-01,668,INC00473,Low
ALT004045,SRV005,2026-05-06,1291,INC01437,Low
ALT004046,SRV010,2026-08-08,663,INC00927,Low
ALT004047,SRV006,2026-11-06,1167,INC00575,Low
ALT004048,SRV006,2025-03-23,1002,INC01487,Low
ALT004049,SRV003,2025-10-03,1032,INC00085,Medium
ALT004050,SRV002,2025-08-07,2114,INC00683,Low
ALT004051,SRV002,2026-10-27,901,INC00832,Critical
ALT004052,SRV005,2026-09-20,701,INC00822,Low
ALT004053,SRV006,2026-12-08,1307,INC00480,Critical
ALT004054,SRV007,2026-02-22,2254,INC01271,Medium
ALT004055,SRV008,2025-10-11,882,INC01301,Critical
ALT004056,SRV009,2026-02-06,731,INC01301,Low
ALT004057,SRV008,2026-05-18,583,INC01438,High
ALT004058,SRV009,2025-05-07,232,INC00966,Low
ALT004059,SRV007,2026-01-04,1335,INC00219,Medium
ALT004060,SRV002,2026-08-15,1231,INC01196,Low
ALT004061,SRV009,2026-03-06,604,INC01048,Medium
ALT004062,SRV002,2025-02-19,1056,INC01317,Critical
ALT004063,SRV008,2026-06-29,2068,INC00411,High
ALT004064,SRV006,2025-10-25,1466,INC00759,Medium
ALT004065,SRV008,2026-11-06,1155,INC00646,Medium
ALT004066,SRV009,2026-12-15,1219,INC00622,Critical
ALT004067,SRV006,2026-10-13,2147,INC01251,Critical
ALT004068,SRV006,2025-03-03,464,INC00373,Medium
ALT004069,SRV006,2025-07-17,77,INC00395,Low
ALT004070,SRV008,2026-07-24,50,INC01204,Critical
ALT004071,SRV009,2025-08-08,1015,INC01329,High
ALT004072,SRV010,2026-01-19,693,INC00111,Low
ALT004073,SRV004,2026-01-05,803,INC00439,Medium
ALT004074,SRV001,2026-11-05,417,INC01131,Critical
ALT004075,SRV005,2026-01-02,979,INC00222,High
ALT004076,SRV001,2026-12-28,1567,INC00988,Low
ALT004077,SRV006,2026-06-29,1185,INC00331,High
ALT004078,SRV003,2026-10-19,973,INC00290,Medium
ALT004079,SRV008,2026-08-09,72,INC00898,Low
ALT004080,SRV006,2026-12-20,565,INC01033,Critical
ALT004081,SRV002,2025-08-01,737,INC01114,High
ALT004082,SRV010,2025-06-06,719,INC00938,Critical
ALT004083,SRV010,2025-06-11,1168,INC00031,Critical
ALT004084,SRV004,2025-07-24,491,INC00590,Low
ALT004085,SRV008,2025-06-15,514,INC00683,Critical
ALT004086,SRV004,2026-12-23,1720,INC00865,Critical
ALT004087,SRV004,2026-02-27,588,INC00764,Low
ALT004088,SRV002,2025-01-12,1734,INC01049,Low
ALT004089,SRV006,2025-04-05,1455,INC00002,High
ALT004090,SRV007,2026-01-04,893,INC00207,Low
ALT004091,SRV006,2026-01-05,306,INC01184,Low
ALT004092,SRV002,2025-03-21,1676,INC01069,Low
ALT004093,SRV004,2025-08-04,1362,INC01094,Critical
ALT004094,SRV010,2026-12-13,2135,INC00371,Low
ALT004095,SRV010,2026-02-15,557,INC01210,Medium
ALT004096,SRV007,2025-01-09,1332,INC00657,Critical
ALT004097,SRV005,2026-06-16,966,INC01102,Critical
ALT004098,SRV010,2025-05-26,1465,INC00523,Low
ALT004099,SRV007,2026-07-31,1457,INC01253,Critical
ALT004100,SRV008,2025-09-19,1542,INC00574,Critical
ALT004101,SRV006,2025-12-16,2261,INC00229,Low
ALT004102,SRV007,2025-07-16,912,INC00944,High
ALT004103,SRV007,2025-05-27,1388,INC01403,High
ALT004104,SRV006,2026-09-08,151,INC00645,Medium
ALT004105,SRV008,2025-09-17,2006,INC01168,Medium
ALT004106,SRV009,2026-09-21,489,INC00406,Medium
ALT004107,SRV006,2026-07-23,385,INC00170,Low
ALT004108,SRV004,2025-07-22,1804,INC00182,Medium
ALT004109,SRV005,2026-03-31,1883,INC00189,High
ALT004110,SRV005,2025-04-10,901,INC00753,Critical
ALT004111,SRV008,2026-11-07,1650,INC00460,High
ALT004112,SRV002,2026-02-04,911,INC01087,Medium
ALT004113,SRV005,2026-05-19,519,INC00474,High
ALT004114,SRV001,2026-01-03,1825,INC01366,Low
ALT004115,SRV004,2026-07-30,1484,INC00784,High
ALT004116,SRV009,2025-04-16,2118,INC00896,Medium
ALT004117,SRV006,2026-11-20,1254,INC00772,Medium
ALT004118,SRV003,2026-06-06,1868,INC00114,Low
ALT004119,SRV001,2025-02-03,2001,INC00624,Critical
ALT004120,SRV005,2025-04-30,399,INC00754,Low
ALT004121,SRV006,2025-09-04,1682,INC00700,Low
ALT004122,SRV010,2026-03-07,1192,INC00768,Critical
ALT004123,SRV008,2026-06-05,939,INC00234,Critical
ALT004124,SRV002,2026-09-12,2268,INC00781,Critical
ALT004125,SRV002,2025-06-21,807,INC00645,High
ALT004126,SRV003,2025-11-13,2217,INC00193,Low
ALT004127,SRV006,2025-02-10,1298,INC00769,Critical
ALT004128,SRV008,2026-01-14,1178,INC01423,Critical
ALT004129,SRV009,2026-08-30,2154,INC01406,Critical
ALT004130,SRV006,2025-10-07,1204,INC00823,Medium
ALT004131,SRV005,2025-05-30,360,INC00365,Medium
ALT004132,SRV001,2025-01-26,1869,INC00591,Critical
ALT004133,SRV010,2026-12-12,1035,INC01207,Critical
ALT004134,SRV002,2026-10-20,1193,INC00283,Medium
ALT004135,SRV008,2026-10-21,2167,INC00490,Critical
ALT004136,SRV002,2026-11-24,437,INC01022,Medium
ALT004137,SRV003,2026-03-10,1974,INC00642,Low
ALT004138,SRV007,2026-07-11,1569,INC01384,High
ALT004139,SRV007,2025-03-02,1515,INC00035,Medium
ALT004140,SRV005,2025-03-18,2021,INC01458,High
ALT004141,SRV006,2026-01-06,495,INC00008,Low
ALT004142,SRV004,2025-04-07,582,INC00199,High
ALT004143,SRV003,2026-11-22,2050,INC00020,High
ALT004144,SRV010,2026-10-06,691,INC00063,High
ALT004145,SRV008,2026-02-04,548,INC00119,Low
ALT004146,SRV007,2025-11-23,1828,INC00024,Medium
ALT004147,SRV009,2025-08-11,515,INC01414,Low
ALT004148,SRV007,2026-05-07,1479,INC01407,Critical
ALT004149,SRV007,2026-07-28,530,INC01114,Medium
ALT004150,SRV009,2026-06-01,1465,INC00510,Critical
ALT004151,SRV006,2025-08-29,318,INC01423,High
ALT004152,SRV004,2025-01-05,1000,INC00366,Medium
ALT004153,SRV001,2026-08-30,1346,INC00917,High
ALT004154,SRV010,2025-07-02,2042,INC00778,Medium
ALT004155,SRV004,2026-01-08,1731,INC01113,Critical
ALT004156,SRV003,2025-09-07,967,INC00499,High
ALT004157,SRV002,2026-02-24,1030,INC00796,Low
ALT004158,SRV003,2025-05-11,934,INC00953,High
ALT004159,SRV004,2025-07-21,1547,INC01010,Critical
ALT004160,SRV007,2025-10-23,806,INC00526,High
ALT004161,SRV005,2025-02-22,997,INC00853,High
ALT004162,SRV009,2025-03-05,2068,INC01264,Medium
ALT004163,SRV003,2026-03-05,857,INC00731,Low
ALT004164,SRV005,2026-12-01,243,INC00629,Critical
ALT004165,SRV002,2026-02-01,814,INC01147,Critical
ALT004166,SRV006,2026-12-19,2140,INC00750,Low
ALT004167,SRV005,2025-04-07,1185,INC01427,Medium
ALT004168,SRV010,2026-08-19,1587,INC00385,Critical
ALT004169,SRV005,2025-08-10,1370,INC00498,Low
ALT004170,SRV001,2025-11-01,1350,INC00312,Low
ALT004171,SRV007,2025-04-08,1772,INC00904,Medium
ALT004172,SRV003,2026-01-03,1479,INC01263,Low
ALT004173,SRV003,2025-05-10,304,INC00226,Critical
ALT004174,SRV005,2025-01-01,1613,INC01377,Medium
ALT004175,SRV002,2025-04-22,476,INC00675,High
ALT004176,SRV002,2025-08-03,2316,INC00180,High
ALT004177,SRV008,2025-03-03,2233,INC01013,Medium
ALT004178,SRV010,2025-08-20,705,INC01074,Low
ALT004179,SRV007,2026-03-20,1329,INC00748,Critical
ALT004180,SRV005,2026-01-11,790,INC01441,Critical
ALT004181,SRV005,2026-01-26,1872,INC00017,High
ALT004182,SRV009,2026-07-29,131,INC01220,Critical
ALT004183,SRV006,2025-07-08,1722,INC00353,High
ALT004184,SRV005,2026-08-20,645,INC00793,Critical
ALT004185,SRV006,2026-10-17,445,INC00669,High
ALT004186,SRV003,2026-11-24,1506,INC00520,Medium
ALT004187,SRV004,2026-12-08,1383,INC00556,Medium
ALT004188,SRV007,2025-11-23,544,INC00440,Critical
ALT004189,SRV004,2026-09-27,1146,INC00579,Low
ALT004190,SRV006,2025-03-07,648,INC00521,High
ALT004191,SRV008,2025-03-12,1603,INC00283,Medium
ALT004192,SRV008,2026-06-22,583,INC01125,High
ALT004193,SRV008,2026-10-20,1440,INC00101,Medium
ALT004194,SRV010,2026-05-26,1718,INC00775,Critical
ALT004195,SRV001,2025-07-31,342,INC00292,High
ALT004196,SRV008,2026-10-23,477,INC01244,High
ALT004197,SRV010,2025-06-06,727,INC00374,Medium
ALT004198,SRV001,2025-10-06,1696,INC00801,Medium
ALT004199,SRV007,2026-06-16,2146,INC00760,High
ALT004200,SRV008,2026-06-08,450,INC00587,Medium
ALT004201,SRV008,2025-12-11,1375,INC01313,Critical
ALT004202,SRV006,2026-02-08,820,INC00734,Low
ALT004203,SRV006,2026-10-19,942,INC00286,High
ALT004204,SRV007,2026-08-12,886,INC00229,High
ALT004205,SRV001,2026-06-02,1185,INC01367,Low
ALT004206,SRV007,2026-06-15,1192,INC00623,Low
ALT004207,SRV002,2026-06-28,477,INC00570,Critical
ALT004208,SRV005,2025-03-24,1150,INC00284,Medium
ALT004209,SRV008,2025-09-01,1311,INC00153,Low
ALT004210,SRV007,2025-01-11,1677,INC00623,Critical
ALT004211,SRV006,2026-06-06,1738,INC01313,Low
ALT004212,SRV008,2025-10-16,1687,INC00740,High
ALT004213,SRV003,2026-05-06,682,INC01134,High
ALT004214,SRV009,2025-07-23,1691,INC01243,Critical
ALT004215,SRV002,2025-11-19,876,INC01271,Medium
ALT004216,SRV003,2025-10-01,1306,INC01043,Medium
ALT004217,SRV008,2026-05-21,99,INC01171,Low
ALT004218,SRV009,2025-09-01,1512,INC00083,Low
ALT004219,SRV010,2026-11-14,1184,INC00117,Low
ALT004220,SRV003,2026-05-03,65,INC00788,Low
ALT004221,SRV010,2025-12-24,1709,INC00939,High
ALT004222,SRV010,2025-06-14,554,INC00691,Medium
ALT004223,SRV007,2026-05-20,1766,INC00955,Critical
ALT004224,SRV009,2025-08-22,925,INC01449,Medium
ALT004225,SRV001,2026-04-21,936,INC01032,High
ALT004226,SRV008,2026-08-28,699,INC00855,Medium
ALT004227,SRV002,2025-09-21,2333,INC00459,Medium
ALT004228,SRV009,2025-12-31,1161,INC00748,Medium
ALT004229,SRV008,2026-01-19,798,INC01299,Medium
ALT004230,SRV006,2026-01-26,1725,INC01295,Low
ALT004231,SRV007,2025-08-16,479,INC00560,Critical
ALT004232,SRV008,2025-10-13,1985,INC00769,Low
ALT004233,SRV009,2025-07-01,1914,INC01218,Critical
ALT004234,SRV010,2025-09-13,437,INC00116,Critical
ALT004235,SRV008,2025-08-31,2115,INC00703,Critical
ALT004236,SRV005,2026-11-10,298,INC00552,High
ALT004237,SRV003,2026-05-31,130,INC00615,High
ALT004238,SRV008,2025-07-21,2353,INC00073,Medium
ALT004239,SRV009,2025-02-05,81,INC00828,High
ALT004240,SRV002,2025-03-09,848,INC01157,Low
ALT004241,SRV005,2025-06-03,1388,INC00570,Critical
ALT004242,SRV010,2025-03-22,954,INC00967,High
ALT004243,SRV005,2025-09-28,1423,INC00720,High
ALT004244,SRV008,2025-12-30,163,INC00370,Low
ALT004245,SRV006,2025-07-14,489,INC00888,High
ALT004246,SRV004,2026-03-13,2276,INC00308,Medium
ALT004247,SRV003,2026-05-25,2345,INC00646,Low
ALT004248,SRV008,2026-01-31,446,INC01198,Low
ALT004249,SRV008,2026-10-16,421,INC00377,Medium
ALT004250,SRV010,2025-02-23,1769,INC00375,High
ALT004251,SRV003,2026-12-20,132,INC00549,High
ALT004252,SRV005,2026-07-08,1876,INC00632,Medium
ALT004253,SRV005,2025-09-09,2094,INC00897,Medium
ALT004254,SRV001,2026-06-03,2062,INC01399,High
ALT004255,SRV005,2026-11-11,487,INC00885,Low
ALT004256,SRV004,2025-05-19,473,INC00781,Low
ALT004257,SRV009,2026-03-17,137,INC00551,Medium
ALT004258,SRV007,2026-10-19,534,INC00426,Critical
ALT004259,SRV002,2026-12-14,366,INC01239,High
ALT004260,SRV009,2026-09-04,1855,INC00404,Critical
ALT004261,SRV007,2026-11-25,1693,INC00153,Critical
ALT004262,SRV005,2026-03-06,331,INC00288,Medium
ALT004263,SRV010,2025-04-28,159,INC01369,High
ALT004264,SRV002,2026-09-09,1734,INC00152,Medium
ALT004265,SRV004,2025-09-02,522,INC01277,Medium
ALT004266,SRV001,2026-06-11,2128,INC00795,Low
ALT004267,SRV003,2025-08-04,2011,INC00817,Medium
ALT004268,SRV001,2026-10-06,1182,INC01443,Critical
ALT004269,SRV002,2026-02-01,808,INC00765,High
ALT004270,SRV004,2025-11-06,918,INC00647,Medium
ALT004271,SRV009,2025-02-11,1481,INC00019,High
ALT004272,SRV002,2026-08-18,2202,INC00876,Critical
ALT004273,SRV008,2026-08-05,844,INC00205,High
ALT004274,SRV003,2025-06-15,188,INC01500,Critical
ALT004275,SRV008,2026-01-04,721,INC00254,Low
ALT004276,SRV004,2026-05-23,1820,INC01338,Medium
ALT004277,SRV003,2026-08-01,2042,INC01358,Low
ALT004278,SRV008,2025-07-29,717,INC00144,Medium
ALT004279,SRV004,2026-01-06,107,INC01430,Critical
ALT004280,SRV008,2026-05-26,1794,INC00306,High
ALT004281,SRV010,2026-05-24,241,INC00532,High
ALT004282,SRV005,2025-04-25,1542,INC00304,Low
ALT004283,SRV007,2025-08-23,2211,INC01365,High
ALT004284,SRV008,2026-03-13,918,INC01267,Critical
ALT004285,SRV005,2026-07-02,126,INC00756,Critical
ALT004286,SRV001,2025-02-11,2189,INC01164,High
ALT004287,SRV005,2025-01-22,1955,INC00105,High
ALT004288,SRV010,2026-09-06,1972,INC01070,High
ALT004289,SRV001,2026-03-19,1559,INC01023,Critical
ALT004290,SRV005,2025-07-16,1507,INC01371,Critical
ALT004291,SRV007,2026-04-12,288,INC00252,Critical
ALT004292,SRV010,2025-04-17,168,INC00919,Medium
ALT004293,SRV010,2026-10-05,775,INC01362,Low
ALT004294,SRV002,2025-02-14,860,INC00401,Medium
ALT004295,SRV004,2026-11-02,334,INC00847,Low
ALT004296,SRV003,2025-07-02,571,INC00347,Medium
ALT004297,SRV008,2026-01-16,2303,INC00612,Low
ALT004298,SRV005,2025-10-03,806,INC00032,Medium
ALT004299,SRV005,2025-10-09,300,INC00711,Critical
ALT004300,SRV003,2025-03-06,2354,INC01395,Critical
ALT004301,SRV009,2026-09-06,777,INC00761,Low
ALT004302,SRV006,2026-09-03,1598,INC00961,High
ALT004303,SRV001,2025-01-06,895,INC00879,Critical
ALT004304,SRV002,2025-01-29,1669,INC00334,Low
ALT004305,SRV007,2025-04-12,1006,INC00195,Medium
ALT004306,SRV002,2026-02-11,1918,INC00449,Medium
ALT004307,SRV006,2025-08-28,1208,INC01319,High
ALT004308,SRV009,2026-06-16,168,INC01252,Critical
ALT004309,SRV004,2025-03-27,32,INC00682,Medium
ALT004310,SRV002,2026-06-07,555,INC00063,High
ALT004311,SRV007,2025-01-23,695,INC00302,Low
ALT004312,SRV004,2025-06-20,1215,INC00799,Low
ALT004313,SRV007,2025-04-19,1901,INC00632,Critical
ALT004314,SRV008,2026-09-30,1879,INC00270,Medium
ALT004315,SRV004,2025-08-01,2210,INC00082,High
ALT004316,SRV007,2025-03-15,440,INC01436,Low
ALT004317,SRV004,2025-04-23,611,INC00468,Medium
ALT004318,SRV006,2025-08-06,502,INC00856,Low
ALT004319,SRV010,2025-10-12,1767,INC00724,High
ALT004320,SRV001,2026-05-09,929,INC00649,Low
ALT004321,SRV003,2026-11-28,1939,INC00933,Low
ALT004322,SRV005,2025-05-20,642,INC00419,Low
ALT004323,SRV003,2026-04-13,188,INC00291,Critical
ALT004324,SRV005,2025-03-29,172,INC00863,Low
ALT004325,SRV005,2026-03-02,373,INC00426,High
ALT004326,SRV006,2025-09-30,411,INC00037,High
ALT004327,SRV003,2025-01-28,2300,INC01264,Critical
ALT004328,SRV009,2026-01-11,177,INC01418,Critical
ALT004329,SRV008,2026-08-29,836,INC00720,Critical
ALT004330,SRV010,2025-03-01,1571,INC00653,Low
ALT004331,SRV006,2025-06-27,684,INC00577,Critical
ALT004332,SRV009,2025-06-22,1719,INC00427,High
ALT004333,SRV008,2026-03-25,1086,INC01494,Critical
ALT004334,SRV002,2026-09-08,1155,INC00577,Low
ALT004335,SRV009,2026-09-18,448,INC01051,Medium
ALT004336,SRV002,2026-07-25,427,INC01082,Medium
ALT004337,SRV007,2025-07-26,187,INC00939,Critical
ALT004338,SRV005,2026-10-11,1276,INC00693,Medium
ALT004339,SRV001,2026-11-23,2042,INC00795,Low
ALT004340,SRV005,2026-07-17,855,INC00768,Medium
ALT004341,SRV008,2026-07-26,1904,INC00840,High
ALT004342,SRV005,2025-10-08,427,INC00139,Critical
ALT004343,SRV009,2025-06-26,1748,INC01245,Critical
ALT004344,SRV008,2025-11-12,299,INC00231,Critical
ALT004345,SRV001,2026-09-17,1443,INC00421,Medium
ALT004346,SRV001,2025-05-25,437,INC00356,High
ALT004347,SRV001,2026-01-02,387,INC01094,Low
ALT004348,SRV008,2025-03-31,1512,INC00495,Medium
ALT004349,SRV003,2026-06-04,410,INC00122,Low
ALT004350,SRV002,2025-06-26,753,INC00054,Critical
ALT004351,SRV004,2025-06-13,701,INC00514,Medium
ALT004352,SRV010,2025-02-19,1670,INC00283,Critical
ALT004353,SRV006,2025-10-06,2197,INC00287,Low
ALT004354,SRV002,2026-04-07,768,INC00879,Medium
ALT004355,SRV005,2025-01-17,2067,INC00785,High
ALT004356,SRV010,2025-03-17,1918,INC00056,Critical
ALT004357,SRV003,2026-07-04,2034,INC01101,High
ALT004358,SRV008,2026-08-12,2288,INC00840,High
ALT004359,SRV010,2026-10-24,1163,INC00602,Low
ALT004360,SRV001,2025-01-20,231,INC00549,Critical
ALT004361,SRV010,2025-03-16,810,INC00794,Critical
ALT004362,SRV008,2026-03-28,2,INC00306,Low
ALT004363,SRV006,2026-02-22,134,INC00819,Critical
ALT004364,SRV005,2026-10-12,1533,INC00474,Low
ALT004365,SRV001,2026-12-02,1141,INC01204,High
ALT004366,SRV001,2026-11-05,2036,INC00394,High
ALT004367,SRV005,2025-01-16,2358,INC00322,Medium
ALT004368,SRV001,2025-06-18,851,INC00778,Low
ALT004369,SRV005,2026-11-20,1173,INC00066,Low
ALT004370,SRV010,2026-10-25,153,INC01220,Critical
ALT004371,SRV005,2025-08-22,1492,INC00981,Critical
ALT004372,SRV010,2026-10-27,73,INC00742,Medium
ALT004373,SRV008,2025-01-25,1069,INC00194,Medium
ALT004374,SRV004,2026-08-06,77,INC00845,Low
ALT004375,SRV001,2026-06-24,2265,INC01387,Low
ALT004376,SRV005,2025-07-21,1853,INC00821,High
ALT004377,SRV001,2025-11-29,1858,INC00875,Low
ALT004378,SRV010,2026-10-07,2327,INC00719,High
ALT004379,SRV010,2025-03-03,2156,INC01067,Critical
ALT004380,SRV010,2026-08-20,313,INC01003,Critical
ALT004381,SRV002,2025-04-07,1249,INC00055,Low
ALT004382,SRV001,2026-01-03,2330,INC00891,Critical
ALT004383,SRV004,2026-07-20,818,INC00217,Low
ALT004384,SRV002,2025-04-01,126,INC01205,High
ALT004385,SRV003,2026-02-20,1960,INC00599,Critical
ALT004386,SRV006,2025-02-17,2079,INC00783,Low
ALT004387,SRV002,2025-12-21,1762,INC00173,Low
ALT004388,SRV008,2025-08-08,2356,INC00764,High
ALT004389,SRV006,2026-01-15,19,INC00467,High
ALT004390,SRV004,2026-02-20,676,INC01168,Medium
ALT004391,SRV010,2025-09-05,80,INC00310,Critical
ALT004392,SRV006,2025-01-14,104,INC01172,Critical
ALT004393,SRV005,2026-02-12,563,INC01442,Critical
ALT004394,SRV006,2025-05-22,1674,INC01003,Critical
ALT004395,SRV002,2025-03-20,1979,INC01310,Low
ALT004396,SRV008,2025-07-22,1612,INC00816,High
ALT004397,SRV001,2025-02-05,842,INC00806,Medium
ALT004398,SRV008,2026-05-26,769,INC00056,Low
ALT004399,SRV009,2026-02-20,609,INC00705,Low
ALT004400,SRV005,2026-05-22,1068,INC00672,Critical
ALT004401,SRV006,2025-04-09,2207,INC00586,Critical
ALT004402,SRV008,2026-06-11,1453,INC00406,Critical
ALT004403,SRV007,2025-03-06,2131,INC00355,Critical
ALT004404,SRV002,2025-11-16,1533,INC00343,Medium
ALT004405,SRV004,2025-04-05,1451,INC01338,Medium
ALT004406,SRV003,2026-07-10,660,INC01172,High
ALT004407,SRV006,2025-09-18,1489,INC00801,High
ALT004408,SRV010,2025-02-18,1134,INC00417,Medium
ALT004409,SRV003,2025-09-10,2345,INC00468,Medium
ALT004410,SRV002,2026-04-03,385,INC00825,Low
ALT004411,SRV009,2025-01-09,1208,INC00738,Critical
ALT004412,SRV004,2025-06-29,2070,INC00841,Medium
ALT004413,SRV003,2025-07-30,497,INC01126,Critical
ALT004414,SRV010,2025-02-26,431,INC01014,Critical
ALT004415,SRV001,2025-10-26,1159,INC00993,Critical
ALT004416,SRV009,2025-01-29,643,INC00689,Medium
ALT004417,SRV004,2026-04-30,1754,INC00226,Medium
ALT004418,SRV003,2026-12-04,1653,INC00399,Critical
ALT004419,SRV003,2026-03-11,787,INC00967,Low
ALT004420,SRV004,2026-05-17,241,INC01365,Low
ALT004421,SRV007,2026-04-10,2303,INC01360,Low
ALT004422,SRV004,2025-04-08,2141,INC01080,Critical
ALT004423,SRV009,2026-02-19,867,INC01482,Critical
ALT004424,SRV008,2026-09-30,50,INC01320,Critical
ALT004425,SRV010,2026-12-10,522,INC00058,High
ALT004426,SRV002,2026-02-04,197,INC00993,Low
ALT004427,SRV003,2025-10-23,16,INC01242,Critical
ALT004428,SRV010,2025-04-07,677,INC00620,Medium
ALT004429,SRV002,2026-02-11,1671,INC00647,Low
ALT004430,SRV008,2025-02-06,1150,INC01007,Low
ALT004431,SRV002,2025-12-19,1518,INC00827,Medium
ALT004432,SRV001,2026-01-31,2199,INC00988,Medium
ALT004433,SRV002,2025-01-12,2193,INC00121,Critical
ALT004434,SRV008,2025-09-07,1839,INC00333,Critical
ALT004435,SRV004,2025-02-07,215,INC01064,Critical
ALT004436,SRV008,2026-10-05,1079,INC00642,High
ALT004437,SRV003,2026-11-29,1853,INC00255,High
ALT004438,SRV007,2025-02-23,2155,INC00387,High
ALT004439,SRV009,2025-06-25,156,INC00039,High
ALT004440,SRV003,2026-04-06,1670,INC01238,Critical
ALT004441,SRV001,2025-08-01,1512,INC00682,High
ALT004442,SRV006,2025-02-24,1438,INC00627,High
ALT004443,SRV006,2026-09-07,746,INC00555,Critical
ALT004444,SRV006,2025-12-09,2248,INC00358,High
ALT004445,SRV008,2026-08-29,300,INC00608,Critical
ALT004446,SRV006,2025-12-10,679,INC00817,Medium
ALT004447,SRV009,2025-04-17,891,INC00178,High
ALT004448,SRV008,2026-01-11,1027,INC00559,Critical
ALT004449,SRV007,2025-10-18,1865,INC01352,Low
ALT004450,SRV008,2025-06-30,228,INC00126,Medium
ALT004451,SRV006,2025-01-17,882,INC00854,Medium
ALT004452,SRV008,2026-11-15,629,INC00365,Low
ALT004453,SRV007,2026-10-05,1569,INC00642,High
ALT004454,SRV010,2026-08-26,617,INC00884,Medium
ALT004455,SRV005,2026-06-03,2108,INC01103,Medium
ALT004456,SRV008,2026-08-13,428,INC00677,Low
ALT004457,SRV001,2025-10-03,271,INC00940,High
ALT004458,SRV001,2025-08-25,130,INC00583,Medium
ALT004459,SRV006,2026-11-24,932,INC00253,Critical
ALT004460,SRV008,2025-11-07,1512,INC01436,Medium
ALT004461,SRV006,2025-01-08,1177,INC00434,High
ALT004462,SRV004,2025-04-26,468,INC00250,Low
ALT004463,SRV005,2026-03-25,835,INC00090,Medium
ALT004464,SRV001,2026-07-16,1018,INC00662,Critical
ALT004465,SRV010,2025-10-27,1028,INC00653,Medium
ALT004466,SRV003,2025-01-19,2328,INC00451,Low
ALT004467,SRV004,2026-06-04,167,INC01483,Medium
ALT004468,SRV002,2026-10-07,1019,INC00635,High
ALT004469,SRV006,2025-08-07,1387,INC00355,Medium
ALT004470,SRV002,2026-08-28,586,INC01307,Critical
ALT004471,SRV008,2026-01-29,800,INC00322,Critical
ALT004472,SRV008,2026-03-29,1961,INC01487,High
ALT004473,SRV002,2025-07-06,1052,INC00316,Medium
ALT004474,SRV004,2025-12-03,2074,INC00548,Low
ALT004475,SRV006,2025-01-02,987,INC00108,Critical
ALT004476,SRV006,2026-10-19,49,INC00619,Low
ALT004477,SRV003,2026-06-02,438,INC00017,High
ALT004478,SRV005,2025-06-26,2291,INC01479,High
ALT004479,SRV010,2025-08-02,1403,INC00634,Low
ALT004480,SRV006,2026-07-19,1505,INC00429,Medium
ALT004481,SRV010,2025-08-14,119,INC01045,Critical
ALT004482,SRV008,2025-01-07,2055,INC00346,Medium
ALT004483,SRV004,2026-05-19,557,INC01243,Low
ALT004484,SRV002,2026-05-20,1669,INC00478,Critical
ALT004485,SRV002,2026-03-03,2328,INC00421,Medium
ALT004486,SRV008,2025-12-22,1923,INC01117,Critical
ALT004487,SRV001,2025-11-13,1131,INC00278,High
ALT004488,SRV006,2026-08-15,528,INC00313,Low
ALT004489,SRV005,2025-02-25,875,INC00052,Medium
ALT004490,SRV008,2026-12-13,2201,INC01420,Low
ALT004491,SRV006,2025-07-20,1119,INC00947,Medium
ALT004492,SRV001,2026-02-25,988,INC00569,Low
ALT004493,SRV001,2025-11-09,1668,INC00377,Low
ALT004494,SRV005,2026-04-08,560,INC00926,Medium
ALT004495,SRV004,2025-06-13,1540,INC00685,Low
ALT004496,SRV010,2026-06-03,1068,INC01119,High
ALT004497,SRV003,2026-04-14,1463,INC01000,High
ALT004498,SRV005,2025-01-02,755,INC00070,Low
ALT004499,SRV004,2025-02-09,1167,INC00251,Critical
ALT004500,SRV007,2026-06-28,661,INC01134,Low
ALT004501,SRV006,2026-06-11,2196,INC01423,Critical
ALT004502,SRV006,2025-09-17,321,INC01353,Low
ALT004503,SRV009,2026-10-25,1621,INC01168,Low
ALT004504,SRV007,2025-03-26,861,INC01489,High
ALT004505,SRV005,2025-12-28,2148,INC00659,Critical
ALT004506,SRV008,2025-04-27,1509,INC00183,Low
ALT004507,SRV001,2026-06-18,1229,INC00774,Medium
ALT004508,SRV002,2026-01-26,718,INC00191,Critical
ALT004509,SRV006,2026-11-30,891,INC00214,Low
ALT004510,SRV001,2025-07-20,2160,INC00083,Low
ALT004511,SRV010,2025-03-10,1163,INC00879,Low
ALT004512,SRV006,2025-05-16,1733,INC00673,Critical
ALT004513,SRV008,2026-12-23,752,INC01324,Low
ALT004514,SRV009,2025-09-05,270,INC00766,Low
ALT004515,SRV003,2025-04-08,418,INC00676,Critical
ALT004516,SRV001,2026-12-19,679,INC00466,High
ALT004517,SRV003,2025-07-28,1557,INC01392,High
ALT004518,SRV003,2025-11-17,358,INC00080,Medium
ALT004519,SRV009,2026-02-09,799,INC00749,Medium
ALT004520,SRV009,2025-07-08,472,INC01165,Medium
ALT004521,SRV008,2026-07-27,324,INC00046,High
ALT004522,SRV003,2025-09-05,841,INC00305,High
ALT004523,SRV010,2026-06-17,1536,INC00747,Critical
ALT004524,SRV010,2025-02-28,1772,INC00714,High
ALT004525,SRV007,2025-03-10,1476,INC01468,High
ALT004526,SRV006,2025-12-20,272,INC00052,High
ALT004527,SRV008,2026-03-26,1337,INC00747,High
ALT004528,SRV002,2026-01-19,784,INC01118,High
ALT004529,SRV001,2026-05-17,1093,INC00192,High
ALT004530,SRV007,2025-02-19,1211,INC01321,Critical
ALT004531,SRV004,2026-09-26,2351,INC01381,Medium
ALT004532,SRV008,2026-02-11,162,INC01454,Critical
ALT004533,SRV008,2026-11-27,416,INC01397,Low
ALT004534,SRV008,2026-07-31,1075,INC00570,Medium
ALT004535,SRV002,2026-10-01,447,INC00926,Low
ALT004536,SRV007,2025-09-04,1472,INC00856,Medium
ALT004537,SRV003,2025-03-03,1022,INC00719,Low
ALT004538,SRV003,2025-08-18,566,INC00712,Medium
ALT004539,SRV004,2026-10-28,306,INC00453,Low
ALT004540,SRV003,2025-02-16,1612,INC00416,Low
ALT004541,SRV003,2026-10-12,1886,INC00883,Medium
ALT004542,SRV007,2026-04-03,1379,INC00851,Low
ALT004543,SRV008,2026-05-28,80,INC00044,High
ALT004544,SRV007,2025-06-08,331,INC00415,High
ALT004545,SRV007,2025-08-02,1111,INC00381,Low
ALT004546,SRV002,2026-08-07,819,INC01285,Critical
ALT004547,SRV001,2026-02-16,2347,INC00044,High
ALT004548,SRV008,2025-04-09,419,INC01418,Low
ALT004549,SRV005,2026-01-19,536,INC00034,Low
ALT004550,SRV001,2026-03-12,1870,INC00120,Low
ALT004551,SRV001,2025-02-08,993,INC00989,Critical
ALT004552,SRV001,2025-06-22,1934,INC00142,High
ALT004553,SRV008,2025-02-24,527,INC00306,High
ALT004554,SRV004,2025-08-18,597,INC00423,Medium
ALT004555,SRV004,2026-11-02,1426,INC00536,High
ALT004556,SRV009,2025-05-05,44,INC00966,Critical
ALT004557,SRV007,2026-11-07,1785,INC00703,Low
ALT004558,SRV006,2025-08-31,520,INC00170,Critical
ALT004559,SRV004,2025-08-27,1447,INC01012,High
ALT004560,SRV002,2026-05-20,922,INC00539,Low
ALT004561,SRV004,2026-11-07,1871,INC00041,Low
ALT004562,SRV004,2025-05-03,234,INC01259,Critical
ALT004563,SRV001,2026-10-28,225,INC00369,Medium
ALT004564,SRV008,2026-08-16,740,INC00544,Low
ALT004565,SRV004,2025-07-02,342,INC00697,Medium
ALT004566,SRV008,2025-05-14,31,INC00227,Medium
ALT004567,SRV005,2025-02-15,587,INC01007,Medium
ALT004568,SRV009,2026-04-13,1148,INC01325,Low
ALT004569,SRV010,2026-10-21,1522,INC00654,Low
ALT004570,SRV003,2026-08-24,322,INC00541,Low
ALT004571,SRV003,2026-10-25,653,INC00479,High
ALT004572,SRV007,2025-01-27,1884,INC00768,Low
ALT004573,SRV004,2025-12-20,1283,INC01346,Medium
ALT004574,SRV004,2025-07-21,931,INC00571,Low
ALT004575,SRV010,2025-06-02,682,INC00091,Critical
ALT004576,SRV007,2025-09-15,256,INC01346,Critical
ALT004577,SRV010,2026-11-10,2030,INC01344,Medium
ALT004578,SRV002,2025-10-19,2320,INC00840,Critical
ALT004579,SRV005,2025-04-14,1750,INC00356,Low
ALT004580,SRV009,2025-11-06,74,INC00312,Critical
ALT004581,SRV007,2025-11-08,1720,INC01355,Critical
ALT004582,SRV002,2025-01-10,610,INC01379,Critical
ALT004583,SRV004,2026-07-14,975,INC00315,Low
ALT004584,SRV008,2025-09-08,2267,INC00577,Medium
ALT004585,SRV009,2026-01-29,731,INC00173,High
ALT004586,SRV008,2025-10-24,1877,INC00777,Low
ALT004587,SRV007,2026-10-04,213,INC00160,Critical
ALT004588,SRV002,2026-07-06,873,INC01423,Low
ALT004589,SRV002,2026-03-20,308,INC00920,High
ALT004590,SRV010,2026-12-29,1877,INC00501,High
ALT004591,SRV004,2026-06-12,544,INC00098,Medium
ALT004592,SRV005,2025-07-13,1378,INC00220,Low
ALT004593,SRV007,2026-12-28,1547,INC00809,Medium
ALT004594,SRV005,2025-08-08,1131,INC00724,Critical
ALT004595,SRV005,2025-08-28,1125,INC01438,Low
ALT004596,SRV002,2026-02-21,2269,INC01189,Critical
ALT004597,SRV005,2026-08-25,1902,INC00718,Medium
ALT004598,SRV004,2026-03-19,888,INC00730,High
ALT004599,SRV007,2025-04-15,1416,INC01455,Critical
ALT004600,SRV001,2026-12-16,1978,INC00569,Critical
ALT004601,SRV006,2026-01-24,25,INC01036,Low
ALT004602,SRV006,2026-06-29,462,INC00387,Critical
ALT004603,SRV004,2026-05-15,215,INC01276,Low
ALT004604,SRV003,2025-09-10,1183,INC00438,Critical
ALT004605,SRV007,2026-02-06,946,INC01456,Medium
ALT004606,SRV008,2025-04-06,2209,INC00940,Critical
ALT004607,SRV010,2026-09-14,156,INC00019,Low
ALT004608,SRV009,2025-11-16,1609,INC01186,Critical
ALT004609,SRV006,2025-08-26,1976,INC00279,Low
ALT004610,SRV009,2026-04-15,1311,INC00979,Low
ALT004611,SRV007,2025-06-29,319,INC01079,Medium
ALT004612,SRV010,2025-01-12,1674,INC00557,Medium
ALT004613,SRV005,2026-06-15,143,INC01447,Low
ALT004614,SRV005,2025-09-08,1228,INC00920,Low
ALT004615,SRV003,2025-02-19,408,INC01051,Medium
ALT004616,SRV004,2025-06-09,1815,INC00409,High
ALT004617,SRV005,2026-07-04,2200,INC00472,Medium
ALT004618,SRV002,2025-09-01,2001,INC00931,Medium
ALT004619,SRV007,2025-02-09,1214,INC01369,Low
ALT004620,SRV002,2025-07-13,2201,INC01318,High
ALT004621,SRV010,2025-07-29,2276,INC01319,Low
ALT004622,SRV003,2025-05-23,654,INC00554,Medium
ALT004623,SRV008,2026-12-20,1977,INC00672,Low
ALT004624,SRV005,2026-06-22,1874,INC00687,Medium
ALT004625,SRV003,2026-02-05,2316,INC00185,High
ALT004626,SRV003,2025-01-10,637,INC01312,Critical
ALT004627,SRV005,2025-07-23,1740,INC00251,Critical
ALT004628,SRV003,2025-02-16,2199,INC00500,Critical
ALT004629,SRV002,2025-11-30,2185,INC00226,Critical
ALT004630,SRV006,2026-01-29,865,INC01050,Medium
ALT004631,SRV001,2025-11-24,1034,INC01389,Medium
ALT004632,SRV009,2025-06-03,1632,INC00036,Critical
ALT004633,SRV010,2025-12-30,1742,INC01005,High
ALT004634,SRV003,2025-06-10,574,INC01293,High
ALT004635,SRV006,2025-09-29,1233,INC00976,High
ALT004636,SRV004,2025-12-21,511,INC00052,Critical
ALT004637,SRV005,2026-11-16,712,INC01240,High
ALT004638,SRV008,2026-11-18,725,INC00248,Critical
ALT004639,SRV004,2026-12-28,1938,INC00030,Low
ALT004640,SRV001,2025-12-09,766,INC01019,Critical
ALT004641,SRV008,2026-02-10,1717,INC01020,Low
ALT004642,SRV010,2026-06-03,1221,INC01077,Low
ALT004643,SRV008,2025-10-30,2078,INC00849,Low
ALT004644,SRV005,2026-04-22,585,INC00102,Low
ALT004645,SRV005,2025-12-28,1918,INC00167,Medium
ALT004646,SRV009,2026-07-07,509,INC01409,Low
ALT004647,SRV003,2026-08-17,2097,INC01083,Low
ALT004648,SRV010,2025-12-09,1138,INC00442,Low
ALT004649,SRV007,2025-11-28,365,INC00559,Critical
ALT004650,SRV008,2025-06-26,2087,INC00192,High
ALT004651,SRV003,2026-01-17,992,INC00110,Medium
ALT004652,SRV003,2025-04-03,1202,INC00794,Critical
ALT004653,SRV008,2026-12-26,94,INC00891,Low
ALT004654,SRV006,2026-01-25,1286,INC00254,High
ALT004655,SRV010,2026-08-05,712,INC01295,Medium
ALT004656,SRV010,2025-08-01,419,INC00541,Low
ALT004657,SRV007,2025-12-27,264,INC01280,Medium
ALT004658,SRV005,2026-08-26,793,INC01209,Critical
ALT004659,SRV001,2025-08-21,402,INC01103,Medium
ALT004660,SRV008,2025-01-18,118,INC01481,High
ALT004661,SRV002,2026-09-06,1677,INC01225,High
ALT004662,SRV007,2026-05-12,674,INC01494,High
ALT004663,SRV005,2026-05-12,863,INC01046,Critical
ALT004664,SRV010,2026-09-16,1132,INC00167,Critical
ALT004665,SRV003,2025-09-28,952,INC01143,Critical
ALT004666,SRV009,2026-08-24,260,INC01163,Low
ALT004667,SRV005,2026-04-04,1057,INC01041,Critical
ALT004668,SRV002,2025-08-29,353,INC01416,Critical
ALT004669,SRV010,2025-02-21,1813,INC00880,Critical
ALT004670,SRV006,2026-12-09,1658,INC01191,High
ALT004671,SRV007,2025-12-14,607,INC00783,Medium
ALT004672,SRV006,2025-11-19,1437,INC00891,High
ALT004673,SRV006,2025-08-07,1272,INC00925,Low
ALT004674,SRV005,2025-09-26,1160,INC00835,Low
ALT004675,SRV010,2025-04-22,2259,INC00179,Critical
ALT004676,SRV003,2026-09-15,250,INC01434,Low
ALT004677,SRV008,2026-04-03,1273,INC00679,High
ALT004678,SRV002,2026-08-01,1609,INC00673,Critical
ALT004679,SRV009,2025-04-04,2227,INC00559,Critical
ALT004680,SRV001,2025-11-18,902,INC00017,Medium
ALT004681,SRV010,2026-01-29,2248,INC00622,High
ALT004682,SRV004,2026-05-30,601,INC00507,Critical
ALT004683,SRV007,2026-08-04,1548,INC01117,High
ALT004684,SRV010,2026-11-29,2047,INC00023,Medium
ALT004685,SRV009,2026-09-02,432,INC01234,Low
ALT004686,SRV002,2025-10-04,1588,INC00834,Critical
ALT004687,SRV005,2025-03-14,2130,INC01345,Medium
ALT004688,SRV006,2025-10-08,1971,INC00175,High
ALT004689,SRV003,2026-06-27,17,INC00085,Low
ALT004690,SRV004,2026-09-11,1415,INC00828,Medium
ALT004691,SRV008,2026-08-10,409,INC01138,Critical
ALT004692,SRV004,2025-01-07,1014,INC01018,High
ALT004693,SRV009,2025-08-29,1529,INC00217,Critical
ALT004694,SRV001,2025-06-20,595,INC00465,Critical
ALT004695,SRV005,2025-04-17,1648,INC00371,Low
ALT004696,SRV005,2026-06-12,2229,INC01227,Medium
ALT004697,SRV008,2025-04-07,1910,INC00355,Low
ALT004698,SRV005,2025-07-17,1186,INC00952,Medium
ALT004699,SRV003,2026-09-23,147,INC00769,Low
ALT004700,SRV004,2026-01-04,1002,INC00359,High
ALT004701,SRV003,2026-12-02,2083,INC00555,Critical
ALT004702,SRV002,2026-06-11,2351,INC01144,Critical
ALT004703,SRV001,2025-04-30,831,INC01330,Critical
ALT004704,SRV005,2026-04-20,737,INC01157,Critical
ALT004705,SRV001,2026-02-12,1880,INC01271,Low
ALT004706,SRV010,2025-09-27,1867,INC00671,Critical
ALT004707,SRV009,2025-12-24,1569,INC00047,Critical
ALT004708,SRV009,2025-10-27,1729,INC01255,Medium
ALT004709,SRV009,2026-08-22,1579,INC01312,High
ALT004710,SRV008,2025-06-15,1882,INC00648,High
ALT004711,SRV002,2026-06-22,1986,INC00607,Critical
ALT004712,SRV010,2025-08-02,1714,INC01356,Critical
ALT004713,SRV003,2025-10-22,838,INC00277,High
ALT004714,SRV001,2025-08-11,1965,INC00828,Low
ALT004715,SRV005,2026-08-02,450,INC00753,High
ALT004716,SRV006,2026-02-03,1320,INC00980,Low
ALT004717,SRV006,2026-04-08,628,INC01263,High
ALT004718,SRV004,2025-12-13,678,INC00466,Critical
ALT004719,SRV010,2025-09-26,1793,INC00355,Low
ALT004720,SRV004,2025-08-20,2087,INC01248,Low
ALT004721,SRV004,2026-11-23,728,INC01207,Medium
ALT004722,SRV007,2026-06-25,391,INC01270,Critical
ALT004723,SRV001,2026-06-15,2135,INC01426,Low
ALT004724,SRV004,2025-05-04,1600,INC01154,Critical
ALT004725,SRV005,2025-08-16,1124,INC01371,Low
ALT004726,SRV010,2025-12-10,1313,INC01209,Critical
ALT004727,SRV003,2025-04-08,1919,INC00510,High
ALT004728,SRV005,2025-12-13,1792,INC01319,Medium
ALT004729,SRV008,2026-02-02,578,INC00208,Low
ALT004730,SRV008,2026-11-10,1438,INC00791,High
ALT004731,SRV007,2026-10-03,991,INC01413,Medium
ALT004732,SRV010,2026-06-08,2275,INC00975,Low
ALT004733,SRV005,2026-11-19,1596,INC01396,Low
ALT004734,SRV006,2025-11-27,1989,INC01492,High
ALT004735,SRV003,2026-04-13,754,INC00584,Medium
ALT004736,SRV004,2025-12-27,1528,INC01097,High
ALT004737,SRV005,2025-11-22,1898,INC01371,Critical
ALT004738,SRV004,2026-01-24,578,INC00339,Medium
ALT004739,SRV009,2025-12-28,1079,INC00605,Critical
ALT004740,SRV007,2025-07-01,1369,INC00210,High
ALT004741,SRV009,2025-01-22,1838,INC00295,Low
ALT004742,SRV001,2025-01-21,1128,INC01395,High
ALT004743,SRV008,2025-07-31,1929,INC01117,Low
ALT004744,SRV001,2026-08-18,1265,INC00907,Medium
ALT004745,SRV009,2025-09-12,1415,INC00569,Critical
ALT004746,SRV008,2025-08-15,425,INC00850,Low
ALT004747,SRV003,2025-02-27,669,INC00238,Low
ALT004748,SRV002,2026-05-07,1984,INC00596,Low
ALT004749,SRV009,2026-03-09,1791,INC01058,High
ALT004750,SRV008,2026-06-27,1912,INC01095,High
ALT004751,SRV005,2025-02-17,163,INC00993,Low
ALT004752,SRV009,2025-07-13,729,INC00476,Critical
ALT004753,SRV009,2026-04-25,1087,INC00770,Critical
ALT004754,SRV002,2026-07-03,2239,INC00034,Critical
ALT004755,SRV004,2025-01-23,2284,INC01174,High
ALT004756,SRV008,2025-06-11,2,INC00401,High
ALT004757,SRV010,2025-04-01,1923,INC01204,Medium
ALT004758,SRV001,2025-05-10,1260,INC01044,Medium
ALT004759,SRV009,2026-12-18,1388,INC01456,High
ALT004760,SRV005,2026-05-28,203,INC00518,Low
ALT004761,SRV008,2026-12-24,56,INC00391,High
ALT004762,SRV003,2025-07-25,1232,INC00619,Low
ALT004763,SRV002,2026-12-19,125,INC00810,Critical
ALT004764,SRV006,2026-01-15,999,INC01475,Low
ALT004765,SRV001,2026-05-01,863,INC01332,Critical
ALT004766,SRV003,2026-10-22,564,INC00074,Low
ALT004767,SRV005,2025-05-14,1337,INC00532,Medium
ALT004768,SRV008,2025-02-26,918,INC01327,High
ALT004769,SRV009,2026-05-07,1604,INC01134,Medium
ALT004770,SRV005,2026-05-05,102,INC00098,Low
ALT004771,SRV003,2026-01-24,803,INC00382,Medium
ALT004772,SRV008,2025-02-16,1508,INC01439,Medium
ALT004773,SRV003,2025-01-18,1053,INC00833,Low
ALT004774,SRV006,2025-12-07,1726,INC01421,Medium
ALT004775,SRV008,2025-03-15,343,INC00801,Medium
ALT004776,SRV006,2025-08-29,707,INC01194,Critical
ALT004777,SRV009,2026-01-14,15,INC01425,Medium
ALT004778,SRV001,2025-08-27,543,INC00571,Medium
ALT004779,SRV004,2026-12-24,478,INC00217,Critical
ALT004780,SRV005,2025-09-04,678,INC00797,Low
ALT004781,SRV005,2025-05-27,1997,INC01066,Medium
ALT004782,SRV006,2025-10-01,716,INC00722,Low
ALT004783,SRV009,2025-08-04,716,INC00919,Low
ALT004784,SRV009,2026-10-24,2061,INC00418,High
ALT004785,SRV008,2026-09-07,536,INC00388,Critical
ALT004786,SRV005,2025-06-18,1739,INC00521,Medium
ALT004787,SRV009,2025-05-28,1355,INC00536,Low
ALT004788,SRV008,2026-01-05,30,INC01121,High
ALT004789,SRV003,2025-03-18,91,INC00446,Critical
ALT004790,SRV006,2025-05-03,2174,INC01015,Medium
ALT004791,SRV010,2026-10-29,2155,INC00744,Low
ALT004792,SRV009,2026-09-24,172,INC01435,Medium
ALT004793,SRV003,2025-04-30,1618,INC00276,Medium
ALT004794,SRV001,2026-06-26,63,INC00304,High
ALT004795,SRV008,2025-12-15,292,INC01362,Low
ALT004796,SRV010,2025-06-30,2019,INC00870,Low
ALT004797,SRV001,2025-03-02,822,INC00907,Critical
ALT004798,SRV006,2025-02-17,256,INC00191,Medium
ALT004799,SRV006,2026-12-30,1752,INC00629,Low
ALT004800,SRV005,2026-08-05,1237,INC00067,Low
ALT004801,SRV006,2026-12-10,537,INC00284,Critical
ALT004802,SRV002,2026-02-22,611,INC00655,High
ALT004803,SRV002,2026-10-18,1406,INC00005,Medium
ALT004804,SRV001,2026-07-12,2151,INC00382,High
ALT004805,SRV001,2025-08-30,641,INC00221,Critical
ALT004806,SRV008,2025-08-10,2285,INC00579,Critical
ALT004807,SRV002,2025-08-20,2258,INC00710,Low
ALT004808,SRV008,2025-12-15,1927,INC00743,Low
ALT004809,SRV009,2026-05-18,1566,INC01421,High
ALT004810,SRV008,2025-03-03,903,INC01322,Critical
ALT004811,SRV003,2025-03-01,1465,INC00705,Low
ALT004812,SRV010,2025-09-20,1944,INC01151,Critical
ALT004813,SRV008,2026-01-14,2047,INC00127,High
ALT004814,SRV006,2026-11-28,23,INC00058,High
ALT004815,SRV003,2025-09-09,382,INC00199,Low
ALT004816,SRV009,2025-05-17,431,INC01246,Medium
ALT004817,SRV009,2026-03-27,2097,INC00799,Low
ALT004818,SRV009,2026-09-22,879,INC00981,Low
ALT004819,SRV005,2026-08-20,1334,INC00088,Medium
ALT004820,SRV010,2026-12-17,595,INC00880,High
ALT004821,SRV002,2025-11-03,846,INC00688,High
ALT004822,SRV007,2025-12-16,1131,INC01011,Medium
ALT004823,SRV005,2026-07-09,2220,INC01360,Critical
ALT004824,SRV002,2026-06-21,2230,INC01410,High
ALT004825,SRV008,2025-05-25,1555,INC01345,Critical
ALT004826,SRV007,2026-11-19,1681,INC00901,Medium
ALT004827,SRV009,2026-09-19,688,INC00583,Medium
ALT004828,SRV007,2026-07-12,1404,INC00076,Critical
ALT004829,SRV005,2026-04-04,991,INC01274,High
ALT004830,SRV008,2026-10-26,214,INC01108,Critical
ALT004831,SRV008,2026-12-16,952,INC00359,Medium
ALT004832,SRV006,2026-06-09,904,INC00576,Low
ALT004833,SRV007,2026-06-24,265,INC00480,Low
ALT004834,SRV003,2026-08-24,214,INC00301,High
ALT004835,SRV004,2026-12-10,1609,INC01099,High
ALT004836,SRV001,2025-06-24,1709,INC01414,High
ALT004837,SRV005,2026-09-20,1048,INC01439,High
ALT004838,SRV006,2026-04-08,904,INC01406,Critical
ALT004839,SRV007,2025-06-18,1540,INC00435,Low
ALT004840,SRV010,2025-09-20,501,INC00449,Medium
ALT004841,SRV006,2025-05-06,2161,INC01483,Medium
ALT004842,SRV009,2026-09-16,1053,INC01037,Low
ALT004843,SRV005,2025-06-24,1170,INC01141,Critical
ALT004844,SRV002,2025-10-08,2114,INC00481,High
ALT004845,SRV008,2025-07-30,614,INC01234,Low
ALT004846,SRV001,2025-10-23,1601,INC01260,Low
ALT004847,SRV004,2026-11-21,1354,INC01310,Low
ALT004848,SRV005,2026-06-23,2094,INC00751,Low
ALT004849,SRV002,2026-03-30,1611,INC00244,Critical
ALT004850,SRV005,2026-03-02,1940,INC00101,Low
ALT004851,SRV009,2026-08-22,244,INC01229,Low
ALT004852,SRV002,2026-12-18,2198,INC00003,Critical
ALT004853,SRV007,2026-12-25,2003,INC00005,Medium
ALT004854,SRV006,2025-07-30,2338,INC00948,Low
ALT004855,SRV010,2025-11-09,380,INC00938,Critical
ALT004856,SRV003,2026-09-20,1621,INC01389,High
ALT004857,SRV002,2025-12-22,1707,INC00684,High
ALT004858,SRV005,2025-11-04,214,INC00509,Critical
ALT004859,SRV010,2025-07-09,2088,INC00417,Medium
ALT004860,SRV006,2026-01-31,1837,INC01348,Medium
ALT004861,SRV002,2026-01-07,1350,INC00225,Medium
ALT004862,SRV005,2026-07-28,1168,INC01094,Low
ALT004863,SRV009,2026-01-29,2262,INC01353,Medium
ALT004864,SRV002,2026-09-09,1697,INC01214,Low
ALT004865,SRV005,2026-10-05,586,INC01276,High
ALT004866,SRV002,2026-07-20,424,INC00379,Low
ALT004867,SRV007,2026-01-16,236,INC00926,Low
ALT004868,SRV006,2025-09-10,1061,INC00169,Critical
ALT004869,SRV004,2025-01-22,1429,INC01034,High
ALT004870,SRV010,2025-04-12,946,INC00696,Medium
ALT004871,SRV003,2025-02-12,263,INC01345,High
ALT004872,SRV002,2026-05-13,255,INC00162,High
ALT004873,SRV005,2025-04-19,482,INC01243,High
ALT004874,SRV003,2025-01-28,212,INC00989,High
ALT004875,SRV005,2025-04-15,734,INC01311,Medium
ALT004876,SRV001,2026-06-11,393,INC00639,Medium
ALT004877,SRV002,2025-04-05,2012,INC01037,Low
ALT004878,SRV003,2025-07-23,1410,INC01321,Medium
ALT004879,SRV002,2026-07-24,2086,INC00496,Medium
ALT004880,SRV009,2025-04-24,1595,INC00998,High
ALT004881,SRV008,2026-03-03,708,INC00516,Critical
ALT004882,SRV008,2026-09-27,1325,INC00416,Critical
ALT004883,SRV009,2026-02-16,1086,INC01235,Critical
ALT004884,SRV003,2025-04-18,1901,INC01324,Medium
ALT004885,SRV003,2025-11-04,79,INC01389,Medium
ALT004886,SRV005,2025-12-16,670,INC00812,High
ALT004887,SRV002,2025-08-13,832,INC01376,Low
ALT004888,SRV010,2025-11-29,635,INC01095,Low
ALT004889,SRV005,2025-02-22,364,INC01279,High
ALT004890,SRV008,2026-03-24,560,INC00091,Low
ALT004891,SRV008,2025-03-16,164,INC00626,Critical
ALT004892,SRV001,2025-04-08,1376,INC00769,Low
ALT004893,SRV001,2026-01-21,1933,INC00688,Medium
ALT004894,SRV003,2026-02-10,1878,INC00271,Medium
ALT004895,SRV007,2025-03-20,1245,INC00099,Low
ALT004896,SRV010,2026-02-15,1159,INC00106,High
ALT004897,SRV008,2025-08-08,487,INC00178,High
ALT004898,SRV003,2025-10-25,454,INC01443,Critical
ALT004899,SRV005,2025-03-18,2177,INC00122,Critical
ALT004900,SRV009,2025-03-30,728,INC00905,Medium
ALT004901,SRV009,2025-10-24,638,INC00701,Critical
ALT004902,SRV007,2025-12-10,458,INC00535,Low
ALT004903,SRV005,2025-05-12,1173,INC00486,Medium
ALT004904,SRV007,2025-04-26,383,INC01410,High
ALT004905,SRV004,2025-12-26,1019,INC01261,High
ALT004906,SRV007,2025-09-02,596,INC01376,Low
ALT004907,SRV006,2026-08-31,1581,INC01361,Critical
ALT004908,SRV008,2026-09-03,1521,INC00749,Low
ALT004909,SRV010,2025-01-10,1800,INC00070,Medium
ALT004910,SRV007,2025-11-07,1227,INC00129,High
ALT004911,SRV009,2025-06-17,238,INC00305,High
ALT004912,SRV008,2025-02-23,1873,INC00251,High
ALT004913,SRV007,2025-06-08,2209,INC00822,Critical
ALT004914,SRV001,2025-03-20,215,INC00823,Medium
ALT004915,SRV007,2026-02-02,1035,INC00708,Low
ALT004916,SRV005,2026-06-08,1373,INC01190,High
ALT004917,SRV001,2026-01-25,2189,INC00044,Medium
ALT004918,SRV003,2025-04-23,749,INC00072,Low
ALT004919,SRV006,2026-03-28,268,INC00755,Critical
ALT004920,SRV003,2025-12-23,1978,INC00088,High
ALT004921,SRV001,2026-07-09,1978,INC01210,Critical
ALT004922,SRV007,2026-09-09,682,INC00295,High
ALT004923,SRV004,2025-12-24,1523,INC00600,High
ALT004924,SRV010,2025-01-23,142,INC00044,High
ALT004925,SRV007,2026-04-19,669,INC01097,Critical
ALT004926,SRV001,2026-03-29,1440,INC00006,Medium
ALT004927,SRV007,2025-03-19,2213,INC01465,Low
ALT004928,SRV002,2025-09-29,1016,INC00741,Medium
ALT004929,SRV009,2026-02-17,701,INC00589,Critical
ALT004930,SRV002,2026-12-26,548,INC00440,Medium
ALT004931,SRV009,2025-04-28,2275,INC00654,Medium
ALT004932,SRV004,2025-11-13,2291,INC00953,Low
ALT004933,SRV006,2026-02-21,1175,INC00306,High
ALT004934,SRV008,2026-12-02,545,INC00709,High
ALT004935,SRV008,2026-08-27,82,INC01299,Low
ALT004936,SRV005,2025-05-01,2022,INC01302,Low
ALT004937,SRV004,2025-12-16,987,INC01182,Critical
ALT004938,SRV007,2025-10-30,155,INC01370,Low
ALT004939,SRV001,2026-08-25,1787,INC00933,High
ALT004940,SRV005,2025-01-18,322,INC00966,Critical
ALT004941,SRV008,2026-01-10,859,INC01328,High
ALT004942,SRV002,2025-05-20,1223,INC00921,Medium
ALT004943,SRV001,2026-05-13,1710,INC00641,High
ALT004944,SRV008,2026-12-30,966,INC00880,Critical
ALT004945,SRV010,2025-01-14,1888,INC01256,High
ALT004946,SRV010,2025-12-21,988,INC01140,Low
ALT004947,SRV003,2026-09-02,315,INC00850,Critical
ALT004948,SRV003,2025-02-05,1840,INC00591,Low
ALT004949,SRV006,2025-11-26,114,INC00100,Medium
ALT004950,SRV009,2026-05-19,776,INC00220,Low
ALT004951,SRV003,2025-05-20,1351,INC00999,Critical
ALT004952,SRV001,2025-07-07,448,INC01280,Critical
ALT004953,SRV007,2026-04-18,2219,INC01473,High
ALT004954,SRV006,2026-04-09,1243,INC00911,Critical
ALT004955,SRV009,2025-03-27,173,INC00557,Critical
ALT004956,SRV004,2026-10-04,805,INC01168,Medium
ALT004957,SRV010,2025-10-20,597,INC01466,Medium
ALT004958,SRV009,2025-08-29,935,INC01372,Medium
ALT004959,SRV010,2025-06-19,1504,INC01410,Low
ALT004960,SRV002,2026-10-29,888,INC00557,Medium
ALT004961,SRV002,2026-05-27,1890,INC01497,Low
ALT004962,SRV007,2026-04-04,1017,INC00582,High
ALT004963,SRV009,2025-03-07,307,INC00989,Low
ALT004964,SRV008,2025-08-26,2266,INC00251,High
ALT004965,SRV009,2026-07-23,447,INC00109,Critical
ALT004966,SRV006,2026-11-03,172,INC00970,Low
ALT004967,SRV006,2026-04-05,955,INC01136,Low
ALT004968,SRV010,2026-08-08,2326,INC00791,Critical
ALT004969,SRV001,2025-12-23,136,INC00025,Low
ALT004970,SRV002,2026-04-06,1339,INC00270,Low
ALT004971,SRV007,2025-07-02,1902,INC01373,High
ALT004972,SRV005,2026-03-01,1889,INC00890,Low
ALT004973,SRV002,2025-03-21,1798,INC00475,Critical
ALT004974,SRV007,2025-10-02,983,INC00664,Medium
ALT004975,SRV009,2026-03-19,453,INC01154,Critical
ALT004976,SRV007,2025-08-26,1550,INC00085,High
ALT004977,SRV003,2025-05-28,1890,INC01248,Critical
ALT004978,SRV006,2025-10-26,1014,INC01264,Medium
ALT004979,SRV002,2026-04-02,1403,INC00098,Low
ALT004980,SRV001,2025-03-05,1333,INC00257,Low
ALT004981,SRV008,2026-05-06,927,INC00752,Low
ALT004982,SRV005,2026-03-10,1930,INC00306,Medium
ALT004983,SRV003,2026-05-05,737,INC00341,Medium
ALT004984,SRV001,2025-07-01,2157,INC01246,Low
ALT004985,SRV001,2026-08-12,353,INC01048,Medium
ALT004986,SRV007,2026-08-23,1766,INC00670,Low
ALT004987,SRV001,2025-11-18,1361,INC00453,Low
ALT004988,SRV010,2025-03-18,1661,INC01448,Medium
ALT004989,SRV001,2026-03-22,15,INC00800,Medium
ALT004990,SRV002,2026-08-28,1845,INC00302,Critical
ALT004991,SRV007,2026-12-05,705,INC00986,Critical
ALT004992,SRV007,2026-03-09,1651,INC00190,Low
ALT004993,SRV007,2026-01-22,1112,INC00482,High
ALT004994,SRV002,2026-05-02,588,INC00704,Low
ALT004995,SRV005,2026-04-25,840,INC01434,Medium
ALT004996,SRV010,2026-12-02,2092,INC01107,High
ALT004997,SRV001,2026-04-04,950,INC01061,Medium
ALT004998,SRV001,2026-02-22,2214,INC00760,Medium
ALT004999,SRV003,2025-06-29,1090,INC01149,Critical
ALT005000,SRV001,2026-08-17,2001,INC01135,Critical
ALT005001,SRV007,2025-02-08,1882,INC00375,High
ALT005002,SRV002,2026-02-23,359,INC00895,Medium
ALT005003,SRV010,2025-05-09,346,INC01423,Critical
ALT005004,SRV009,2025-08-19,50,INC00659,High
ALT005005,SRV004,2026-12-24,1333,INC01320,Low
ALT005006,SRV008,2026-07-21,1629,INC00665,Low
ALT005007,SRV008,2025-11-20,2214,INC00049,High
ALT005008,SRV003,2026-02-02,1546,INC00594,Medium
ALT005009,SRV003,2026-12-17,894,INC00716,Low
ALT005010,SRV009,2026-05-10,1868,INC01412,High
ALT005011,SRV001,2026-03-20,1614,INC01413,Low
ALT005012,SRV002,2025-07-01,2040,INC00666,Medium
ALT005013,SRV006,2026-06-12,1314,INC01129,Low
ALT005014,SRV002,2026-12-19,1544,INC01062,High
ALT005015,SRV008,2026-02-22,156,INC00729,Low
ALT005016,SRV010,2026-02-16,1720,INC00536,Critical
ALT005017,SRV004,2026-07-06,666,INC00246,Critical
ALT005018,SRV003,2026-03-12,1016,INC01286,Medium
ALT005019,SRV008,2025-09-25,772,INC00116,Critical
ALT005020,SRV006,2026-04-16,751,INC00920,High
ALT005021,SRV005,2025-10-28,1698,INC01483,Critical
ALT005022,SRV008,2026-03-29,1777,INC00770,Critical
ALT005023,SRV002,2026-07-01,2349,INC00009,Medium
ALT005024,SRV008,2026-04-17,1849,INC01235,High
ALT005025,SRV009,2026-02-17,2273,INC00031,Low
ALT005026,SRV007,2026-03-10,1219,INC00769,Low
ALT005027,SRV009,2025-10-23,668,INC01078,Critical
ALT005028,SRV008,2025-05-14,1856,INC01497,Critical
ALT005029,SRV003,2026-04-18,183,INC00779,Low
ALT005030,SRV005,2026-08-26,61,INC00547,Medium
ALT005031,SRV010,2026-01-30,339,INC00259,High
ALT005032,SRV001,2025-03-05,2202,INC00101,Medium
ALT005033,SRV009,2025-05-06,914,INC00252,Critical
ALT005034,SRV009,2026-11-25,1750,INC00990,High
ALT005035,SRV005,2025-08-16,1692,INC00227,High
ALT005036,SRV002,2026-01-29,1918,INC00963,Critical
ALT005037,SRV004,2025-08-12,1224,INC00627,Critical
ALT005038,SRV003,2026-09-12,409,INC01182,Low
ALT005039,SRV006,2025-06-24,72,INC00759,High
ALT005040,SRV009,2025-06-15,423,INC00529,Critical
ALT005041,SRV009,2026-08-22,956,INC00951,Low
ALT005042,SRV005,2026-04-14,423,INC01464,Low
ALT005043,SRV010,2026-10-17,2070,INC00747,Low
ALT005044,SRV004,2026-02-06,1639,INC01252,Medium
ALT005045,SRV003,2025-12-16,123,INC00644,Medium
ALT005046,SRV006,2025-08-18,2167,INC01291,Medium
ALT005047,SRV007,2026-11-06,937,INC01439,Critical
ALT005048,SRV007,2026-10-13,1590,INC01346,Low
ALT005049,SRV005,2026-10-06,667,INC01342,Low
ALT005050,SRV005,2026-09-09,1644,INC00232,Medium
ALT005051,SRV007,2025-12-09,526,INC00668,High
ALT005052,SRV008,2026-12-16,1887,INC01463,Medium
ALT005053,SRV010,2025-06-02,810,INC00371,Medium
ALT005054,SRV003,2025-12-03,191,INC00104,High
ALT005055,SRV001,2025-12-05,1834,INC00372,Medium
ALT005056,SRV005,2025-06-27,1197,INC00584,Medium
ALT005057,SRV004,2025-12-06,744,INC01127,Medium
ALT005058,SRV001,2025-09-15,190,INC00707,Critical
ALT005059,SRV004,2025-07-26,802,INC00928,Critical
ALT005060,SRV007,2025-01-03,769,INC00193,Medium
ALT005061,SRV005,2025-10-01,132,INC00607,High
ALT005062,SRV009,2025-06-08,2099,INC00112,High
ALT005063,SRV001,2026-10-10,210,INC00055,Critical
ALT005064,SRV001,2025-12-23,446,INC01116,Critical
ALT005065,SRV004,2025-08-29,1715,INC01463,Critical
ALT005066,SRV001,2026-06-16,1710,INC00707,Critical
ALT005067,SRV001,2025-06-15,1003,INC01247,Critical
ALT005068,SRV002,2025-07-29,115,INC01324,High
ALT005069,SRV002,2025-05-02,2345,INC01398,High
ALT005070,SRV007,2026-05-07,2272,INC01349,Medium
ALT005071,SRV001,2026-06-13,838,INC01058,Critical
ALT005072,SRV004,2026-01-20,1116,INC00699,Critical
ALT005073,SRV004,2025-10-06,1590,INC01434,High
ALT005074,SRV003,2025-12-27,363,INC00692,Medium
ALT005075,SRV007,2025-06-17,1299,INC00047,Medium
ALT005076,SRV004,2026-12-25,992,INC00221,Medium
ALT005077,SRV005,2025-07-20,2045,INC00197,High
ALT005078,SRV010,2025-09-28,171,INC01342,High
ALT005079,SRV007,2026-02-28,663,INC00257,Medium
ALT005080,SRV004,2026-03-11,1743,INC00702,Critical
ALT005081,SRV002,2026-10-15,2070,INC00570,Medium
ALT005082,SRV004,2026-07-30,644,INC01274,Low
ALT005083,SRV006,2026-12-22,834,INC00333,Low
ALT005084,SRV009,2025-12-28,1586,INC01314,Critical
ALT005085,SRV003,2026-11-19,1444,INC00971,High
ALT005086,SRV010,2026-01-08,1254,INC00208,Critical
ALT005087,SRV005,2025-03-24,276,INC00742,Medium
ALT005088,SRV001,2025-01-04,3,INC00936,Medium
ALT005089,SRV001,2025-04-28,605,INC00146,Critical
ALT005090,SRV003,2025-10-02,1694,INC00210,Critical
ALT005091,SRV009,2026-08-29,229,INC00818,High
ALT005092,SRV006,2026-02-22,2324,INC00253,Low
ALT005093,SRV003,2026-10-28,1759,INC01486,High
ALT005094,SRV005,2026-02-25,2163,INC00239,High
ALT005095,SRV002,2026-11-28,1496,INC01436,Medium
ALT005096,SRV001,2025-03-12,1998,INC01228,Low
ALT005097,SRV005,2025-01-20,2211,INC00351,Low
ALT005098,SRV005,2026-04-15,419,INC00299,Medium
ALT005099,SRV009,2026-02-21,891,INC01210,Critical
ALT005100,SRV008,2025-03-12,1406,INC01047,High
ALT005101,SRV005,2025-06-21,887,INC00940,Low
ALT005102,SRV007,2025-07-29,471,INC01272,High
ALT005103,SRV005,2026-02-12,154,INC00128,Medium
ALT005104,SRV005,2026-10-23,1490,INC01271,Medium
ALT005105,SRV008,2025-08-04,1681,INC01438,Critical
ALT005106,SRV002,2025-06-17,1860,INC00809,High
ALT005107,SRV001,2025-06-19,1109,INC00618,Low
ALT005108,SRV010,2025-11-25,1834,INC00607,Medium
ALT005109,SRV007,2026-10-11,2115,INC01395,High
ALT005110,SRV004,2025-01-09,833,INC01369,High
ALT005111,SRV002,2026-05-05,534,INC00527,Low
ALT005112,SRV001,2025-12-21,2268,INC00521,High
ALT005113,SRV001,2025-04-13,2010,INC01373,Low
ALT005114,SRV001,2026-07-04,907,INC00421,Critical
ALT005115,SRV003,2026-04-07,149,INC00976,Low
ALT005116,SRV010,2025-06-18,1813,INC00449,Medium
ALT005117,SRV004,2025-04-11,322,INC00669,Low
ALT005118,SRV010,2025-08-18,1410,INC00983,High
ALT005119,SRV002,2025-02-22,762,INC01477,Critical
ALT005120,SRV005,2026-09-08,105,INC00793,High
ALT005121,SRV004,2025-06-02,1543,INC01258,High
ALT005122,SRV007,2025-06-27,49,INC00903,Low
ALT005123,SRV005,2026-03-13,1043,INC01480,Low
ALT005124,SRV005,2026-01-27,455,INC00967,Low
ALT005125,SRV003,2025-04-26,680,INC01023,Low
ALT005126,SRV007,2025-09-06,1839,INC01121,Medium
ALT005127,SRV008,2025-04-01,437,INC01366,High
ALT005128,SRV008,2025-10-24,984,INC00079,High
ALT005129,SRV006,2026-09-16,1071,INC00872,High
ALT005130,SRV009,2025-09-14,691,INC00526,High
ALT005131,SRV007,2025-04-06,795,INC00236,Critical
ALT005132,SRV003,2026-03-11,1852,INC01374,Medium
ALT005133,SRV005,2026-02-21,1741,INC01258,Low
ALT005134,SRV007,2026-12-04,51,INC00495,Medium
ALT005135,SRV008,2025-01-08,2278,INC01479,Critical
ALT005136,SRV002,2025-06-23,53,INC01323,Low
ALT005137,SRV010,2026-07-18,1425,INC01425,High
ALT005138,SRV003,2026-06-28,1449,INC00999,Medium
ALT005139,SRV010,2026-04-12,1195,INC00659,Medium
ALT005140,SRV001,2026-08-30,183,INC00299,Medium
ALT005141,SRV003,2025-11-17,243,INC00897,Low
ALT005142,SRV006,2026-04-03,1445,INC00540,Critical
ALT005143,SRV008,2026-09-12,1194,INC00528,Medium
ALT005144,SRV005,2026-08-09,437,INC00905,Medium
ALT005145,SRV007,2025-02-13,1436,INC00242,Low
ALT005146,SRV004,2026-03-12,208,INC00939,Critical
ALT005147,SRV005,2025-04-29,1006,INC00313,Critical
ALT005148,SRV009,2026-02-01,1476,INC00716,Medium
ALT005149,SRV003,2025-02-28,1393,INC00487,High
ALT005150,SRV003,2025-09-24,924,INC00877,Medium
ALT005151,SRV010,2025-09-11,2238,INC00614,Critical
ALT005152,SRV008,2026-12-21,1943,INC00756,Critical
ALT005153,SRV001,2025-12-31,433,INC00988,High
ALT005154,SRV010,2025-10-19,1712,INC00862,Medium
ALT005155,SRV010,2025-06-23,1489,INC00120,Low
ALT005156,SRV004,2026-03-18,1416,INC00607,Critical
ALT005157,SRV005,2025-08-10,289,INC01015,Critical
ALT005158,SRV008,2025-09-19,1926,INC00480,High
ALT005159,SRV002,2025-11-06,1670,INC00951,High
ALT005160,SRV006,2025-06-06,1563,INC01193,Medium
ALT005161,SRV003,2025-08-28,1162,INC00307,Low
ALT005162,SRV005,2026-07-25,1676,INC01025,Critical
ALT005163,SRV002,2025-10-05,127,INC01455,High
ALT005164,SRV007,2026-02-16,733,INC01408,Low
ALT005165,SRV005,2025-07-16,1489,INC00733,Low
ALT005166,SRV004,2025-11-14,1619,INC01352,Critical
ALT005167,SRV006,2026-03-07,992,INC01333,Medium
ALT005168,SRV003,2026-01-27,2346,INC00256,Medium
ALT005169,SRV006,2026-11-09,13,INC00485,Low
ALT005170,SRV010,2025-08-29,1355,INC01311,Critical
ALT005171,SRV002,2026-08-14,1068,INC00074,Medium
ALT005172,SRV001,2026-12-09,811,INC00048,Critical
ALT005173,SRV003,2025-02-01,1058,INC00341,High
ALT005174,SRV003,2025-06-22,476,INC01181,High
ALT005175,SRV003,2026-03-06,395,INC00134,Low
ALT005176,SRV001,2025-03-10,1327,INC00730,High
ALT005177,SRV007,2025-06-30,1520,INC01138,Critical
ALT005178,SRV008,2025-05-04,1641,INC00377,Medium
ALT005179,SRV004,2026-02-13,633,INC00665,Critical
ALT005180,SRV006,2025-03-13,825,INC01160,Low
ALT005181,SRV007,2026-08-17,934,INC00171,Critical
ALT005182,SRV001,2025-08-28,727,INC00619,Medium
ALT005183,SRV004,2025-03-16,900,INC00320,High
ALT005184,SRV002,2026-07-23,2169,INC00188,Critical
ALT005185,SRV008,2026-06-17,719,INC00465,Critical
ALT005186,SRV008,2025-01-11,2116,INC00878,Low
ALT005187,SRV010,2026-11-01,1406,INC00294,Critical
ALT005188,SRV003,2026-05-07,1822,INC00685,Medium
ALT005189,SRV007,2026-03-04,1524,INC00998,Low
ALT005190,SRV006,2025-05-17,89,INC00729,Low
ALT005191,SRV004,2026-06-20,561,INC01379,Low
ALT005192,SRV001,2026-01-08,682,INC01395,Medium
ALT005193,SRV003,2025-11-22,1857,INC00710,Low
ALT005194,SRV002,2025-04-14,1796,INC00124,High
ALT005195,SRV001,2026-06-08,646,INC00769,Low
ALT005196,SRV006,2026-07-04,336,INC00230,Medium
ALT005197,SRV007,2025-10-27,2236,INC00781,Low
ALT005198,SRV003,2026-06-30,1794,INC01426,Critical
ALT005199,SRV006,2026-07-21,735,INC00349,High
ALT005200,SRV005,2026-02-28,2310,INC00426,Critical
ALT005201,SRV001,2026-08-23,673,INC00289,Critical
ALT005202,SRV006,2026-06-08,1502,INC01071,Critical
ALT005203,SRV009,2026-04-01,1076,INC00067,Low
ALT005204,SRV010,2026-11-21,1648,INC00139,Medium
ALT005205,SRV006,2025-05-15,392,INC00776,Low
ALT005206,SRV001,2025-03-20,1676,INC00728,Critical
ALT005207,SRV004,2026-12-29,744,INC00727,Medium
ALT005208,SRV001,2025-04-30,862,INC00550,Critical
ALT005209,SRV002,2026-05-07,277,INC01453,Medium
ALT005210,SRV006,2025-01-01,1003,INC00219,High
ALT005211,SRV006,2025-12-15,316,INC00407,Critical
ALT005212,SRV003,2025-12-23,957,INC01091,Critical
ALT005213,SRV002,2026-01-18,196,INC00965,Critical
ALT005214,SRV008,2025-04-03,258,INC01018,Medium
ALT005215,SRV006,2026-03-01,766,INC00129,Critical
ALT005216,SRV003,2025-02-06,1245,INC00451,Critical
ALT005217,SRV006,2026-11-07,2219,INC00942,Medium
ALT005218,SRV002,2025-09-22,2164,INC00317,Critical
ALT005219,SRV004,2025-02-16,292,INC00741,Medium
ALT005220,SRV009,2025-03-08,858,INC01294,Critical
ALT005221,SRV003,2026-01-20,1134,INC00854,Critical
ALT005222,SRV009,2026-03-31,530,INC00985,High
ALT005223,SRV002,2026-11-20,2230,INC01030,Medium
ALT005224,SRV004,2026-03-08,1128,INC01180,Medium
ALT005225,SRV008,2025-10-19,2233,INC00920,Low
ALT005226,SRV001,2025-12-01,936,INC00983,High
ALT005227,SRV007,2026-08-24,808,INC00356,Critical
ALT005228,SRV007,2026-12-28,1760,INC00084,Critical
ALT005229,SRV004,2026-05-20,2051,INC01474,Critical
ALT005230,SRV008,2025-02-05,786,INC01462,Critical
ALT005231,SRV004,2025-11-19,2088,INC01333,Medium
ALT005232,SRV006,2026-06-15,1833,INC00588,Low
ALT005233,SRV003,2026-10-20,2028,INC00118,Critical
ALT005234,SRV005,2025-08-25,2259,INC00547,High
ALT005235,SRV009,2025-09-05,2345,INC01234,Medium
ALT005236,SRV002,2025-06-17,979,INC00025,Medium
ALT005237,SRV006,2026-10-12,724,INC01189,High
ALT005238,SRV008,2025-07-09,691,INC00619,Medium
ALT005239,SRV005,2026-03-03,630,INC00672,Critical
ALT005240,SRV009,2026-03-10,399,INC00966,Critical
ALT005241,SRV002,2025-05-23,816,INC00663,Critical
ALT005242,SRV010,2025-07-30,1794,INC00417,Medium
ALT005243,SRV002,2026-06-02,1712,INC00354,Medium
ALT005244,SRV002,2026-09-26,2257,INC01228,Low
ALT005245,SRV006,2025-03-11,1693,INC01344,Medium
ALT005246,SRV001,2025-06-02,2331,INC00492,Low
ALT005247,SRV005,2026-09-22,535,INC01287,Low
ALT005248,SRV003,2026-07-17,2041,INC00755,Medium
ALT005249,SRV005,2025-01-03,1814,INC00420,Low
ALT005250,SRV002,2026-06-18,1950,INC00100,High
ALT005251,SRV003,2026-07-20,2237,INC00187,Medium
ALT005252,SRV001,2026-04-03,1,INC00081,High
ALT005253,SRV003,2025-03-04,1663,INC00589,High
ALT005254,SRV006,2026-02-18,2130,INC01120,Critical
ALT005255,SRV008,2026-04-14,620,INC00855,High
ALT005256,SRV002,2026-01-10,1992,INC00179,Critical
ALT005257,SRV008,2026-02-12,1798,INC00301,Low
ALT005258,SRV006,2026-04-02,279,INC00300,Critical
ALT005259,SRV010,2026-06-16,855,INC00013,High
ALT005260,SRV008,2026-07-02,378,INC00261,Low
ALT005261,SRV002,2025-11-30,2003,INC01448,Medium
ALT005262,SRV002,2026-09-16,1828,INC01048,High
ALT005263,SRV002,2025-07-25,1919,INC00653,Low
ALT005264,SRV003,2025-02-02,1694,INC00162,Critical
ALT005265,SRV009,2025-02-20,683,INC01131,Low
ALT005266,SRV007,2025-08-12,2284,INC00301,Low
ALT005267,SRV003,2025-09-08,1250,INC00190,High
ALT005268,SRV008,2025-07-02,429,INC01118,Low
ALT005269,SRV001,2025-02-14,1074,INC00208,Critical
ALT005270,SRV002,2025-06-03,1282,INC00911,Low
ALT005271,SRV001,2026-12-14,2252,INC01480,Medium
ALT005272,SRV006,2025-10-21,2080,INC00304,Critical
ALT005273,SRV001,2025-06-17,1823,INC00612,High
ALT005274,SRV009,2025-12-14,1760,INC01002,Medium
ALT005275,SRV002,2025-12-02,313,INC00492,Critical
ALT005276,SRV005,2025-03-02,402,INC00272,High
ALT005277,SRV003,2026-04-24,619,INC01254,Critical
ALT005278,SRV010,2025-06-26,738,INC00746,Critical
ALT005279,SRV010,2025-08-30,11,INC01168,Low
ALT005280,SRV002,2026-07-23,913,INC01419,Critical
ALT005281,SRV007,2026-07-12,675,INC01252,Critical
ALT005282,SRV001,2026-08-11,636,INC00299,Medium
ALT005283,SRV010,2026-08-03,87,INC01335,High
ALT005284,SRV001,2026-12-15,972,INC00176,Medium
ALT005285,SRV008,2025-04-15,1756,INC00353,Medium
ALT005286,SRV008,2025-09-28,759,INC01288,High
ALT005287,SRV005,2026-06-14,1951,INC00059,Low
ALT005288,SRV006,2025-05-07,1434,INC01493,Medium
ALT005289,SRV005,2026-05-31,100,INC00335,Low
ALT005290,SRV008,2026-12-19,748,INC00430,Low
ALT005291,SRV001,2026-11-11,1691,INC00218,High
ALT005292,SRV007,2025-12-21,995,INC00633,Critical
ALT005293,SRV003,2026-06-17,1058,INC01218,Low
ALT005294,SRV003,2026-06-03,1066,INC01423,Critical
ALT005295,SRV001,2025-04-13,1929,INC00181,Low
ALT005296,SRV007,2026-07-26,1467,INC00928,Medium
ALT005297,SRV004,2026-08-20,506,INC01308,High
ALT005298,SRV009,2026-12-06,266,INC01030,Critical
ALT005299,SRV003,2026-04-09,2092,INC00140,Critical
ALT005300,SRV003,2025-11-16,2320,INC00551,Medium
ALT005301,SRV003,2025-01-16,684,INC01174,High
ALT005302,SRV008,2026-08-21,1268,INC00980,Low
ALT005303,SRV010,2025-03-08,1633,INC00407,Critical
ALT005304,SRV006,2025-09-15,1710,INC00547,Low
ALT005305,SRV004,2026-12-30,1509,INC01398,High
ALT005306,SRV007,2025-04-20,1035,INC00710,Low
ALT005307,SRV005,2025-12-02,2279,INC01324,Medium
ALT005308,SRV010,2025-09-27,2208,INC00415,High
ALT005309,SRV002,2025-05-03,483,INC00309,Medium
ALT005310,SRV007,2025-09-20,1394,INC00286,High
ALT005311,SRV004,2026-12-12,490,INC00938,Low
ALT005312,SRV003,2026-04-03,604,INC00055,Medium
ALT005313,SRV010,2026-06-30,159,INC00323,Medium
ALT005314,SRV008,2026-05-15,888,INC00099,Medium
ALT005315,SRV004,2026-12-19,523,INC00560,Low
ALT005316,SRV005,2026-08-09,2241,INC01102,High
ALT005317,SRV003,2025-05-20,80,INC00869,Critical
ALT005318,SRV001,2026-03-02,919,INC01340,Critical
ALT005319,SRV002,2025-01-31,48,INC01009,Medium
ALT005320,SRV007,2026-01-26,1440,INC01124,Critical
ALT005321,SRV003,2025-05-08,1348,INC00018,Low
ALT005322,SRV006,2026-04-01,29,INC00216,Medium
ALT005323,SRV003,2026-11-28,1777,INC00117,Medium
ALT005324,SRV003,2026-08-24,308,INC00777,Low
ALT005325,SRV005,2026-08-01,64,INC00906,Medium
ALT005326,SRV005,2025-08-31,1770,INC01133,Critical
ALT005327,SRV002,2026-05-13,2173,INC01209,Critical
ALT005328,SRV001,2025-10-31,1346,INC01398,Medium
ALT005329,SRV007,2026-01-12,1377,INC01263,Medium
ALT005330,SRV004,2026-08-17,187,INC00054,Low
ALT005331,SRV003,2025-05-26,572,INC01050,Low
ALT005332,SRV010,2025-02-07,1739,INC00218,High
ALT005333,SRV006,2025-11-22,118,INC01448,Medium
ALT005334,SRV007,2026-11-19,1145,INC01387,Medium
ALT005335,SRV004,2025-06-19,468,INC00101,Medium
ALT005336,SRV001,2026-08-20,131,INC00044,Medium
ALT005337,SRV008,2026-03-11,2318,INC00695,Critical
ALT005338,SRV009,2026-09-11,624,INC00394,Critical
ALT005339,SRV009,2025-03-26,1632,INC00288,Medium
ALT005340,SRV005,2025-12-16,298,INC01362,High
ALT005341,SRV004,2025-12-27,1524,INC01147,Low
ALT005342,SRV004,2025-08-25,724,INC01265,High
ALT005343,SRV009,2025-02-11,817,INC00714,High
ALT005344,SRV001,2026-05-30,754,INC01210,High
ALT005345,SRV002,2026-09-06,736,INC01033,Critical
ALT005346,SRV008,2026-12-24,104,INC00276,Critical
ALT005347,SRV001,2026-02-13,1383,INC01193,Medium
ALT005348,SRV003,2026-03-28,952,INC00704,Medium
ALT005349,SRV008,2025-09-25,1683,INC00222,Medium
ALT005350,SRV004,2026-10-15,697,INC00110,Medium
ALT005351,SRV001,2025-11-28,1021,INC00978,High
ALT005352,SRV002,2026-07-04,331,INC01037,High
ALT005353,SRV006,2025-10-26,56,INC00162,Low
ALT005354,SRV004,2025-03-07,48,INC00473,Low
ALT005355,SRV006,2025-02-02,2088,INC01096,High
ALT005356,SRV009,2026-04-14,1255,INC01092,High
ALT005357,SRV007,2025-11-22,415,INC00276,Medium
ALT005358,SRV003,2025-12-19,643,INC01200,High
ALT005359,SRV008,2025-10-09,1234,INC01368,Critical
ALT005360,SRV001,2026-06-06,2023,INC00251,Critical
ALT005361,SRV001,2025-10-01,477,INC00019,High
ALT005362,SRV003,2026-04-06,411,INC00199,Critical
ALT005363,SRV010,2025-11-10,285,INC00353,Critical
ALT005364,SRV002,2026-07-24,1241,INC01141,Critical
ALT005365,SRV005,2026-11-15,476,INC00439,High
ALT005366,SRV009,2025-06-19,729,INC01333,Critical
ALT005367,SRV003,2026-10-19,1359,INC00086,Low
ALT005368,SRV005,2026-08-06,1675,INC01276,Medium
ALT005369,SRV001,2026-11-26,1611,INC01325,Medium
ALT005370,SRV001,2025-10-27,2088,INC00380,Medium
ALT005371,SRV008,2025-05-18,1363,INC00164,Critical
ALT005372,SRV002,2026-04-23,640,INC01232,Critical
ALT005373,SRV002,2026-04-28,1307,INC00724,Medium
ALT005374,SRV003,2025-08-08,1556,INC00352,Critical
ALT005375,SRV006,2026-10-14,2306,INC00395,High
ALT005376,SRV007,2026-09-24,1062,INC01047,Critical
ALT005377,SRV007,2025-05-28,2121,INC01182,Low
ALT005378,SRV008,2025-02-27,111,INC01488,Critical
ALT005379,SRV004,2025-06-24,1565,INC00212,Low
ALT005380,SRV002,2026-11-19,330,INC00729,High
ALT005381,SRV007,2026-01-18,68,INC00605,Medium
ALT005382,SRV009,2026-07-22,1435,INC00225,Medium
ALT005383,SRV001,2026-05-07,1416,INC00327,Low
ALT005384,SRV006,2026-08-31,1667,INC01300,Critical
ALT005385,SRV007,2026-07-17,1444,INC00480,Medium
ALT005386,SRV004,2026-03-05,1119,INC01038,High
ALT005387,SRV003,2026-12-29,978,INC01384,Low
ALT005388,SRV006,2025-08-28,1621,INC00806,High
ALT005389,SRV002,2026-09-30,777,INC00614,High
ALT005390,SRV002,2025-02-04,1762,INC01431,Critical
ALT005391,SRV009,2026-03-13,369,INC00891,Medium
ALT005392,SRV009,2025-12-23,1852,INC01340,Medium
ALT005393,SRV008,2025-06-22,1568,INC00030,Medium
ALT005394,SRV008,2025-01-25,1177,INC01453,Low
ALT005395,SRV003,2026-02-20,897,INC00962,High
ALT005396,SRV001,2026-10-21,757,INC00385,High
ALT005397,SRV003,2025-03-05,2225,INC00518,Low
ALT005398,SRV006,2026-06-01,36,INC00321,Medium
ALT005399,SRV006,2026-06-12,2350,INC00023,High
ALT005400,SRV010,2026-03-06,474,INC01037,Critical
ALT005401,SRV005,2025-08-07,1411,INC01446,Medium
ALT005402,SRV010,2026-11-24,292,INC00574,Medium
ALT005403,SRV003,2026-07-23,2034,INC00837,High
ALT005404,SRV003,2026-09-08,180,INC01480,Critical
ALT005405,SRV010,2026-12-02,1987,INC00801,Medium
ALT005406,SRV010,2026-09-16,1692,INC01322,Critical
ALT005407,SRV006,2026-10-05,566,INC00943,High
ALT005408,SRV007,2025-03-11,1581,INC01334,Critical
ALT005409,SRV008,2025-07-30,783,INC00033,Critical
ALT005410,SRV002,2025-10-07,858,INC01346,Critical
ALT005411,SRV007,2025-08-17,632,INC00965,High
ALT005412,SRV007,2025-12-20,993,INC00567,High
ALT005413,SRV001,2026-09-06,1255,INC00778,Low
ALT005414,SRV004,2025-09-03,603,INC01479,Medium
ALT005415,SRV001,2025-11-01,476,INC01017,High
ALT005416,SRV002,2025-11-09,589,INC00065,Critical
ALT005417,SRV006,2025-04-22,1257,INC01487,Low
ALT005418,SRV004,2026-07-13,1422,INC01000,Critical
ALT005419,SRV004,2025-10-17,36,INC00729,Critical
ALT005420,SRV008,2026-11-15,1367,INC01467,Critical
ALT005421,SRV005,2025-12-06,2217,INC00651,Low
ALT005422,SRV006,2026-05-17,2035,INC00023,Medium
ALT005423,SRV008,2025-01-10,1836,INC00030,Medium
ALT005424,SRV007,2026-09-09,1509,INC01416,Critical
ALT005425,SRV004,2025-11-05,1546,INC01442,Critical
ALT005426,SRV004,2025-10-02,649,INC00798,Medium
ALT005427,SRV002,2025-06-27,1229,INC00855,Critical
ALT005428,SRV003,2026-07-14,889,INC00341,Low
ALT005429,SRV005,2025-09-06,717,INC00782,Low
ALT005430,SRV010,2025-03-01,517,INC00670,Medium
ALT005431,SRV004,2025-09-24,1989,INC00153,Critical
ALT005432,SRV010,2025-04-17,1748,INC00340,Critical
ALT005433,SRV009,2026-06-12,2248,INC00262,Critical
ALT005434,SRV001,2026-02-23,1293,INC00798,Critical
ALT005435,SRV008,2025-11-25,1154,INC00856,High
ALT005436,SRV002,2025-07-16,645,INC01414,Low
ALT005437,SRV006,2026-07-24,1806,INC00160,Medium
ALT005438,SRV005,2025-03-18,1943,INC00723,Critical
ALT005439,SRV001,2026-04-13,322,INC00752,Medium
ALT005440,SRV002,2026-05-18,1916,INC01128,Medium
ALT005441,SRV009,2026-07-19,397,INC00544,High
ALT005442,SRV003,2026-03-29,1884,INC00545,High
ALT005443,SRV005,2026-04-07,2201,INC00917,Medium
ALT005444,SRV003,2026-11-26,231,INC00137,Critical
ALT005445,SRV008,2026-05-13,1432,INC00770,Medium
ALT005446,SRV004,2025-07-03,919,INC00747,High
ALT005447,SRV008,2025-07-29,610,INC00575,Medium
ALT005448,SRV007,2025-04-16,686,INC01258,Medium
ALT005449,SRV006,2025-09-24,100,INC01422,High
ALT005450,SRV001,2026-03-21,1180,INC00644,Medium
ALT005451,SRV002,2025-05-31,2290,INC00168,Critical
ALT005452,SRV007,2026-09-29,243,INC00468,Low
ALT005453,SRV004,2026-08-07,1147,INC00546,Medium
ALT005454,SRV007,2025-05-28,287,INC00258,High
ALT005455,SRV001,2026-09-10,1052,INC01345,Medium
ALT005456,SRV008,2026-03-24,2292,INC00421,High
ALT005457,SRV002,2026-12-07,622,INC00487,Low
ALT005458,SRV002,2026-11-16,918,INC00319,Medium
ALT005459,SRV005,2025-11-29,616,INC00942,Medium
ALT005460,SRV003,2025-09-15,41,INC00348,High
ALT005461,SRV008,2026-07-31,1067,INC00367,Low
ALT005462,SRV009,2026-07-22,194,INC00381,Low
ALT005463,SRV002,2026-05-27,117,INC00024,Low
ALT005464,SRV004,2025-06-30,515,INC00705,Low
ALT005465,SRV005,2025-12-07,833,INC01087,Critical
ALT005466,SRV005,2025-03-13,646,INC00504,High
ALT005467,SRV008,2026-01-21,577,INC01059,High
ALT005468,SRV005,2025-10-13,896,INC01047,Critical
ALT005469,SRV010,2026-02-19,483,INC00823,Critical
ALT005470,SRV004,2025-04-04,787,INC01483,Medium
ALT005471,SRV006,2026-07-10,851,INC01153,High
ALT005472,SRV010,2025-02-01,1068,INC01099,Medium
ALT005473,SRV001,2026-02-22,1808,INC00149,High
ALT005474,SRV005,2026-05-23,1120,INC00888,Medium
ALT005475,SRV010,2026-08-21,1057,INC00254,Medium
ALT005476,SRV002,2025-10-24,1435,INC00528,High
ALT005477,SRV007,2026-03-10,165,INC00621,High
ALT005478,SRV009,2025-09-08,943,INC01374,High
ALT005479,SRV006,2026-08-02,1177,INC00461,High
ALT005480,SRV007,2026-10-19,2097,INC01362,Critical
ALT005481,SRV004,2025-04-24,1233,INC00930,Medium
ALT005482,SRV007,2025-05-29,2349,INC00269,Medium
ALT005483,SRV010,2026-07-10,1375,INC00260,Low
ALT005484,SRV007,2025-02-14,515,INC01350,Low
ALT005485,SRV007,2025-12-17,2261,INC00031,Low
ALT005486,SRV006,2026-12-21,1057,INC01416,Low
ALT005487,SRV001,2025-07-29,857,INC00666,Critical
ALT005488,SRV006,2025-07-17,1667,INC00209,Medium
ALT005489,SRV010,2026-01-05,746,INC00648,Low
ALT005490,SRV006,2026-02-03,301,INC00399,Medium
ALT005491,SRV004,2025-10-03,1235,INC01100,Medium
ALT005492,SRV009,2025-09-15,558,INC00035,Medium
ALT005493,SRV006,2026-10-06,1383,INC01188,Critical
ALT005494,SRV010,2026-09-29,2334,INC00943,Medium
ALT005495,SRV001,2026-01-15,2128,INC01418,Medium
ALT005496,SRV006,2026-07-31,469,INC00710,Critical
ALT005497,SRV003,2026-09-20,685,INC01227,Medium
ALT005498,SRV004,2026-02-26,1566,INC00591,Medium
ALT005499,SRV006,2026-06-02,391,INC01390,Low
ALT005500,SRV010,2026-10-14,2302,INC00705,High
ALT005501,SRV007,2026-07-18,730,INC00747,Medium
ALT005502,SRV006,2025-04-15,2024,INC00149,Low
ALT005503,SRV009,2025-07-03,2342,INC01309,Low
ALT005504,SRV004,2026-07-25,1728,INC00675,High
ALT005505,SRV008,2026-05-21,1089,INC00100,Medium
ALT005506,SRV009,2025-06-23,1042,INC00545,Low
ALT005507,SRV006,2026-08-10,1719,INC00112,Medium
ALT005508,SRV005,2025-09-24,2199,INC01448,High
ALT005509,SRV004,2026-05-19,1439,INC00633,Medium
ALT005510,SRV009,2025-04-09,1897,INC01470,High
ALT005511,SRV002,2026-06-18,741,INC01103,Critical
ALT005512,SRV005,2025-05-02,571,INC01017,High
ALT005513,SRV008,2025-03-30,1139,INC01082,Medium
ALT005514,SRV008,2025-05-03,22,INC00532,High
ALT005515,SRV008,2026-08-13,2351,INC00744,Low
ALT005516,SRV003,2025-10-15,1387,INC00690,Low
ALT005517,SRV007,2026-03-19,1828,INC00543,Critical
ALT005518,SRV009,2026-09-12,1213,INC01267,High
ALT005519,SRV010,2025-03-09,1310,INC00600,High
ALT005520,SRV007,2026-08-31,499,INC00235,Medium
ALT005521,SRV007,2026-06-09,981,INC00787,High
ALT005522,SRV005,2026-04-28,595,INC00131,Critical
ALT005523,SRV006,2025-04-20,160,INC00160,Critical
ALT005524,SRV009,2025-05-10,1868,INC01278,Critical
ALT005525,SRV002,2026-09-04,2086,INC00667,Low
ALT005526,SRV007,2026-12-27,2022,INC00370,Medium
ALT005527,SRV009,2025-06-12,385,INC00403,Medium
ALT005528,SRV009,2025-04-29,1705,INC01202,Critical
ALT005529,SRV008,2025-11-14,43,INC01419,High
ALT005530,SRV006,2026-03-08,267,INC00005,Critical
ALT005531,SRV008,2025-12-27,1491,INC01260,Critical
ALT005532,SRV003,2026-02-28,701,INC01270,Low
ALT005533,SRV006,2025-08-13,2032,INC01350,High
ALT005534,SRV008,2025-12-09,1077,INC00458,Low
ALT005535,SRV009,2026-11-24,2322,INC00565,Medium
ALT005536,SRV004,2026-02-15,771,INC00037,Low
ALT005537,SRV004,2026-10-02,112,INC00581,Medium
ALT005538,SRV004,2025-06-30,256,INC00125,High
ALT005539,SRV004,2026-10-29,1818,INC01218,High
ALT005540,SRV004,2025-07-31,183,INC00240,Critical
ALT005541,SRV008,2026-05-17,1727,INC00653,Medium
ALT005542,SRV002,2026-05-08,2152,INC00800,Critical
ALT005543,SRV008,2025-05-28,1825,INC00332,High
ALT005544,SRV001,2026-01-12,1968,INC00475,Critical
ALT005545,SRV002,2026-10-15,1782,INC00512,Low
ALT005546,SRV006,2025-02-24,1458,INC01140,High
ALT005547,SRV009,2025-06-25,848,INC01001,Critical
ALT005548,SRV007,2025-01-27,2116,INC00225,Critical
ALT005549,SRV002,2026-12-11,2170,INC00811,Critical
ALT005550,SRV002,2026-11-09,644,INC00066,Critical
ALT005551,SRV008,2026-08-20,1377,INC00424,Critical
ALT005552,SRV007,2025-11-06,1156,INC00722,Medium
ALT005553,SRV008,2025-11-17,469,INC00811,Critical
ALT005554,SRV003,2026-12-07,561,INC01396,High
ALT005555,SRV004,2026-06-23,624,INC00748,Low
ALT005556,SRV003,2025-11-12,692,INC00798,Critical
ALT005557,SRV006,2025-02-11,1915,INC00287,Medium
ALT005558,SRV001,2025-05-01,745,INC00769,Critical
ALT005559,SRV005,2025-03-29,841,INC00569,Low
ALT005560,SRV001,2026-03-05,2129,INC00123,Critical
ALT005561,SRV004,2026-06-20,147,INC00762,Medium
ALT005562,SRV007,2026-12-08,1560,INC00575,High
ALT005563,SRV001,2026-01-21,768,INC01417,High
ALT005564,SRV003,2025-11-05,315,INC00438,Critical
ALT005565,SRV001,2026-04-30,1158,INC00680,Medium
ALT005566,SRV001,2026-06-27,2329,INC00026,Medium
ALT005567,SRV005,2026-08-21,2036,INC00841,High
ALT005568,SRV007,2026-10-03,1687,INC01212,High
ALT005569,SRV005,2025-08-18,131,INC01391,Critical
ALT005570,SRV004,2025-12-07,1143,INC00717,High
ALT005571,SRV001,2025-10-29,1423,INC00028,Low
ALT005572,SRV010,2026-01-15,1704,INC01328,Medium
ALT005573,SRV001,2026-09-02,2292,INC00976,Low
ALT005574,SRV008,2026-10-09,2052,INC01418,Low
ALT005575,SRV004,2025-06-13,1159,INC00639,Medium
ALT005576,SRV006,2025-02-16,939,INC00016,Medium
ALT005577,SRV004,2025-09-08,450,INC00468,Low
ALT005578,SRV003,2025-10-04,1821,INC00472,Medium
ALT005579,SRV009,2026-11-09,324,INC01199,Medium
ALT005580,SRV006,2026-02-05,1673,INC00436,Low
ALT005581,SRV008,2026-02-28,607,INC00537,Medium
ALT005582,SRV003,2025-03-17,2357,INC00038,Medium
ALT005583,SRV010,2026-09-03,2123,INC00478,High
ALT005584,SRV005,2026-09-29,234,INC01294,Medium
ALT005585,SRV004,2026-09-30,2297,INC01098,Medium
ALT005586,SRV005,2025-09-22,1573,INC01077,Low
ALT005587,SRV008,2025-12-10,2051,INC00844,Medium
ALT005588,SRV003,2025-01-18,1399,INC01492,High
ALT005589,SRV008,2025-12-27,1815,INC00185,Medium
ALT005590,SRV001,2026-12-23,356,INC00135,Critical
ALT005591,SRV002,2026-12-29,871,INC00806,Low
ALT005592,SRV003,2026-12-21,175,INC01006,Medium
ALT005593,SRV003,2026-05-15,1819,INC00973,Critical
ALT005594,SRV001,2025-08-13,1350,INC00011,Low
ALT005595,SRV001,2026-05-22,2124,INC01281,High
ALT005596,SRV008,2025-06-01,1244,INC00026,High
ALT005597,SRV003,2025-07-11,733,INC01132,Low
ALT005598,SRV003,2026-11-23,497,INC00739,Critical
ALT005599,SRV005,2025-07-20,1937,INC00745,Low
ALT005600,SRV008,2026-10-02,1152,INC01437,Critical
ALT005601,SRV009,2026-10-30,994,INC00815,High
ALT005602,SRV004,2025-02-08,521,INC00786,Low
ALT005603,SRV010,2025-09-12,1737,INC00128,High
ALT005604,SRV007,2025-11-28,2342,INC00221,Critical
ALT005605,SRV010,2025-03-17,1555,INC00955,Low
ALT005606,SRV008,2026-05-01,574,INC00382,High
ALT005607,SRV007,2026-11-27,1874,INC00762,Low
ALT005608,SRV008,2026-05-14,759,INC01435,Low
ALT005609,SRV007,2025-04-29,824,INC00214,High
ALT005610,SRV005,2025-08-12,2000,INC01135,High
ALT005611,SRV001,2025-03-27,1110,INC01462,Medium
ALT005612,SRV005,2026-02-14,678,INC01062,Critical
ALT005613,SRV005,2026-06-03,797,INC00866,High
ALT005614,SRV006,2026-12-10,1721,INC00109,High
ALT005615,SRV004,2026-05-14,943,INC00758,High
ALT005616,SRV009,2025-04-14,1745,INC00652,Critical
ALT005617,SRV002,2025-10-06,2292,INC00912,Low
ALT005618,SRV006,2026-10-21,2125,INC00792,Medium
ALT005619,SRV002,2025-02-20,1454,INC01172,Low
ALT005620,SRV009,2025-04-16,2126,INC00521,Medium
ALT005621,SRV003,2026-02-26,1641,INC01462,Low
ALT005622,SRV009,2026-01-10,175,INC01058,Low
ALT005623,SRV006,2026-08-17,1644,INC00705,Low
ALT005624,SRV008,2025-01-20,835,INC01422,Low
ALT005625,SRV003,2026-01-07,113,INC00980,Medium
ALT005626,SRV005,2026-03-03,1747,INC00954,Low
ALT005627,SRV010,2026-03-11,1396,INC00090,Medium
ALT005628,SRV004,2026-04-24,1664,INC01433,Medium
ALT005629,SRV004,2026-01-22,1363,INC00081,Critical
ALT005630,SRV005,2025-06-06,357,INC00383,Critical
ALT005631,SRV010,2026-06-02,68,INC00734,High
ALT005632,SRV010,2025-09-03,1996,INC00841,Critical
ALT005633,SRV005,2025-08-23,535,INC00568,Low
ALT005634,SRV001,2026-05-17,2335,INC00071,Critical
ALT005635,SRV002,2026-10-01,1788,INC01093,Critical
ALT005636,SRV005,2026-10-14,1536,INC00315,High
ALT005637,SRV002,2025-10-16,2073,INC00798,Critical
ALT005638,SRV009,2025-01-02,1803,INC00110,Low
ALT005639,SRV002,2026-08-09,2134,INC01338,High
ALT005640,SRV004,2025-11-25,1090,INC01181,Medium
ALT005641,SRV005,2026-11-22,289,INC00926,High
ALT005642,SRV010,2026-03-15,2112,INC00986,Critical
ALT005643,SRV007,2025-07-10,1057,INC00776,Critical
ALT005644,SRV006,2026-11-14,2162,INC01365,Medium
ALT005645,SRV002,2026-03-05,2063,INC01480,Critical
ALT005646,SRV005,2025-02-16,817,INC00809,High
ALT005647,SRV002,2025-11-25,2119,INC00183,Critical
ALT005648,SRV009,2025-07-08,1226,INC01326,High
ALT005649,SRV003,2026-08-08,618,INC00149,Low
ALT005650,SRV007,2025-11-08,1817,INC01283,Critical
ALT005651,SRV007,2026-06-23,1179,INC01172,Critical
ALT005652,SRV008,2026-05-09,1726,INC01209,Low
ALT005653,SRV001,2026-12-06,1914,INC00079,Low
ALT005654,SRV006,2025-07-01,2017,INC00207,Medium
ALT005655,SRV002,2025-07-14,1738,INC00901,High
ALT005656,SRV004,2025-07-12,2015,INC01132,Critical
ALT005657,SRV005,2026-04-15,1465,INC01412,Medium
ALT005658,SRV004,2026-04-23,2087,INC01228,Low
ALT005659,SRV003,2025-08-11,182,INC00958,Critical
ALT005660,SRV005,2026-02-01,2230,INC00302,Critical
ALT005661,SRV010,2025-06-28,647,INC01190,High
ALT005662,SRV008,2025-12-27,1568,INC00116,High
ALT005663,SRV004,2026-02-20,1140,INC00905,Low
ALT005664,SRV004,2026-05-26,574,INC00270,Medium
ALT005665,SRV003,2026-02-13,122,INC00973,Low
ALT005666,SRV008,2026-12-11,1215,INC00974,Low
ALT005667,SRV003,2026-12-31,429,INC00213,Critical
ALT005668,SRV007,2025-05-31,1631,INC00284,Critical
ALT005669,SRV003,2026-04-26,1922,INC00808,High
ALT005670,SRV008,2025-05-15,339,INC01112,Medium
ALT005671,SRV009,2026-11-09,1513,INC01012,Medium
ALT005672,SRV007,2026-01-30,6,INC01137,Critical
ALT005673,SRV009,2025-03-01,2277,INC01128,Low
ALT005674,SRV006,2026-09-02,2309,INC00292,Critical
ALT005675,SRV005,2025-09-22,1812,INC00156,Low
ALT005676,SRV004,2026-04-27,1452,INC00094,Medium
ALT005677,SRV009,2026-10-07,779,INC00092,Critical
ALT005678,SRV008,2025-10-17,1260,INC00858,Medium
ALT005679,SRV005,2025-07-31,715,INC00282,Critical
ALT005680,SRV009,2026-04-21,2260,INC00035,Low
ALT005681,SRV009,2026-07-28,934,INC00955,Critical
ALT005682,SRV007,2026-09-26,2095,INC00069,Medium
ALT005683,SRV003,2026-01-10,552,INC00187,Medium
ALT005684,SRV001,2026-08-22,2122,INC00095,Critical
ALT005685,SRV003,2026-01-09,2278,INC00494,Medium
ALT005686,SRV009,2026-08-31,1097,INC01003,Low
ALT005687,SRV004,2025-09-22,2325,INC00333,Medium
ALT005688,SRV005,2025-12-26,2246,INC00774,Low
ALT005689,SRV007,2025-04-27,1754,INC00503,Critical
ALT005690,SRV007,2025-08-24,1127,INC01454,Low
ALT005691,SRV010,2025-05-25,1175,INC00348,High
ALT005692,SRV002,2025-09-23,1230,INC01098,High
ALT005693,SRV009,2025-07-20,152,INC01272,Low
ALT005694,SRV004,2026-06-12,395,INC01334,Critical
ALT005695,SRV010,2025-01-28,2234,INC00629,Critical
ALT005696,SRV005,2026-06-24,856,INC01302,Low
ALT005697,SRV009,2026-08-03,1238,INC00212,Low
ALT005698,SRV008,2026-05-31,461,INC00239,Medium
ALT005699,SRV004,2026-02-12,794,INC01402,Medium
ALT005700,SRV004,2026-09-03,2184,INC00907,Medium
ALT005701,SRV010,2026-01-31,1943,INC01005,Low
ALT005702,SRV007,2025-08-09,974,INC01073,Medium
ALT005703,SRV003,2026-09-09,1949,INC00360,Low
ALT005704,SRV004,2026-02-12,1005,INC00337,High
ALT005705,SRV005,2026-03-18,1333,INC01389,Low
ALT005706,SRV005,2026-03-04,1870,INC00221,Low
ALT005707,SRV003,2025-08-11,1276,INC00308,High
ALT005708,SRV010,2025-09-10,1433,INC00467,Low
ALT005709,SRV003,2025-05-08,1829,INC00731,High
ALT005710,SRV003,2026-09-30,814,INC01324,Low
ALT005711,SRV010,2025-04-25,244,INC01039,High
ALT005712,SRV006,2026-03-23,556,INC00247,Low
ALT005713,SRV008,2025-09-12,524,INC00643,Medium
ALT005714,SRV009,2025-07-15,1605,INC00916,Critical
ALT005715,SRV010,2025-02-05,269,INC00780,High
ALT005716,SRV010,2026-03-09,1539,INC00813,Critical
ALT005717,SRV009,2025-12-12,1961,INC01246,High
ALT005718,SRV006,2026-09-01,163,INC01480,High
ALT005719,SRV001,2025-01-01,2273,INC00135,High
ALT005720,SRV007,2026-01-22,1917,INC00532,Medium
ALT005721,SRV010,2026-06-07,1899,INC00523,Critical
ALT005722,SRV005,2026-12-04,2261,INC01162,Medium
ALT005723,SRV001,2026-09-21,778,INC00595,High
ALT005724,SRV004,2025-01-14,2069,INC00846,Low
ALT005725,SRV005,2025-12-10,423,INC00111,Medium
ALT005726,SRV009,2026-11-19,1202,INC00178,Critical
ALT005727,SRV009,2025-03-23,1825,INC00865,Low
ALT005728,SRV004,2025-03-19,88,INC01381,Critical
ALT005729,SRV006,2026-07-20,2282,INC00143,Critical
ALT005730,SRV005,2026-01-10,779,INC00734,Medium
ALT005731,SRV006,2025-05-09,771,INC00335,High
ALT005732,SRV008,2025-02-21,197,INC01232,Low
ALT005733,SRV004,2026-09-15,1072,INC00049,Low
ALT005734,SRV006,2025-11-28,1705,INC01124,Medium
ALT005735,SRV001,2025-01-29,484,INC00484,Critical
ALT005736,SRV009,2025-10-27,2042,INC00878,High
ALT005737,SRV004,2025-02-22,307,INC00769,Critical
ALT005738,SRV004,2025-03-25,1206,INC01403,Medium
ALT005739,SRV004,2026-02-23,1320,INC01086,Medium
ALT005740,SRV007,2026-09-25,2150,INC00245,High
ALT005741,SRV008,2025-01-03,108,INC00865,Medium
ALT005742,SRV006,2025-04-18,547,INC01303,Critical
ALT005743,SRV007,2025-11-03,74,INC00846,Medium
ALT005744,SRV007,2026-04-20,1988,INC00038,Low
ALT005745,SRV005,2026-09-06,1593,INC00085,Low
ALT005746,SRV004,2026-10-17,169,INC00829,Medium
ALT005747,SRV004,2025-03-27,348,INC00783,Low
ALT005748,SRV002,2025-01-10,36,INC01378,Low
ALT005749,SRV003,2026-11-15,361,INC00674,High
ALT005750,SRV007,2025-11-09,1598,INC00321,Critical
ALT005751,SRV004,2026-11-14,257,INC00184,High
ALT005752,SRV008,2026-11-13,305,INC00878,High
ALT005753,SRV010,2026-11-18,735,INC00279,Medium
ALT005754,SRV009,2026-04-28,536,INC00077,High
ALT005755,SRV006,2026-12-28,122,INC00704,Critical
ALT005756,SRV009,2026-02-15,23,INC01274,Critical
ALT005757,SRV002,2026-08-23,658,INC00335,Medium
ALT005758,SRV003,2026-10-23,202,INC00379,High
ALT005759,SRV002,2025-02-25,299,INC01038,Low
ALT005760,SRV003,2026-01-09,1343,INC01272,Medium
ALT005761,SRV009,2025-12-04,1177,INC00081,Critical
ALT005762,SRV004,2026-10-20,1888,INC00519,Medium
ALT005763,SRV010,2025-02-21,1347,INC00635,High
ALT005764,SRV002,2026-08-16,674,INC01127,High
ALT005765,SRV010,2026-01-16,1931,INC00403,Low
ALT005766,SRV006,2026-11-21,470,INC00712,High
ALT005767,SRV005,2026-03-22,69,INC00889,Medium
ALT005768,SRV001,2025-03-05,1016,INC01222,Critical
ALT005769,SRV009,2026-10-27,515,INC01093,Critical
ALT005770,SRV002,2026-01-22,1300,INC00254,Medium
ALT005771,SRV008,2025-07-13,1887,INC01472,High
ALT005772,SRV005,2026-03-27,642,INC01249,High
ALT005773,SRV006,2025-03-24,1249,INC00943,Low
ALT005774,SRV001,2025-05-20,406,INC00158,High
ALT005775,SRV002,2025-06-18,1164,INC00997,High
ALT005776,SRV002,2026-03-15,113,INC01102,Low
ALT005777,SRV008,2025-11-17,488,INC00847,Low
ALT005778,SRV002,2026-06-12,1081,INC01387,High
ALT005779,SRV003,2025-08-30,592,INC00831,Critical
ALT005780,SRV001,2025-05-10,1282,INC00304,Critical
ALT005781,SRV003,2026-09-06,471,INC00318,Low
ALT005782,SRV003,2026-07-12,1269,INC00822,High
ALT005783,SRV001,2026-04-18,989,INC00462,Critical
ALT005784,SRV010,2026-04-17,587,INC01331,Low
ALT005785,SRV007,2026-05-19,874,INC00089,Critical
ALT005786,SRV005,2026-11-01,888,INC01051,Medium
ALT005787,SRV006,2026-04-20,1638,INC01392,Critical
ALT005788,SRV004,2025-12-01,723,INC01165,Medium
ALT005789,SRV009,2026-03-19,986,INC00587,Low
ALT005790,SRV004,2026-07-12,12,INC00735,Critical
ALT005791,SRV007,2025-02-16,1530,INC00978,Critical
ALT005792,SRV001,2025-02-18,325,INC00742,High
ALT005793,SRV007,2026-05-11,1149,INC00347,Medium
ALT005794,SRV001,2025-08-22,1911,INC00203,Medium
ALT005795,SRV001,2025-08-26,610,INC00223,High
ALT005796,SRV003,2025-11-13,679,INC00067,Low
ALT005797,SRV007,2025-02-14,1619,INC00112,Low
ALT005798,SRV002,2026-01-03,976,INC00908,High
ALT005799,SRV006,2026-04-30,835,INC00793,Medium
ALT005800,SRV007,2026-11-03,1081,INC01241,High
ALT005801,SRV004,2025-10-14,787,INC00872,Critical
ALT005802,SRV003,2026-12-11,1397,INC00021,Medium
ALT005803,SRV010,2026-07-21,1185,INC01180,Low
ALT005804,SRV006,2026-02-15,777,INC00974,Medium
ALT005805,SRV008,2025-06-16,2147,INC01180,Medium
ALT005806,SRV010,2025-05-29,1305,INC00170,High
ALT005807,SRV008,2026-11-20,1658,INC01188,High
ALT005808,SRV007,2025-07-16,1357,INC00513,Medium
ALT005809,SRV007,2026-06-16,2273,INC00466,Critical
ALT005810,SRV004,2025-08-07,8,INC01127,Low
ALT005811,SRV007,2025-08-24,480,INC00288,Medium
ALT005812,SRV005,2026-11-25,677,INC01037,Critical
ALT005813,SRV006,2026-08-30,262,INC00061,Medium
ALT005814,SRV009,2026-09-19,355,INC00127,Medium
ALT005815,SRV008,2025-06-01,240,INC01276,Low
ALT005816,SRV008,2026-08-18,2166,INC01191,Medium
ALT005817,SRV009,2026-08-31,876,INC01295,Medium
ALT005818,SRV003,2025-05-25,2101,INC00512,Critical
ALT005819,SRV008,2025-12-18,1236,INC00999,High
ALT005820,SRV005,2026-11-16,1559,INC00127,High
ALT005821,SRV001,2025-09-18,1427,INC01169,Low
ALT005822,SRV010,2026-10-23,1206,INC00087,Critical
ALT005823,SRV010,2026-08-05,531,INC00551,Critical
ALT005824,SRV003,2025-09-09,848,INC00185,Low
ALT005825,SRV006,2025-05-04,78,INC00895,Low
ALT005826,SRV010,2026-01-20,1410,INC01275,Medium
ALT005827,SRV006,2026-04-05,1692,INC00322,Low
ALT005828,SRV007,2025-12-24,154,INC00524,Medium
ALT005829,SRV009,2026-05-08,1179,INC00956,Low
ALT005830,SRV002,2025-12-24,2056,INC00398,Medium
ALT005831,SRV009,2025-09-20,1132,INC00791,Low
ALT005832,SRV004,2026-04-04,1195,INC00476,Critical
ALT005833,SRV002,2025-01-02,894,INC01481,Low
ALT005834,SRV004,2025-07-25,2257,INC00814,Critical
ALT005835,SRV006,2025-12-02,1314,INC01275,Medium
ALT005836,SRV009,2025-07-15,2350,INC00837,High
ALT005837,SRV002,2025-09-03,987,INC00811,High
ALT005838,SRV002,2026-04-06,197,INC00159,Medium
ALT005839,SRV010,2025-06-30,1434,INC00804,High
ALT005840,SRV002,2025-05-31,2015,INC00439,Medium
ALT005841,SRV009,2026-10-05,1505,INC01210,Medium
ALT005842,SRV006,2025-01-11,1651,INC01329,High
ALT005843,SRV010,2025-10-24,219,INC00711,Medium
ALT005844,SRV007,2026-10-12,1097,INC00461,High
ALT005845,SRV004,2026-11-01,299,INC00588,Low
ALT005846,SRV006,2026-08-01,1226,INC01007,High
ALT005847,SRV008,2025-03-03,1763,INC00785,Medium
ALT005848,SRV001,2026-11-13,694,INC01222,Low
ALT005849,SRV009,2026-07-02,1454,INC01399,Critical
ALT005850,SRV005,2025-05-03,2200,INC00192,Medium
ALT005851,SRV009,2026-01-13,219,INC01172,Low
ALT005852,SRV006,2025-11-30,12,INC01140,Critical
ALT005853,SRV005,2026-04-15,102,INC01236,Medium
ALT005854,SRV006,2025-12-15,1937,INC01069,High
ALT005855,SRV003,2025-11-24,795,INC00319,Low
ALT005856,SRV002,2026-01-17,2131,INC01025,Medium
ALT005857,SRV006,2025-07-02,97,INC01015,High
ALT005858,SRV001,2026-04-12,199,INC01017,High
ALT005859,SRV008,2026-02-28,157,INC00492,Critical
ALT005860,SRV009,2025-11-08,73,INC00204,Medium
ALT005861,SRV004,2025-11-17,1252,INC01263,Medium
ALT005862,SRV003,2025-01-28,1201,INC00707,High
ALT005863,SRV008,2025-09-14,1495,INC00519,Critical
ALT005864,SRV004,2025-08-11,663,INC00254,Medium
ALT005865,SRV008,2026-01-09,503,INC00701,High
ALT005866,SRV006,2026-08-17,591,INC00942,Medium
ALT005867,SRV002,2026-02-09,1924,INC00513,High
ALT005868,SRV006,2025-08-28,785,INC00077,Medium
ALT005869,SRV010,2026-06-06,2096,INC00081,Critical
ALT005870,SRV003,2025-11-05,1644,INC01490,High
ALT005871,SRV004,2025-11-14,351,INC01295,Critical
ALT005872,SRV005,2025-06-23,2124,INC01424,High
ALT005873,SRV010,2025-07-31,1096,INC00090,High
ALT005874,SRV006,2026-05-08,1040,INC01048,Low
ALT005875,SRV003,2025-10-18,2194,INC00211,High
ALT005876,SRV009,2025-11-13,1492,INC00298,High
ALT005877,SRV001,2026-03-17,1357,INC00745,Medium
ALT005878,SRV007,2025-07-16,563,INC00873,Low
ALT005879,SRV008,2025-09-19,1535,INC00360,High
ALT005880,SRV004,2026-01-06,57,INC00037,Critical
ALT005881,SRV010,2025-07-10,741,INC00300,Critical
ALT005882,SRV001,2026-09-18,1076,INC00236,Critical
ALT005883,SRV002,2026-06-27,1548,INC00484,Critical
ALT005884,SRV008,2025-04-01,2193,INC00173,Low
ALT005885,SRV004,2025-04-17,420,INC00455,High
ALT005886,SRV007,2025-01-07,144,INC00578,Medium
ALT005887,SRV010,2026-01-14,609,INC00784,Medium
ALT005888,SRV003,2026-03-19,901,INC01153,Medium
ALT005889,SRV003,2025-12-14,239,INC00134,Medium
ALT005890,SRV003,2025-12-31,2273,INC00011,Critical
ALT005891,SRV002,2025-01-06,2308,INC00110,Low
ALT005892,SRV010,2026-10-03,780,INC00842,High
ALT005893,SRV002,2026-10-01,1290,INC01058,Critical
ALT005894,SRV004,2026-04-21,886,INC01105,Critical
ALT005895,SRV004,2026-04-19,867,INC01264,Medium
ALT005896,SRV008,2026-07-31,1046,INC01339,Low
ALT005897,SRV008,2026-01-21,2177,INC00637,High
ALT005898,SRV003,2026-03-16,1060,INC00065,Low
ALT005899,SRV006,2025-07-25,2070,INC00235,Medium
ALT005900,SRV007,2025-03-24,1317,INC00638,Critical
ALT005901,SRV007,2025-04-04,1946,INC00546,Critical
ALT005902,SRV002,2025-11-08,574,INC00450,Low
ALT005903,SRV005,2025-03-28,1597,INC00745,High
ALT005904,SRV007,2026-01-21,880,INC00549,Low
ALT005905,SRV001,2025-10-01,1571,INC00278,High
ALT005906,SRV010,2025-05-03,841,INC00561,Low
ALT005907,SRV004,2025-12-30,1053,INC00436,Critical
ALT005908,SRV004,2025-04-10,1577,INC00307,Critical
ALT005909,SRV009,2026-02-14,330,INC00513,Medium
ALT005910,SRV004,2025-03-13,1418,INC01270,Medium
ALT005911,SRV009,2026-12-23,1825,INC00241,Low
ALT005912,SRV003,2025-09-15,181,INC01048,Low
ALT005913,SRV003,2025-08-15,1893,INC01052,Medium
ALT005914,SRV009,2025-02-19,393,INC00655,High
ALT005915,SRV001,2026-11-22,1073,INC00258,Critical
ALT005916,SRV010,2025-04-27,479,INC00284,Critical
ALT005917,SRV008,2026-11-02,2225,INC01212,Critical
ALT005918,SRV001,2025-03-22,699,INC00123,High
ALT005919,SRV006,2025-12-02,1859,INC00104,Medium
ALT005920,SRV009,2026-04-29,1862,INC00981,Low
ALT005921,SRV010,2025-01-19,1383,INC01450,Low
ALT005922,SRV009,2025-06-17,2350,INC00540,High
ALT005923,SRV006,2026-08-13,897,INC00961,Low
ALT005924,SRV008,2026-05-02,1427,INC00421,High
ALT005925,SRV001,2026-08-26,408,INC01350,Critical
ALT005926,SRV008,2026-09-15,1958,INC00863,Medium
ALT005927,SRV009,2026-12-04,2160,INC00527,Critical
ALT005928,SRV004,2026-10-31,1791,INC01151,High
ALT005929,SRV003,2026-10-16,2200,INC00815,Medium
ALT005930,SRV001,2025-05-17,429,INC00436,Low
ALT005931,SRV003,2025-04-25,1322,INC00356,Medium
ALT005932,SRV009,2025-06-25,1139,INC00917,High
ALT005933,SRV006,2025-07-26,1387,INC00153,Medium
ALT005934,SRV001,2025-03-13,1328,INC00993,Critical
ALT005935,SRV009,2026-03-11,1190,INC00785,Low
ALT005936,SRV003,2025-01-29,867,INC00087,High
ALT005937,SRV003,2026-09-14,190,INC00533,Medium
ALT005938,SRV004,2025-10-01,2214,INC00640,Medium
ALT005939,SRV006,2025-01-14,2304,INC00125,Medium
ALT005940,SRV009,2025-04-13,1911,INC00771,Medium
ALT005941,SRV001,2026-05-06,808,INC01299,Critical
ALT005942,SRV004,2026-09-11,64,INC01208,Low
ALT005943,SRV009,2025-09-18,1006,INC01317,High
ALT005944,SRV010,2025-06-20,1741,INC00695,Low
ALT005945,SRV005,2025-01-26,420,INC01488,Medium
ALT005946,SRV004,2026-09-06,1106,INC00508,Low
ALT005947,SRV006,2026-02-18,193,INC00965,Critical
ALT005948,SRV004,2025-05-25,1726,INC00472,High
ALT005949,SRV006,2025-09-03,1554,INC00158,Low
ALT005950,SRV004,2025-01-21,978,INC01089,High
ALT005951,SRV008,2025-03-24,340,INC01423,Critical
ALT005952,SRV001,2025-05-13,1972,INC00437,Critical
ALT005953,SRV003,2026-12-23,1888,INC01328,High
ALT005954,SRV008,2026-01-08,1788,INC00792,Low
ALT005955,SRV007,2025-09-29,660,INC00025,High
ALT005956,SRV005,2025-10-20,1738,INC00800,Low
ALT005957,SRV010,2025-03-20,1130,INC00912,Medium
ALT005958,SRV002,2026-12-25,2095,INC00909,Critical
ALT005959,SRV003,2026-03-02,1659,INC00702,High
ALT005960,SRV002,2025-11-09,557,INC00427,Medium
ALT005961,SRV002,2025-03-03,1728,INC00578,Critical
ALT005962,SRV008,2025-09-28,1226,INC00467,High
ALT005963,SRV007,2025-10-13,1892,INC00149,Medium
ALT005964,SRV007,2026-10-19,2216,INC01148,High
ALT005965,SRV006,2026-05-21,701,INC01016,Medium
ALT005966,SRV010,2026-10-25,678,INC00623,Low
ALT005967,SRV004,2025-06-09,2267,INC00509,High
ALT005968,SRV003,2025-10-19,491,INC00077,Critical
ALT005969,SRV004,2026-08-31,1490,INC00714,Critical
ALT005970,SRV009,2025-03-03,1015,INC00334,Medium
ALT005971,SRV006,2026-07-09,1944,INC01313,Critical
ALT005972,SRV006,2025-11-03,1755,INC00142,High
ALT005973,SRV010,2026-12-24,2211,INC00059,Medium
ALT005974,SRV001,2025-08-31,87,INC00201,Critical
ALT005975,SRV002,2026-12-13,1711,INC01441,High
ALT005976,SRV004,2025-02-02,1181,INC00457,Critical
ALT005977,SRV001,2026-11-29,1882,INC01472,High
ALT005978,SRV007,2026-05-24,2045,INC00138,High
ALT005979,SRV009,2026-04-18,833,INC00580,Medium
ALT005980,SRV009,2026-01-09,1790,INC00092,High
ALT005981,SRV007,2025-10-18,1596,INC01089,Critical
ALT005982,SRV002,2026-04-29,1331,INC00833,Medium
ALT005983,SRV009,2026-10-19,780,INC00477,Critical
ALT005984,SRV010,2025-03-14,755,INC00340,Medium
ALT005985,SRV007,2026-05-19,91,INC00785,Low
ALT005986,SRV007,2026-10-27,2348,INC00421,Low
ALT005987,SRV006,2025-09-26,1152,INC00887,High
ALT005988,SRV004,2025-12-24,173,INC00107,Medium
ALT005989,SRV008,2025-10-08,1443,INC00263,High
ALT005990,SRV009,2026-03-07,2017,INC00180,Medium
ALT005991,SRV003,2026-08-26,1617,INC00810,High
ALT005992,SRV003,2025-12-20,1952,INC01179,Low
ALT005993,SRV007,2025-10-19,1538,INC01131,Low
ALT005994,SRV006,2025-01-10,1269,INC01244,Medium
ALT005995,SRV009,2026-11-02,1459,INC01333,Critical
ALT005996,SRV003,2026-05-15,1598,INC00123,Medium
ALT005997,SRV005,2026-07-20,2238,INC01097,High
ALT005998,SRV001,2025-08-21,2011,INC00277,High
ALT005999,SRV007,2026-11-17,2259,INC00357,High
ALT006000,SRV007,2026-07-15,1180,INC00523,High
