metric_id,application_id,date_id,timestamp,uptime_minutes,total_transactions,failed_transactions,avg_api_latency_ms,api_requests,api_successes
AM000001,APP007,2025-06-15,2025-02-16 03:00:00,1401,23011,862,233.22,23011,22149
AM000002,APP008,2025-11-14,2026-09-08 21:00:00,1439,10521,236,39.91,10521,10285
AM000003,APP003,2025-11-04,2025-03-07 06:00:00,1412,1497,57,126.59,1497,1440
AM000004,APP005,2026-09-12,2026-04-05 07:00:00,1393,33379,1200,258.9,33379,32179
AM000005,APP007,2025-01-23,2025-05-01 15:00:00,1419,42819,1826,114.38,42819,40993
AM000006,APP004,2025-08-28,2026-04-19 18:00:00,1414,33507,819,18.49,33507,32688
AM000007,APP004,2025-07-11,2025-03-26 21:00:00,1386,19185,248,114.73,19185,18937
AM000008,APP002,2025-05-05,2026-02-14 22:00:00,1429,16524,444,142.9,16524,16080
AM000009,APP002,2025-11-29,2025-03-12 12:00:00,1395,1469,53,154.35,1469,1416
AM000010,APP006,2025-11-20,2026-04-26 20:00:00,1396,5515,148,317.04,5515,5367
AM000011,APP008,2025-09-15,2025-09-12 03:00:00,1390,49915,1108,145.83,49915,48807
AM000012,APP008,2026-12-14,2026-09-25 21:00:00,1414,2381,47,201.82,2381,2334
AM000013,APP003,2025-06-13,2025-10-20 10:00:00,1413,5065,113,256.84,5065,4952
AM000014,APP004,2026-02-03,2025-06-05 22:00:00,1383,17353,392,275.93,17353,16961
AM000015,APP003,2025-12-01,2025-11-10 17:00:00,1416,49684,1779,81.38,49684,47905
AM000016,APP005,2026-03-01,2025-05-07 15:00:00,1383,41038,901,321.76,41038,40137
AM000017,APP003,2025-01-04,2025-04-11 22:00:00,1437,1948,88,47.86,1948,1860
AM000018,APP008,2025-05-15,2026-09-21 21:00:00,1433,8559,27,230.73,8559,8532
AM000019,APP004,2025-05-26,2026-10-19 19:00:00,1426,8462,421,286.87,8462,8041
AM000020,APP008,2026-07-10,2025-08-13 19:00:00,1381,29405,236,171.02,29405,29169
AM000021,APP007,2026-03-11,2025-02-27 16:00:00,1436,49234,1823,87.88,49234,47411
AM000022,APP003,2025-11-27,2025-05-07 21:00:00,1398,8590,108,88.91,8590,8482
AM000023,APP005,2026-11-25,2025-06-17 15:00:00,1387,8943,413,282.24,8943,8530
AM000024,APP008,2025-02-02,2026-06-08 10:00:00,1429,37730,831,170.48,37730,36899
AM000025,APP007,2025-12-21,2025-04-02 13:00:00,1435,47732,1459,162.29,47732,46273
AM000026,APP008,2026-10-30,2025-10-07 23:00:00,1411,34416,699,217.93,34416,33717
AM000027,APP006,2026-03-23,2025-04-20 13:00:00,1414,36056,559,35.7,36056,35497
AM000028,APP007,2025-02-10,2025-01-27 21:00:00,1389,21081,290,310.51,21081,20791
AM000029,APP002,2025-03-29,2025-06-08 08:00:00,1396,47425,1883,203.15,47425,45542
AM000030,APP004,2025-05-21,2026-06-23 13:00:00,1417,4984,105,180.42,4984,4879
AM000031,APP007,2025-01-07,2025-01-05 08:00:00,1434,17402,489,51.25,17402,16913
AM000032,APP003,2025-01-07,2026-06-06 11:00:00,1432,10391,196,31.18,10391,10195
AM000033,APP004,2025-03-14,2025-01-13 08:00:00,1403,36429,1748,217.65,36429,34681
AM000034,APP003,2025-08-27,2025-11-22 02:00:00,1438,48418,1907,125.63,48418,46511
AM000035,APP005,2025-11-17,2025-05-17 18:00:00,1400,14698,564,164.34,14698,14134
AM000036,APP006,2025-08-25,2026-06-24 06:00:00,1403,33048,1153,45.15,33048,31895
AM000037,APP006,2026-03-07,2026-10-18 20:00:00,1433,34686,529,143.59,34686,34157
AM000038,APP002,2025-12-23,2026-09-26 01:00:00,1398,35874,1355,98.79,35874,34519
AM000039,APP006,2025-12-04,2025-07-26 08:00:00,1402,28857,341,154.71,28857,28516
AM000040,APP006,2025-05-31,2025-06-11 08:00:00,1438,30491,477,335.52,30491,30014
AM000041,APP005,2026-03-07,2026-10-28 10:00:00,1409,28530,1331,42.69,28530,27199
AM000042,APP006,2026-01-14,2025-07-05 10:00:00,1400,43150,1929,332.79,43150,41221
AM000043,APP003,2025-12-29,2025-01-12 00:00:00,1410,44376,1921,42.34,44376,42455
AM000044,APP002,2026-05-21,2025-08-11 00:00:00,1397,44175,946,329.1,44175,43229
AM000045,APP004,2026-11-26,2025-08-31 05:00:00,1415,37345,67,112.41,37345,37278
AM000046,APP007,2025-12-20,2026-10-24 02:00:00,1388,42791,74,227.19,42791,42717
AM000047,APP002,2025-07-08,2025-05-08 19:00:00,1432,17322,275,310.28,17322,17047
AM000048,APP008,2025-06-24,2025-08-15 04:00:00,1397,45637,480,280.69,45637,45157
AM000049,APP001,2025-03-05,2026-06-25 03:00:00,1421,38582,1012,130.1,38582,37570
AM000050,APP007,2025-11-27,2025-11-27 13:00:00,1383,4134,123,82.75,4134,4011
AM000051,APP008,2025-08-10,2025-05-16 16:00:00,1403,48266,1869,118.9,48266,46397
AM000052,APP002,2026-04-06,2026-08-02 03:00:00,1405,13586,136,174.84,13586,13450
AM000053,APP008,2025-03-11,2026-06-06 01:00:00,1417,17930,421,289.84,17930,17509
AM000054,APP005,2025-11-05,2025-08-06 07:00:00,1391,42735,1960,171.82,42735,40775
AM000055,APP001,2026-08-20,2026-05-02 15:00:00,1410,41316,1580,309.31,41316,39736
AM000056,APP003,2025-06-21,2026-07-24 21:00:00,1384,18215,638,180.56,18215,17577
AM000057,APP004,2026-06-14,2026-04-01 23:00:00,1423,6694,138,28.19,6694,6556
AM000058,APP006,2026-12-15,2025-02-21 16:00:00,1395,9141,386,327.94,9141,8755
AM000059,APP004,2026-10-01,2026-08-01 12:00:00,1388,16110,526,254.4,16110,15584
AM000060,APP002,2026-02-21,2025-02-21 13:00:00,1425,17204,484,50.22,17204,16720
AM000061,APP008,2026-12-02,2025-02-24 09:00:00,1410,5616,138,231.11,5616,5478
AM000062,APP002,2025-08-24,2025-09-02 13:00:00,1426,48722,920,302.95,48722,47802
AM000063,APP008,2026-06-17,2026-03-10 17:00:00,1431,21780,233,280.6,21780,21547
AM000064,APP007,2026-12-15,2026-08-09 04:00:00,1404,2473,52,162.87,2473,2421
AM000065,APP005,2025-09-08,2026-08-27 12:00:00,1380,16283,129,268.52,16283,16154
AM000066,APP005,2025-02-19,2025-09-26 03:00:00,1388,28765,585,198.37,28765,28180
AM000067,APP006,2026-04-02,2025-11-06 23:00:00,1437,27429,979,233.49,27429,26450
AM000068,APP003,2025-06-28,2026-10-03 16:00:00,1383,5466,38,236.07,5466,5428
AM000069,APP005,2025-12-28,2026-08-03 06:00:00,1393,49238,413,168.62,49238,48825
AM000070,APP006,2025-02-12,2025-03-08 03:00:00,1383,28913,1227,57.04,28913,27686
AM000071,APP008,2026-12-16,2026-02-27 02:00:00,1397,3361,97,218.79,3361,3264
AM000072,APP007,2025-02-21,2026-06-13 21:00:00,1385,39121,1403,111.52,39121,37718
AM000073,APP001,2026-02-03,2026-04-04 17:00:00,1408,30668,1417,160.28,30668,29251
AM000074,APP008,2026-06-07,2026-03-05 00:00:00,1387,36398,120,340.84,36398,36278
AM000075,APP001,2026-11-28,2025-09-13 15:00:00,1405,32511,1443,86.97,32511,31068
AM000076,APP006,2025-06-21,2025-05-17 22:00:00,1393,27772,988,171.98,27772,26784
AM000077,APP003,2026-08-29,2025-02-12 15:00:00,1380,20545,345,22.93,20545,20200
AM000078,APP005,2025-06-27,2026-12-15 18:00:00,1390,4923,162,254.03,4923,4761
AM000079,APP004,2025-10-04,2026-08-04 05:00:00,1386,11975,454,86.42,11975,11521
AM000080,APP007,2026-04-17,2025-01-01 04:00:00,1380,11441,186,331.72,11441,11255
AM000081,APP005,2025-06-18,2026-08-20 09:00:00,1407,27326,289,252.52,27326,27037
AM000082,APP001,2026-02-14,2026-12-07 13:00:00,1396,37211,94,241.38,37211,37117
AM000083,APP002,2026-12-14,2025-09-18 15:00:00,1407,12812,553,91.67,12812,12259
AM000084,APP004,2025-07-24,2026-04-15 13:00:00,1418,16473,378,101.8,16473,16095
AM000085,APP004,2025-04-14,2025-01-15 08:00:00,1399,6406,242,47.98,6406,6164
AM000086,APP004,2025-12-11,2026-02-03 20:00:00,1408,48366,1982,113.43,48366,46384
AM000087,APP003,2025-06-05,2026-04-17 01:00:00,1396,49327,2237,296.25,49327,47090
AM000088,APP005,2025-07-19,2026-04-27 02:00:00,1387,37465,163,320.94,37465,37302
AM000089,APP001,2026-06-17,2025-05-15 09:00:00,1428,8693,166,220.07,8693,8527
AM000090,APP004,2025-01-02,2026-07-01 19:00:00,1402,7895,41,260.88,7895,7854
AM000091,APP004,2026-06-17,2026-01-21 15:00:00,1437,46297,1411,253.97,46297,44886
AM000092,APP007,2025-10-27,2026-02-04 05:00:00,1398,42223,1337,316.55,42223,40886
AM000093,APP008,2025-10-19,2025-04-11 19:00:00,1390,40584,430,293.25,40584,40154
AM000094,APP004,2025-06-12,2026-03-18 05:00:00,1404,45109,813,46.73,45109,44296
AM000095,APP004,2025-05-07,2025-03-15 19:00:00,1384,45593,2093,235.87,45593,43500
AM000096,APP008,2025-12-21,2025-11-01 10:00:00,1385,33161,835,227.4,33161,32326
AM000097,APP007,2026-12-30,2025-06-08 09:00:00,1395,27497,100,83.32,27497,27397
AM000098,APP004,2026-12-20,2026-06-22 04:00:00,1407,15244,198,94.56,15244,15046
AM000099,APP004,2026-03-13,2026-04-26 14:00:00,1409,6475,112,318.83,6475,6363
AM000100,APP005,2025-02-10,2026-06-24 11:00:00,1400,18784,50,267.74,18784,18734
AM000101,APP006,2026-11-10,2025-05-01 00:00:00,1423,28576,342,115.57,28576,28234
AM000102,APP001,2025-07-18,2026-01-20 19:00:00,1386,4837,205,348.82,4837,4632
AM000103,APP003,2025-10-31,2025-03-07 10:00:00,1387,2359,23,284.52,2359,2336
AM000104,APP002,2025-04-16,2026-12-25 11:00:00,1408,16086,572,203.93,16086,15514
AM000105,APP005,2026-01-20,2025-01-14 09:00:00,1397,24987,988,274.91,24987,23999
AM000106,APP005,2026-01-28,2025-10-29 08:00:00,1405,47555,463,289.41,47555,47092
AM000107,APP005,2025-07-25,2025-08-14 21:00:00,1424,37767,734,296.2,37767,37033
AM000108,APP008,2025-01-22,2025-06-28 19:00:00,1384,31511,1084,135.25,31511,30427
AM000109,APP003,2025-07-06,2026-03-08 08:00:00,1392,31414,1496,298.17,31414,29918
AM000110,APP003,2025-01-03,2026-07-20 19:00:00,1429,15420,607,292.56,15420,14813
AM000111,APP004,2025-09-27,2026-12-31 12:00:00,1387,24413,452,73.73,24413,23961
AM000112,APP008,2025-11-08,2025-02-05 19:00:00,1413,15997,467,114.59,15997,15530
AM000113,APP001,2026-05-10,2026-06-19 05:00:00,1423,18012,408,76.32,18012,17604
AM000114,APP003,2026-03-26,2026-07-28 08:00:00,1432,46785,1719,90.58,46785,45066
AM000115,APP008,2026-10-24,2025-02-19 13:00:00,1396,6389,267,204.63,6389,6122
AM000116,APP003,2025-01-19,2025-06-04 00:00:00,1386,23011,124,43.11,23011,22887
AM000117,APP001,2025-02-12,2026-12-22 03:00:00,1435,34357,1199,25.6,34357,33158
AM000118,APP005,2026-08-13,2026-01-29 06:00:00,1435,46254,1426,122.32,46254,44828
AM000119,APP003,2026-03-28,2025-12-01 18:00:00,1431,1647,75,115.35,1647,1572
AM000120,APP006,2026-01-31,2025-07-20 21:00:00,1383,17876,105,348.21,17876,17771
AM000121,APP004,2025-04-10,2026-07-26 12:00:00,1394,1641,37,255.57,1641,1604
AM000122,APP002,2025-11-16,2025-03-28 07:00:00,1433,48019,1967,95.29,48019,46052
AM000123,APP001,2026-02-09,2026-08-06 01:00:00,1406,34182,1129,321.76,34182,33053
AM000124,APP008,2026-08-12,2026-12-15 02:00:00,1436,46343,177,24.96,46343,46166
AM000125,APP001,2025-05-07,2026-06-16 00:00:00,1433,34993,1560,45.17,34993,33433
AM000126,APP002,2025-09-19,2026-08-03 19:00:00,1393,4555,84,323.4,4555,4471
AM000127,APP006,2026-04-25,2025-02-27 06:00:00,1386,41167,1686,61.09,41167,39481
AM000128,APP001,2026-03-21,2025-03-07 15:00:00,1423,47743,141,243.11,47743,47602
AM000129,APP003,2026-08-19,2026-02-11 13:00:00,1406,10708,442,254.08,10708,10266
AM000130,APP007,2025-02-06,2025-08-15 18:00:00,1431,23926,102,309.45,23926,23824
AM000131,APP002,2025-07-23,2026-12-31 16:00:00,1413,2515,46,30.55,2515,2469
AM000132,APP007,2026-02-26,2026-12-14 08:00:00,1384,30109,1382,242.13,30109,28727
AM000133,APP008,2025-06-29,2026-03-25 22:00:00,1423,41293,407,253.85,41293,40886
AM000134,APP001,2025-09-09,2026-11-28 22:00:00,1414,41777,1383,326.63,41777,40394
AM000135,APP003,2026-12-16,2025-07-06 20:00:00,1397,35751,1342,274.08,35751,34409
AM000136,APP003,2025-09-12,2025-02-25 02:00:00,1399,11883,392,116.03,11883,11491
AM000137,APP005,2026-06-05,2025-11-26 23:00:00,1424,9257,450,212.5,9257,8807
AM000138,APP005,2025-03-18,2026-01-11 05:00:00,1408,6323,91,182.47,6323,6232
AM000139,APP007,2025-08-18,2026-02-06 06:00:00,1407,28019,188,264.85,28019,27831
AM000140,APP001,2025-01-14,2026-07-25 12:00:00,1415,30202,308,110.07,30202,29894
AM000141,APP008,2025-01-01,2026-12-06 08:00:00,1393,36700,394,31.46,36700,36306
AM000142,APP001,2025-12-25,2025-08-13 06:00:00,1396,30156,1381,241.31,30156,28775
AM000143,APP005,2025-09-23,2026-04-06 15:00:00,1400,45909,231,232.49,45909,45678
AM000144,APP002,2025-09-12,2026-11-27 20:00:00,1399,48045,1222,340.22,48045,46823
AM000145,APP007,2025-01-01,2025-12-12 21:00:00,1408,37457,168,163.49,37457,37289
AM000146,APP006,2025-02-02,2026-04-06 08:00:00,1423,15689,744,22.58,15689,14945
AM000147,APP008,2025-06-03,2025-09-20 08:00:00,1405,7946,28,193.84,7946,7918
AM000148,APP005,2026-09-23,2026-04-12 04:00:00,1429,19701,628,225.85,19701,19073
AM000149,APP005,2025-10-29,2026-09-03 07:00:00,1414,5892,117,333.55,5892,5775
AM000150,APP003,2026-06-03,2026-11-25 22:00:00,1405,21867,966,297.58,21867,20901
AM000151,APP003,2025-06-27,2026-08-24 18:00:00,1408,31934,470,254.0,31934,31464
AM000152,APP003,2026-04-10,2026-06-26 22:00:00,1429,24703,768,137.44,24703,23935
AM000153,APP003,2026-02-28,2025-09-06 18:00:00,1435,47879,691,18.16,47879,47188
AM000154,APP007,2026-02-11,2025-03-30 08:00:00,1399,36581,1259,176.89,36581,35322
AM000155,APP008,2025-06-25,2025-09-26 01:00:00,1411,23613,1120,30.93,23613,22493
AM000156,APP003,2026-05-16,2026-07-11 21:00:00,1426,31019,989,280.92,31019,30030
AM000157,APP006,2025-04-13,2025-06-24 18:00:00,1421,45601,769,266.86,45601,44832
AM000158,APP003,2025-08-25,2025-09-05 09:00:00,1390,6451,305,348.22,6451,6146
AM000159,APP003,2026-12-09,2025-01-26 05:00:00,1434,25080,915,261.98,25080,24165
AM000160,APP005,2026-06-21,2026-12-22 04:00:00,1430,49606,1660,43.86,49606,47946
AM000161,APP003,2026-12-05,2026-04-03 16:00:00,1416,8179,265,18.96,8179,7914
AM000162,APP003,2026-05-21,2026-03-12 14:00:00,1399,28288,928,185.07,28288,27360
AM000163,APP002,2026-09-07,2025-09-05 13:00:00,1433,21908,747,112.72,21908,21161
AM000164,APP004,2026-03-28,2025-05-13 04:00:00,1435,15532,237,242.2,15532,15295
AM000165,APP003,2026-06-20,2025-03-06 20:00:00,1409,7177,279,106.32,7177,6898
AM000166,APP006,2025-03-12,2026-06-11 02:00:00,1428,5744,116,26.09,5744,5628
AM000167,APP001,2025-02-20,2026-03-08 01:00:00,1390,48480,482,36.79,48480,47998
AM000168,APP006,2025-12-11,2025-10-22 04:00:00,1411,34921,1364,197.02,34921,33557
AM000169,APP006,2026-10-01,2026-11-16 22:00:00,1404,21226,792,288.27,21226,20434
AM000170,APP001,2026-09-05,2026-01-30 10:00:00,1439,2082,70,320.13,2082,2012
AM000171,APP005,2026-09-04,2026-10-21 08:00:00,1407,42310,2027,171.48,42310,40283
AM000172,APP004,2026-06-14,2026-07-10 23:00:00,1428,41044,56,253.44,41044,40988
AM000173,APP005,2026-02-24,2025-11-13 05:00:00,1436,18335,406,212.4,18335,17929
AM000174,APP007,2025-08-12,2025-11-10 14:00:00,1427,32939,443,83.1,32939,32496
AM000175,APP004,2026-09-24,2025-07-06 02:00:00,1430,3223,40,149.07,3223,3183
AM000176,APP005,2026-05-26,2025-04-17 15:00:00,1411,2354,29,44.16,2354,2325
AM000177,APP002,2025-01-26,2025-07-19 15:00:00,1437,16251,66,346.78,16251,16185
AM000178,APP006,2026-01-15,2026-10-12 01:00:00,1380,2706,73,138.01,2706,2633
AM000179,APP004,2025-02-04,2026-03-07 15:00:00,1409,41920,849,47.93,41920,41071
AM000180,APP005,2025-02-17,2026-11-07 17:00:00,1431,3130,87,186.1,3130,3043
AM000181,APP001,2025-02-08,2025-06-24 03:00:00,1394,8495,346,91.2,8495,8149
AM000182,APP005,2026-08-15,2026-09-11 04:00:00,1425,12563,207,147.48,12563,12356
AM000183,APP001,2026-12-14,2025-07-01 10:00:00,1418,14307,428,212.83,14307,13879
AM000184,APP001,2026-09-09,2025-07-11 04:00:00,1436,27887,421,54.36,27887,27466
AM000185,APP005,2025-02-20,2026-07-14 15:00:00,1380,19667,905,299.75,19667,18762
AM000186,APP002,2025-07-27,2025-02-28 19:00:00,1396,33685,1259,289.85,33685,32426
AM000187,APP003,2025-08-17,2025-04-17 21:00:00,1384,47489,1729,20.8,47489,45760
AM000188,APP007,2025-08-02,2025-07-14 00:00:00,1406,2538,125,161.77,2538,2413
AM000189,APP001,2025-02-19,2025-07-16 22:00:00,1428,29250,796,127.03,29250,28454
AM000190,APP008,2026-07-27,2026-01-21 19:00:00,1391,8381,272,122.04,8381,8109
AM000191,APP007,2025-03-09,2026-03-02 05:00:00,1408,26392,699,146.29,26392,25693
AM000192,APP001,2025-07-18,2025-10-11 09:00:00,1385,4317,118,210.94,4317,4199
AM000193,APP004,2025-01-29,2026-05-10 09:00:00,1438,46595,2128,235.68,46595,44467
AM000194,APP003,2026-08-16,2026-12-24 01:00:00,1388,25122,524,60.51,25122,24598
AM000195,APP007,2026-11-14,2025-10-24 20:00:00,1386,48961,99,262.03,48961,48862
AM000196,APP001,2025-09-18,2026-04-23 19:00:00,1385,24497,63,313.64,24497,24434
AM000197,APP007,2026-09-24,2025-05-12 13:00:00,1437,20058,551,134.88,20058,19507
AM000198,APP006,2025-01-19,2026-01-01 02:00:00,1406,10783,70,150.7,10783,10713
AM000199,APP008,2026-03-14,2025-04-25 14:00:00,1383,11233,262,313.36,11233,10971
AM000200,APP005,2025-07-11,2026-07-06 04:00:00,1413,9304,9,158.5,9304,9295
AM000201,APP005,2026-10-27,2025-07-29 00:00:00,1411,1424,53,62.77,1424,1371
AM000202,APP008,2025-12-01,2026-07-08 20:00:00,1436,16337,681,240.28,16337,15656
AM000203,APP003,2026-06-04,2026-07-26 23:00:00,1398,3538,98,122.64,3538,3440
AM000204,APP003,2025-08-11,2025-09-15 22:00:00,1406,47968,53,305.83,47968,47915
AM000205,APP001,2025-02-02,2026-10-08 15:00:00,1419,24808,335,57.56,24808,24473
AM000206,APP004,2026-07-23,2025-01-24 08:00:00,1396,46592,1363,279.19,46592,45229
AM000207,APP006,2026-10-12,2026-11-14 00:00:00,1392,41308,1865,105.38,41308,39443
AM000208,APP005,2025-05-30,2025-05-17 01:00:00,1410,15265,498,307.09,15265,14767
AM000209,APP002,2026-10-01,2026-09-13 22:00:00,1424,18988,505,16.06,18988,18483
AM000210,APP004,2025-07-15,2025-07-02 15:00:00,1428,21764,949,48.25,21764,20815
AM000211,APP001,2025-10-14,2026-10-09 14:00:00,1381,29868,773,181.17,29868,29095
AM000212,APP002,2026-11-09,2025-01-23 22:00:00,1423,44478,1381,187.47,44478,43097
AM000213,APP005,2026-03-05,2026-08-13 06:00:00,1388,48018,2080,213.46,48018,45938
AM000214,APP007,2025-06-15,2025-06-25 03:00:00,1438,39360,716,345.84,39360,38644
AM000215,APP004,2026-08-17,2026-09-09 05:00:00,1423,10906,431,166.38,10906,10475
AM000216,APP003,2026-02-14,2025-03-03 17:00:00,1427,47221,981,81.56,47221,46240
AM000217,APP008,2026-06-15,2025-07-03 01:00:00,1419,11705,185,297.16,11705,11520
AM000218,APP005,2026-08-23,2025-07-17 19:00:00,1407,12291,108,18.11,12291,12183
AM000219,APP007,2025-10-30,2026-05-26 22:00:00,1423,33955,1484,150.44,33955,32471
AM000220,APP004,2025-09-26,2025-08-26 04:00:00,1417,9058,52,330.89,9058,9006
AM000221,APP008,2025-12-04,2025-04-18 01:00:00,1432,12053,566,64.06,12053,11487
AM000222,APP002,2026-07-10,2025-06-30 06:00:00,1417,34765,1052,342.51,34765,33713
AM000223,APP001,2026-11-03,2025-01-16 23:00:00,1388,25014,571,306.19,25014,24443
AM000224,APP005,2026-02-16,2026-07-28 18:00:00,1432,20163,384,110.17,20163,19779
AM000225,APP002,2026-11-21,2026-01-27 23:00:00,1381,1136,8,236.36,1136,1128
AM000226,APP003,2026-03-23,2026-08-27 18:00:00,1404,20834,107,146.06,20834,20727
AM000227,APP004,2026-01-30,2025-03-02 05:00:00,1404,25220,325,321.88,25220,24895
AM000228,APP005,2025-02-22,2026-12-26 13:00:00,1438,34280,1093,118.82,34280,33187
AM000229,APP005,2025-05-25,2025-12-22 08:00:00,1435,3765,133,95.05,3765,3632
AM000230,APP003,2025-10-30,2026-07-31 21:00:00,1413,30349,1146,338.74,30349,29203
AM000231,APP001,2025-02-11,2025-09-08 05:00:00,1430,44314,1766,273.11,44314,42548
AM000232,APP004,2025-11-30,2025-11-07 14:00:00,1380,8088,182,347.08,8088,7906
AM000233,APP006,2025-06-27,2025-12-09 02:00:00,1387,49481,1683,164.55,49481,47798
AM000234,APP006,2025-01-31,2026-03-24 00:00:00,1416,46918,443,67.15,46918,46475
AM000235,APP008,2026-04-13,2026-08-01 15:00:00,1439,35392,437,326.02,35392,34955
AM000236,APP003,2025-09-28,2025-11-14 22:00:00,1383,22704,1024,69.26,22704,21680
AM000237,APP006,2025-04-29,2026-10-04 03:00:00,1427,44863,54,214.28,44863,44809
AM000238,APP006,2025-06-30,2026-07-18 02:00:00,1403,15696,246,73.99,15696,15450
AM000239,APP001,2026-01-19,2025-11-02 05:00:00,1410,14257,191,172.82,14257,14066
AM000240,APP002,2025-03-01,2025-04-24 00:00:00,1393,13679,73,330.48,13679,13606
AM000241,APP004,2026-04-03,2025-07-16 09:00:00,1415,13048,211,70.25,13048,12837
AM000242,APP006,2026-09-23,2026-02-01 17:00:00,1438,48432,1898,223.52,48432,46534
AM000243,APP006,2026-03-07,2026-03-11 05:00:00,1380,20410,567,240.34,20410,19843
AM000244,APP003,2026-02-03,2026-04-15 01:00:00,1439,20151,179,53.73,20151,19972
AM000245,APP007,2025-06-29,2025-04-21 22:00:00,1427,20927,58,294.68,20927,20869
AM000246,APP002,2026-01-07,2026-04-02 21:00:00,1424,28138,1260,341.23,28138,26878
AM000247,APP008,2025-03-06,2025-04-24 06:00:00,1419,6170,258,259.12,6170,5912
AM000248,APP008,2025-11-13,2025-12-03 12:00:00,1409,43197,727,180.89,43197,42470
AM000249,APP006,2025-01-24,2026-08-27 09:00:00,1391,39311,1006,286.11,39311,38305
AM000250,APP003,2026-08-29,2025-02-14 08:00:00,1426,25015,53,217.05,25015,24962
AM000251,APP007,2025-06-26,2026-10-14 21:00:00,1422,32490,939,129.28,32490,31551
AM000252,APP008,2026-12-16,2025-02-19 02:00:00,1404,14929,650,340.93,14929,14279
AM000253,APP006,2026-07-12,2025-01-15 23:00:00,1416,12600,57,249.07,12600,12543
AM000254,APP005,2026-10-25,2025-03-02 09:00:00,1426,34816,1023,119.98,34816,33793
AM000255,APP007,2025-12-29,2026-06-09 18:00:00,1380,36664,121,18.41,36664,36543
AM000256,APP002,2025-09-02,2025-05-09 19:00:00,1397,36612,763,254.55,36612,35849
AM000257,APP008,2025-02-21,2025-04-08 15:00:00,1439,4749,151,138.0,4749,4598
AM000258,APP008,2026-04-11,2025-03-18 05:00:00,1403,22413,265,98.22,22413,22148
AM000259,APP007,2025-07-30,2026-07-11 07:00:00,1435,3219,49,20.11,3219,3170
AM000260,APP006,2026-12-23,2025-01-03 07:00:00,1401,14517,450,234.92,14517,14067
AM000261,APP007,2025-06-17,2026-02-25 15:00:00,1435,45221,1608,332.58,45221,43613
AM000262,APP004,2025-05-24,2025-11-06 00:00:00,1386,12662,421,77.92,12662,12241
AM000263,APP007,2025-11-16,2026-11-12 18:00:00,1424,44063,1148,254.8,44063,42915
AM000264,APP005,2025-02-22,2025-12-03 14:00:00,1396,28184,809,31.45,28184,27375
AM000265,APP004,2026-07-08,2026-08-12 23:00:00,1388,25163,876,205.55,25163,24287
AM000266,APP005,2026-11-05,2026-06-16 04:00:00,1416,13649,673,184.71,13649,12976
AM000267,APP001,2025-06-27,2026-11-07 06:00:00,1394,25609,952,132.24,25609,24657
AM000268,APP004,2025-04-10,2025-08-05 04:00:00,1383,2061,9,25.16,2061,2052
AM000269,APP008,2026-05-12,2025-02-11 22:00:00,1414,44491,1118,162.6,44491,43373
AM000270,APP004,2025-02-16,2026-09-08 02:00:00,1407,41946,95,214.79,41946,41851
AM000271,APP004,2026-03-12,2025-08-02 17:00:00,1383,4534,37,59.68,4534,4497
AM000272,APP006,2026-10-06,2025-01-28 15:00:00,1388,13212,622,118.19,13212,12590
AM000273,APP002,2025-07-02,2025-07-04 00:00:00,1415,33632,765,79.11,33632,32867
AM000274,APP002,2026-02-09,2026-06-03 23:00:00,1414,43784,758,233.26,43784,43026
AM000275,APP005,2026-04-04,2025-10-30 23:00:00,1382,32259,433,25.2,32259,31826
AM000276,APP002,2026-07-02,2026-11-29 20:00:00,1423,15979,564,333.66,15979,15415
AM000277,APP008,2026-10-27,2026-11-03 03:00:00,1427,19082,137,253.18,19082,18945
AM000278,APP001,2025-10-03,2026-08-05 07:00:00,1387,9161,450,117.63,9161,8711
AM000279,APP004,2025-05-11,2026-01-01 09:00:00,1435,41759,1480,312.23,41759,40279
AM000280,APP006,2026-09-03,2026-07-03 08:00:00,1408,28894,1193,305.46,28894,27701
AM000281,APP004,2026-08-12,2026-04-26 08:00:00,1398,37325,58,249.63,37325,37267
AM000282,APP005,2025-01-13,2026-10-13 09:00:00,1427,45386,204,276.46,45386,45182
AM000283,APP008,2026-10-02,2026-12-31 12:00:00,1436,21971,711,319.92,21971,21260
AM000284,APP008,2026-09-20,2026-07-11 16:00:00,1420,4783,79,117.22,4783,4704
AM000285,APP005,2025-08-30,2026-05-05 05:00:00,1383,33487,898,44.03,33487,32589
AM000286,APP001,2026-05-14,2025-03-22 12:00:00,1384,38046,1611,277.88,38046,36435
AM000287,APP008,2026-03-29,2026-04-19 22:00:00,1383,40408,1413,330.55,40408,38995
AM000288,APP004,2026-09-10,2025-11-16 22:00:00,1410,42044,1243,168.54,42044,40801
AM000289,APP006,2026-07-05,2026-08-25 15:00:00,1405,45396,469,330.79,45396,44927
AM000290,APP006,2025-06-16,2026-06-04 21:00:00,1402,11815,278,345.09,11815,11537
AM000291,APP008,2025-12-22,2025-01-19 11:00:00,1429,39614,528,176.06,39614,39086
AM000292,APP005,2026-04-15,2026-12-04 08:00:00,1398,17175,703,284.99,17175,16472
AM000293,APP006,2025-04-21,2026-06-25 03:00:00,1383,7877,325,144.35,7877,7552
AM000294,APP005,2026-11-16,2025-06-05 10:00:00,1407,39954,1378,349.79,39954,38576
AM000295,APP001,2026-01-11,2026-02-16 22:00:00,1424,41460,1505,173.72,41460,39955
AM000296,APP005,2025-07-11,2025-01-17 14:00:00,1434,22744,174,133.55,22744,22570
AM000297,APP007,2026-06-06,2026-05-24 22:00:00,1387,36483,48,127.85,36483,36435
AM000298,APP004,2026-02-25,2025-04-04 22:00:00,1409,28152,1298,78.02,28152,26854
AM000299,APP007,2026-09-15,2025-05-24 04:00:00,1401,29558,1343,181.28,29558,28215
AM000300,APP005,2025-01-17,2025-01-04 12:00:00,1396,38654,606,81.5,38654,38048
AM000301,APP004,2025-11-30,2026-12-18 23:00:00,1431,33507,1055,160.86,33507,32452
AM000302,APP003,2025-07-04,2026-08-01 15:00:00,1392,28210,284,129.99,28210,27926
AM000303,APP004,2025-01-06,2026-09-28 22:00:00,1413,34214,915,265.69,34214,33299
AM000304,APP004,2026-08-15,2025-03-02 06:00:00,1406,25246,158,86.19,25246,25088
AM000305,APP004,2025-03-13,2026-06-09 06:00:00,1408,44791,178,82.24,44791,44613
AM000306,APP006,2026-07-15,2025-06-14 13:00:00,1425,11834,520,60.47,11834,11314
AM000307,APP003,2025-07-18,2025-04-07 14:00:00,1438,15049,470,93.4,15049,14579
AM000308,APP002,2025-05-04,2025-03-29 23:00:00,1413,26634,926,257.68,26634,25708
AM000309,APP004,2026-09-06,2026-10-21 16:00:00,1385,12935,267,217.54,12935,12668
AM000310,APP005,2026-03-23,2026-06-10 08:00:00,1404,35131,742,162.89,35131,34389
AM000311,APP004,2025-11-07,2026-11-23 16:00:00,1401,32585,712,213.19,32585,31873
AM000312,APP004,2026-02-19,2026-01-08 17:00:00,1431,4663,80,154.65,4663,4583
AM000313,APP003,2026-03-09,2025-01-07 23:00:00,1439,1680,80,241.94,1680,1600
AM000314,APP001,2025-04-29,2025-09-16 19:00:00,1419,38982,447,259.85,38982,38535
AM000315,APP004,2025-03-02,2025-12-11 01:00:00,1382,42745,898,311.8,42745,41847
AM000316,APP003,2025-01-07,2026-12-05 03:00:00,1400,32318,1169,219.44,32318,31149
AM000317,APP006,2026-02-11,2025-07-13 23:00:00,1406,17113,406,126.06,17113,16707
AM000318,APP008,2025-03-29,2026-04-07 07:00:00,1426,14608,407,152.74,14608,14201
AM000319,APP006,2025-04-21,2026-12-26 10:00:00,1387,36591,1047,302.25,36591,35544
AM000320,APP001,2026-02-28,2026-06-15 01:00:00,1421,37291,433,170.55,37291,36858
AM000321,APP004,2026-05-08,2026-10-15 14:00:00,1391,16097,583,117.3,16097,15514
AM000322,APP004,2025-03-31,2025-06-17 20:00:00,1426,36588,102,50.63,36588,36486
AM000323,APP005,2026-03-15,2025-12-04 16:00:00,1423,48982,1158,142.62,48982,47824
AM000324,APP005,2026-09-21,2025-02-20 00:00:00,1416,27025,812,93.12,27025,26213
AM000325,APP005,2026-07-28,2026-03-07 03:00:00,1385,38231,151,102.86,38231,38080
AM000326,APP005,2025-10-22,2025-11-27 01:00:00,1429,36537,608,35.65,36537,35929
AM000327,APP008,2025-11-06,2025-11-09 08:00:00,1401,48611,328,69.11,48611,48283
AM000328,APP001,2025-12-01,2025-09-16 15:00:00,1400,32642,250,184.0,32642,32392
AM000329,APP008,2026-11-11,2025-11-02 19:00:00,1411,37650,820,271.06,37650,36830
AM000330,APP003,2025-02-04,2025-10-25 12:00:00,1390,11837,260,240.33,11837,11577
AM000331,APP006,2026-03-13,2026-03-06 18:00:00,1401,11412,339,65.43,11412,11073
AM000332,APP008,2026-02-23,2026-10-08 01:00:00,1408,44974,692,141.12,44974,44282
AM000333,APP002,2025-06-28,2026-07-13 18:00:00,1413,10668,228,116.96,10668,10440
AM000334,APP003,2025-05-15,2026-09-24 07:00:00,1399,26221,825,81.72,26221,25396
AM000335,APP007,2025-08-16,2026-12-25 22:00:00,1422,16827,429,174.56,16827,16398
AM000336,APP003,2026-07-30,2026-02-03 23:00:00,1436,46553,200,316.52,46553,46353
AM000337,APP006,2025-04-03,2026-08-31 17:00:00,1414,35116,174,215.54,35116,34942
AM000338,APP006,2025-03-18,2025-10-22 20:00:00,1402,43332,571,133.62,43332,42761
AM000339,APP003,2025-11-14,2025-02-26 15:00:00,1412,20094,740,335.77,20094,19354
AM000340,APP004,2026-10-13,2025-11-27 20:00:00,1401,20516,485,299.24,20516,20031
AM000341,APP005,2026-05-28,2026-07-09 17:00:00,1438,14315,60,240.92,14315,14255
AM000342,APP005,2026-01-24,2025-07-02 01:00:00,1406,39240,1587,103.47,39240,37653
AM000343,APP001,2026-10-20,2026-01-22 12:00:00,1416,37056,521,45.15,37056,36535
AM000344,APP007,2026-05-17,2026-02-14 13:00:00,1394,4935,121,167.17,4935,4814
AM000345,APP002,2026-12-30,2026-08-19 08:00:00,1422,40492,694,325.01,40492,39798
AM000346,APP006,2026-10-21,2025-10-10 09:00:00,1399,13307,440,237.19,13307,12867
AM000347,APP005,2026-12-31,2026-09-18 08:00:00,1388,44631,2168,119.32,44631,42463
AM000348,APP004,2026-07-28,2025-07-27 23:00:00,1397,38700,1121,126.94,38700,37579
AM000349,APP004,2025-12-20,2025-09-01 11:00:00,1420,6656,65,101.31,6656,6591
AM000350,APP007,2025-08-25,2026-08-19 03:00:00,1423,46919,1496,88.0,46919,45423
AM000351,APP002,2025-07-20,2026-04-22 12:00:00,1403,21149,691,236.29,21149,20458
AM000352,APP008,2026-03-27,2025-07-18 12:00:00,1436,48012,361,73.6,48012,47651
AM000353,APP008,2026-12-02,2026-11-10 16:00:00,1433,29882,1038,211.48,29882,28844
AM000354,APP007,2025-08-16,2025-02-04 03:00:00,1425,22600,500,32.21,22600,22100
AM000355,APP008,2025-02-01,2025-10-28 07:00:00,1393,10543,312,294.15,10543,10231
AM000356,APP005,2026-03-25,2025-12-15 13:00:00,1415,6620,127,195.4,6620,6493
AM000357,APP008,2025-12-15,2026-09-09 01:00:00,1433,3351,111,208.85,3351,3240
AM000358,APP003,2025-12-01,2026-07-22 13:00:00,1399,29751,1363,231.12,29751,28388
AM000359,APP006,2025-12-23,2026-09-24 05:00:00,1406,48219,129,219.56,48219,48090
AM000360,APP006,2025-01-13,2025-04-27 04:00:00,1424,24014,930,231.99,24014,23084
AM000361,APP006,2026-03-17,2025-09-11 07:00:00,1432,24067,127,26.32,24067,23940
AM000362,APP003,2025-06-09,2025-11-28 11:00:00,1397,10996,511,190.83,10996,10485
AM000363,APP002,2025-05-11,2025-04-17 00:00:00,1399,40659,826,196.51,40659,39833
AM000364,APP001,2026-01-11,2026-04-21 02:00:00,1386,22778,758,287.8,22778,22020
AM000365,APP003,2025-10-28,2026-12-29 19:00:00,1427,21492,386,123.41,21492,21106
AM000366,APP002,2025-06-25,2026-08-01 07:00:00,1396,1037,42,271.49,1037,995
AM000367,APP001,2026-04-11,2025-05-11 02:00:00,1433,40114,683,196.23,40114,39431
AM000368,APP004,2026-07-19,2026-03-12 17:00:00,1428,32751,910,339.49,32751,31841
AM000369,APP004,2025-08-05,2026-01-17 20:00:00,1423,28461,1167,113.95,28461,27294
AM000370,APP005,2026-12-01,2026-03-13 16:00:00,1412,48932,1059,300.55,48932,47873
AM000371,APP005,2026-11-25,2026-11-02 08:00:00,1435,11237,415,16.07,11237,10822
AM000372,APP008,2025-02-12,2025-07-01 19:00:00,1421,30651,517,41.18,30651,30134
AM000373,APP001,2025-10-10,2026-01-29 15:00:00,1422,22321,910,250.61,22321,21411
AM000374,APP007,2026-04-07,2025-09-30 07:00:00,1439,38083,165,239.8,38083,37918
AM000375,APP007,2025-12-09,2026-09-19 13:00:00,1431,7230,213,326.44,7230,7017
AM000376,APP002,2026-08-10,2025-07-11 12:00:00,1426,38927,819,126.37,38927,38108
AM000377,APP008,2026-08-20,2026-10-23 18:00:00,1426,32003,224,244.29,32003,31779
AM000378,APP005,2026-10-09,2026-08-27 08:00:00,1402,28160,94,149.95,28160,28066
AM000379,APP007,2026-03-23,2025-08-01 22:00:00,1404,43190,1616,90.07,43190,41574
AM000380,APP003,2026-05-23,2026-05-18 00:00:00,1401,12982,594,68.06,12982,12388
AM000381,APP007,2025-05-27,2025-09-24 17:00:00,1401,39797,1970,159.9,39797,37827
AM000382,APP005,2026-09-02,2026-08-19 15:00:00,1382,35316,984,269.01,35316,34332
AM000383,APP006,2026-02-26,2026-12-30 03:00:00,1431,5317,151,325.9,5317,5166
AM000384,APP006,2025-12-07,2026-12-08 05:00:00,1435,42063,274,132.89,42063,41789
AM000385,APP003,2026-10-12,2025-10-26 05:00:00,1383,49164,1481,20.81,49164,47683
AM000386,APP005,2025-02-16,2025-04-24 18:00:00,1429,10831,233,123.59,10831,10598
AM000387,APP004,2026-07-26,2025-04-01 14:00:00,1426,42080,1716,186.88,42080,40364
AM000388,APP005,2026-12-09,2026-05-18 03:00:00,1421,31270,1128,156.3,31270,30142
AM000389,APP004,2025-02-11,2026-01-04 15:00:00,1392,20370,912,67.15,20370,19458
AM000390,APP004,2025-03-20,2026-08-10 12:00:00,1413,10658,432,275.55,10658,10226
AM000391,APP002,2025-04-17,2026-07-22 20:00:00,1438,12076,356,87.0,12076,11720
AM000392,APP001,2025-04-14,2026-04-13 22:00:00,1407,33056,1049,174.72,33056,32007
AM000393,APP007,2025-08-30,2026-04-15 16:00:00,1398,39794,1597,243.25,39794,38197
AM000394,APP001,2025-10-08,2026-03-22 15:00:00,1389,7542,151,261.53,7542,7391
AM000395,APP008,2026-08-21,2026-05-02 01:00:00,1398,22766,1026,299.69,22766,21740
AM000396,APP005,2025-10-31,2026-11-27 19:00:00,1382,42870,1607,124.41,42870,41263
AM000397,APP008,2025-03-27,2026-04-25 23:00:00,1429,28540,1089,202.12,28540,27451
AM000398,APP008,2025-10-11,2026-05-21 15:00:00,1380,36604,1389,114.83,36604,35215
AM000399,APP002,2026-01-10,2026-03-16 00:00:00,1416,16747,490,240.07,16747,16257
AM000400,APP008,2026-04-21,2025-04-11 12:00:00,1397,3723,141,91.67,3723,3582
AM000401,APP008,2026-09-05,2026-07-12 17:00:00,1399,1825,13,313.37,1825,1812
AM000402,APP003,2025-11-21,2025-01-01 22:00:00,1385,43679,996,97.36,43679,42683
AM000403,APP008,2026-02-12,2026-01-15 02:00:00,1383,46288,720,182.29,46288,45568
AM000404,APP005,2026-01-28,2025-04-09 20:00:00,1431,21400,217,142.12,21400,21183
AM000405,APP007,2025-04-02,2025-03-14 01:00:00,1392,9995,65,301.83,9995,9930
AM000406,APP005,2026-08-16,2025-09-20 10:00:00,1381,33886,1375,189.07,33886,32511
AM000407,APP001,2025-11-02,2026-02-28 15:00:00,1394,24428,1018,58.73,24428,23410
AM000408,APP005,2025-10-14,2025-12-22 21:00:00,1391,42486,1809,161.64,42486,40677
AM000409,APP008,2026-11-08,2025-12-20 08:00:00,1439,6018,109,105.04,6018,5909
AM000410,APP002,2026-11-08,2025-01-17 16:00:00,1391,43643,1494,288.09,43643,42149
AM000411,APP006,2025-07-17,2025-08-09 23:00:00,1437,30634,155,31.97,30634,30479
AM000412,APP004,2025-02-18,2026-05-16 09:00:00,1437,32058,1484,102.15,32058,30574
AM000413,APP003,2026-01-23,2026-09-29 14:00:00,1381,34236,1290,179.9,34236,32946
AM000414,APP003,2025-12-10,2025-04-28 19:00:00,1413,21024,448,69.97,21024,20576
AM000415,APP003,2026-01-23,2025-03-21 19:00:00,1439,26325,360,171.07,26325,25965
AM000416,APP001,2026-06-27,2025-10-25 14:00:00,1410,16775,282,146.4,16775,16493
AM000417,APP002,2026-01-11,2026-11-11 22:00:00,1399,25299,1240,152.07,25299,24059
AM000418,APP002,2025-09-11,2025-09-21 08:00:00,1405,47841,943,319.15,47841,46898
AM000419,APP007,2026-08-18,2026-06-07 03:00:00,1428,41203,1088,42.06,41203,40115
AM000420,APP008,2026-07-20,2025-04-29 04:00:00,1415,37308,98,131.69,37308,37210
AM000421,APP006,2025-05-01,2025-03-25 21:00:00,1413,40222,1044,59.84,40222,39178
AM000422,APP003,2026-03-23,2026-02-14 12:00:00,1431,31624,1351,278.75,31624,30273
AM000423,APP001,2026-03-26,2025-06-24 15:00:00,1434,20778,480,313.18,20778,20298
AM000424,APP006,2025-09-20,2025-10-07 15:00:00,1400,49276,2382,330.73,49276,46894
AM000425,APP008,2025-04-07,2026-02-28 01:00:00,1420,32300,1281,225.89,32300,31019
AM000426,APP008,2026-11-28,2026-10-17 12:00:00,1418,15864,494,322.7,15864,15370
AM000427,APP005,2025-07-05,2026-07-19 20:00:00,1381,5880,14,73.14,5880,5866
AM000428,APP004,2026-06-14,2026-05-10 04:00:00,1426,40513,314,142.68,40513,40199
AM000429,APP004,2026-09-11,2025-06-01 03:00:00,1431,22784,978,294.54,22784,21806
AM000430,APP002,2026-06-06,2026-02-01 10:00:00,1387,11839,563,109.78,11839,11276
AM000431,APP008,2025-09-18,2026-09-23 21:00:00,1407,27370,564,229.37,27370,26806
AM000432,APP003,2026-06-18,2025-07-07 04:00:00,1384,21043,216,65.86,21043,20827
AM000433,APP006,2026-01-13,2025-03-27 05:00:00,1409,6053,155,134.93,6053,5898
AM000434,APP007,2025-05-21,2026-02-27 17:00:00,1408,6487,91,321.27,6487,6396
AM000435,APP007,2025-12-11,2025-10-05 14:00:00,1407,5756,41,44.01,5756,5715
AM000436,APP001,2026-05-25,2025-03-14 02:00:00,1432,2477,107,254.71,2477,2370
AM000437,APP005,2026-10-22,2025-12-07 02:00:00,1428,18018,435,310.1,18018,17583
AM000438,APP006,2026-10-13,2026-11-03 08:00:00,1388,8209,242,73.83,8209,7967
AM000439,APP002,2025-05-10,2025-07-31 11:00:00,1427,41269,187,309.26,41269,41082
AM000440,APP008,2025-12-01,2025-09-21 09:00:00,1411,17760,197,120.49,17760,17563
AM000441,APP006,2026-08-24,2026-02-06 15:00:00,1420,5845,65,268.25,5845,5780
AM000442,APP002,2026-12-13,2025-04-22 03:00:00,1389,41947,749,238.64,41947,41198
AM000443,APP003,2025-02-04,2026-10-31 16:00:00,1417,49672,55,255.62,49672,49617
AM000444,APP003,2026-10-11,2025-12-12 13:00:00,1428,15290,87,124.81,15290,15203
AM000445,APP007,2026-04-10,2025-06-16 16:00:00,1430,14798,502,252.96,14798,14296
AM000446,APP001,2026-07-28,2026-01-07 17:00:00,1402,21931,489,101.42,21931,21442
AM000447,APP006,2026-09-03,2026-08-02 07:00:00,1407,33040,801,117.03,33040,32239
AM000448,APP007,2025-08-02,2026-05-23 11:00:00,1430,3740,165,143.08,3740,3575
AM000449,APP005,2025-10-13,2026-10-13 23:00:00,1419,10970,47,162.12,10970,10923
AM000450,APP007,2026-11-08,2025-02-13 16:00:00,1395,1579,72,303.1,1579,1507
AM000451,APP003,2025-11-04,2026-08-05 17:00:00,1410,37421,598,259.98,37421,36823
AM000452,APP002,2026-03-13,2026-10-04 19:00:00,1396,15686,351,201.47,15686,15335
AM000453,APP006,2025-01-29,2026-03-03 03:00:00,1385,5216,71,328.77,5216,5145
AM000454,APP002,2025-01-27,2026-10-18 07:00:00,1396,16450,577,182.36,16450,15873
AM000455,APP007,2025-11-18,2025-01-27 13:00:00,1428,20145,358,331.64,20145,19787
AM000456,APP005,2025-12-04,2026-10-22 09:00:00,1387,22784,289,262.67,22784,22495
AM000457,APP003,2026-07-23,2026-10-24 21:00:00,1434,12091,351,233.25,12091,11740
AM000458,APP008,2026-07-11,2025-12-27 22:00:00,1413,12863,262,17.93,12863,12601
AM000459,APP004,2025-10-17,2025-06-10 22:00:00,1383,41187,1839,55.43,41187,39348
AM000460,APP005,2025-12-22,2026-03-04 07:00:00,1423,20201,290,69.85,20201,19911
AM000461,APP005,2025-06-27,2025-01-17 07:00:00,1438,3465,9,178.99,3465,3456
AM000462,APP005,2025-12-01,2026-09-23 11:00:00,1407,13040,475,238.73,13040,12565
AM000463,APP003,2025-03-14,2026-11-15 09:00:00,1400,26902,171,63.69,26902,26731
AM000464,APP004,2025-06-14,2026-06-14 07:00:00,1438,33856,811,238.02,33856,33045
AM000465,APP003,2025-04-05,2025-02-22 22:00:00,1418,2695,92,290.51,2695,2603
AM000466,APP007,2026-06-26,2026-06-28 09:00:00,1429,25875,1130,187.02,25875,24745
AM000467,APP003,2025-03-18,2025-06-15 09:00:00,1382,30452,314,196.0,30452,30138
AM000468,APP007,2026-09-10,2026-07-06 04:00:00,1409,48640,1673,221.01,48640,46967
AM000469,APP003,2026-05-18,2026-06-13 09:00:00,1414,12858,573,317.35,12858,12285
AM000470,APP003,2026-11-08,2025-11-08 15:00:00,1399,10852,436,227.97,10852,10416
AM000471,APP002,2026-04-24,2026-11-28 23:00:00,1402,4428,110,304.12,4428,4318
AM000472,APP005,2025-10-07,2026-05-01 20:00:00,1431,38180,1276,175.51,38180,36904
AM000473,APP005,2026-04-30,2025-03-09 23:00:00,1432,30045,125,258.39,30045,29920
AM000474,APP003,2026-09-09,2026-08-13 20:00:00,1408,20282,801,169.95,20282,19481
AM000475,APP008,2025-10-15,2025-05-30 00:00:00,1390,5939,104,205.41,5939,5835
AM000476,APP001,2026-12-21,2026-09-09 14:00:00,1398,12475,95,299.12,12475,12380
AM000477,APP006,2026-10-25,2025-03-30 01:00:00,1395,21691,839,51.19,21691,20852
AM000478,APP001,2025-12-25,2025-03-26 12:00:00,1400,23951,1012,227.01,23951,22939
AM000479,APP003,2026-11-27,2025-02-23 08:00:00,1405,28147,769,153.46,28147,27378
AM000480,APP002,2025-11-30,2025-06-09 16:00:00,1399,47056,2340,126.81,47056,44716
AM000481,APP001,2026-12-30,2025-12-24 14:00:00,1404,34242,87,71.55,34242,34155
AM000482,APP001,2025-03-19,2026-05-17 17:00:00,1397,48153,220,121.09,48153,47933
AM000483,APP004,2026-10-31,2025-04-30 15:00:00,1380,6761,118,26.84,6761,6643
AM000484,APP005,2025-08-18,2026-03-27 05:00:00,1418,9424,243,129.61,9424,9181
AM000485,APP004,2026-02-03,2026-03-02 03:00:00,1402,17381,356,43.36,17381,17025
AM000486,APP005,2026-04-23,2025-04-13 02:00:00,1430,23278,961,260.32,23278,22317
AM000487,APP005,2026-06-17,2026-03-14 17:00:00,1384,31178,717,34.44,31178,30461
AM000488,APP002,2026-01-28,2025-06-08 18:00:00,1395,7404,361,314.59,7404,7043
AM000489,APP002,2026-12-23,2026-10-01 07:00:00,1430,46358,312,286.79,46358,46046
AM000490,APP006,2025-11-05,2025-08-15 01:00:00,1402,38818,567,111.79,38818,38251
AM000491,APP008,2025-08-25,2025-01-01 12:00:00,1420,27007,307,283.84,27007,26700
AM000492,APP007,2025-02-08,2025-04-09 19:00:00,1424,4993,236,25.24,4993,4757
AM000493,APP001,2025-08-16,2025-12-28 19:00:00,1381,15571,158,35.29,15571,15413
AM000494,APP004,2026-08-14,2025-10-15 08:00:00,1408,35084,1424,226.71,35084,33660
AM000495,APP007,2025-07-09,2026-06-17 01:00:00,1381,26220,38,46.29,26220,26182
AM000496,APP008,2026-03-10,2026-10-09 09:00:00,1409,4386,145,309.14,4386,4241
AM000497,APP006,2026-11-23,2026-09-11 05:00:00,1400,44027,1953,268.19,44027,42074
AM000498,APP003,2026-08-13,2025-05-29 00:00:00,1439,13423,214,293.31,13423,13209
AM000499,APP001,2026-05-31,2026-02-22 11:00:00,1438,39367,285,311.29,39367,39082
AM000500,APP006,2026-03-11,2026-03-25 21:00:00,1408,27425,213,205.28,27425,27212
AM000501,APP007,2025-04-26,2026-01-13 03:00:00,1400,45146,1843,327.06,45146,43303
AM000502,APP008,2026-09-06,2025-09-01 05:00:00,1426,6499,305,297.14,6499,6194
AM000503,APP001,2025-03-10,2025-07-25 04:00:00,1432,44298,975,204.13,44298,43323
AM000504,APP001,2025-03-15,2026-05-23 09:00:00,1438,1089,20,311.82,1089,1069
AM000505,APP005,2026-03-18,2026-07-13 20:00:00,1410,22479,742,298.59,22479,21737
AM000506,APP002,2025-01-15,2026-10-10 00:00:00,1409,46537,1537,286.49,46537,45000
AM000507,APP006,2026-08-14,2026-11-03 05:00:00,1395,22355,931,49.02,22355,21424
AM000508,APP008,2025-09-03,2026-11-12 06:00:00,1431,28046,728,51.46,28046,27318
AM000509,APP005,2026-08-23,2025-11-16 11:00:00,1431,33605,1528,160.09,33605,32077
AM000510,APP006,2026-01-19,2026-06-11 23:00:00,1382,32098,1262,186.6,32098,30836
AM000511,APP008,2026-10-01,2026-04-16 12:00:00,1438,43542,1254,102.6,43542,42288
AM000512,APP005,2025-08-09,2026-09-11 06:00:00,1382,17362,467,59.49,17362,16895
AM000513,APP004,2026-05-04,2026-06-10 00:00:00,1429,8935,393,206.64,8935,8542
AM000514,APP002,2025-09-07,2026-10-03 23:00:00,1419,30508,79,305.66,30508,30429
AM000515,APP006,2026-05-03,2026-07-13 06:00:00,1398,36401,1373,241.69,36401,35028
AM000516,APP002,2026-07-26,2025-03-14 12:00:00,1382,26070,823,276.7,26070,25247
AM000517,APP002,2026-03-01,2025-09-06 16:00:00,1432,43444,1887,135.28,43444,41557
AM000518,APP002,2026-07-09,2026-03-26 20:00:00,1391,3438,112,313.11,3438,3326
AM000519,APP003,2026-06-14,2025-11-28 20:00:00,1388,10445,271,21.28,10445,10174
AM000520,APP007,2026-12-12,2026-06-18 03:00:00,1423,5913,295,197.84,5913,5618
AM000521,APP007,2026-04-09,2025-07-16 02:00:00,1404,20240,324,90.55,20240,19916
AM000522,APP002,2025-06-05,2026-03-03 12:00:00,1437,34777,908,195.68,34777,33869
AM000523,APP008,2026-01-27,2026-08-11 01:00:00,1413,28569,367,223.99,28569,28202
AM000524,APP004,2026-08-04,2026-03-06 12:00:00,1411,35562,190,97.12,35562,35372
AM000525,APP005,2025-06-23,2025-11-19 00:00:00,1419,36452,293,145.14,36452,36159
AM000526,APP001,2026-05-13,2025-04-10 23:00:00,1390,9324,247,126.9,9324,9077
AM000527,APP008,2026-12-25,2025-08-31 10:00:00,1434,44168,211,315.1,44168,43957
AM000528,APP002,2026-07-11,2026-12-30 19:00:00,1434,8347,223,332.68,8347,8124
AM000529,APP006,2025-06-03,2026-12-05 00:00:00,1423,16922,452,297.64,16922,16470
AM000530,APP001,2026-12-15,2026-02-14 15:00:00,1419,43676,583,71.64,43676,43093
AM000531,APP001,2026-09-11,2025-01-25 17:00:00,1429,26312,1057,266.0,26312,25255
AM000532,APP003,2025-11-07,2026-04-20 02:00:00,1433,16004,529,265.67,16004,15475
AM000533,APP003,2026-08-23,2025-03-28 21:00:00,1432,27135,814,134.8,27135,26321
AM000534,APP006,2025-08-29,2026-07-21 21:00:00,1383,36137,601,302.31,36137,35536
AM000535,APP006,2025-12-07,2026-10-27 02:00:00,1428,35014,421,157.52,35014,34593
AM000536,APP003,2026-11-03,2026-03-09 06:00:00,1403,5284,108,57.58,5284,5176
AM000537,APP002,2026-03-16,2026-12-17 14:00:00,1399,49917,2416,17.25,49917,47501
AM000538,APP005,2026-11-06,2025-03-02 05:00:00,1429,21434,560,306.24,21434,20874
AM000539,APP006,2025-11-18,2025-06-05 07:00:00,1437,29955,984,293.51,29955,28971
AM000540,APP002,2026-06-21,2025-11-25 09:00:00,1430,4361,162,246.58,4361,4199
AM000541,APP001,2026-08-29,2026-07-30 14:00:00,1393,37335,347,91.6,37335,36988
AM000542,APP001,2025-05-01,2025-06-02 09:00:00,1417,47619,530,79.36,47619,47089
AM000543,APP001,2025-01-23,2025-12-31 10:00:00,1406,27725,969,312.31,27725,26756
AM000544,APP003,2026-11-24,2025-07-16 19:00:00,1399,18207,908,293.3,18207,17299
AM000545,APP003,2026-01-27,2025-05-13 19:00:00,1413,10988,73,141.8,10988,10915
AM000546,APP006,2025-12-13,2025-03-26 08:00:00,1395,49760,1950,232.57,49760,47810
AM000547,APP001,2026-11-10,2025-10-19 16:00:00,1427,38008,60,252.0,38008,37948
AM000548,APP001,2025-09-22,2025-03-20 08:00:00,1438,41733,1566,118.59,41733,40167
AM000549,APP005,2026-12-13,2026-05-21 11:00:00,1403,38867,1635,124.46,38867,37232
AM000550,APP001,2025-09-29,2026-09-01 07:00:00,1381,15969,154,246.09,15969,15815
AM000551,APP001,2026-09-10,2026-04-09 06:00:00,1410,26312,1219,217.8,26312,25093
AM000552,APP007,2026-04-14,2026-07-17 17:00:00,1402,44312,1087,40.91,44312,43225
AM000553,APP002,2025-08-12,2025-07-06 01:00:00,1424,7800,10,345.7,7800,7790
AM000554,APP003,2025-07-03,2026-01-08 11:00:00,1419,35027,1163,346.52,35027,33864
AM000555,APP007,2026-07-25,2025-12-02 23:00:00,1382,21216,69,287.83,21216,21147
AM000556,APP008,2025-06-04,2026-03-17 12:00:00,1414,2125,66,141.44,2125,2059
AM000557,APP001,2025-01-13,2026-05-25 03:00:00,1432,31066,1293,54.16,31066,29773
AM000558,APP001,2026-06-25,2026-01-28 05:00:00,1396,3221,38,308.39,3221,3183
AM000559,APP005,2025-04-25,2026-09-23 21:00:00,1397,11428,470,243.84,11428,10958
AM000560,APP007,2025-01-20,2026-01-02 23:00:00,1380,43470,966,173.44,43470,42504
AM000561,APP008,2025-04-24,2026-01-31 06:00:00,1399,28369,686,70.96,28369,27683
AM000562,APP004,2025-07-22,2026-01-26 21:00:00,1406,38829,1563,41.03,38829,37266
AM000563,APP002,2026-05-31,2025-11-26 20:00:00,1416,6182,267,128.44,6182,5915
AM000564,APP004,2026-05-12,2026-06-15 12:00:00,1397,42437,1126,23.01,42437,41311
AM000565,APP006,2026-01-12,2025-11-19 17:00:00,1425,4128,131,59.26,4128,3997
AM000566,APP003,2026-10-05,2025-06-07 08:00:00,1406,21572,1073,90.15,21572,20499
AM000567,APP004,2026-11-11,2026-11-09 11:00:00,1436,34703,1319,304.51,34703,33384
AM000568,APP003,2026-12-04,2025-03-17 16:00:00,1423,11986,553,288.41,11986,11433
AM000569,APP003,2026-11-29,2025-07-25 13:00:00,1427,29634,1026,243.81,29634,28608
AM000570,APP001,2025-02-11,2026-11-18 14:00:00,1389,8798,330,306.11,8798,8468
AM000571,APP002,2026-09-23,2026-01-29 23:00:00,1416,34055,1282,101.41,34055,32773
AM000572,APP004,2025-06-14,2025-05-19 16:00:00,1436,2296,101,130.48,2296,2195
AM000573,APP006,2025-10-04,2025-07-24 04:00:00,1398,22408,833,149.59,22408,21575
AM000574,APP003,2026-05-30,2025-04-17 22:00:00,1410,44165,1106,76.08,44165,43059
AM000575,APP003,2026-04-04,2026-03-25 06:00:00,1436,26994,431,118.56,26994,26563
AM000576,APP001,2026-03-30,2026-08-24 04:00:00,1401,46890,775,130.32,46890,46115
AM000577,APP007,2025-09-19,2025-01-19 21:00:00,1420,12167,198,344.61,12167,11969
AM000578,APP007,2025-11-26,2026-06-08 02:00:00,1430,30869,1005,189.32,30869,29864
AM000579,APP008,2026-05-16,2025-01-16 21:00:00,1405,9488,23,195.68,9488,9465
AM000580,APP004,2026-11-22,2025-07-11 20:00:00,1388,17274,495,295.51,17274,16779
AM000581,APP008,2026-09-11,2026-08-22 17:00:00,1428,8313,282,272.24,8313,8031
AM000582,APP007,2026-05-06,2025-05-04 23:00:00,1406,30007,1429,78.3,30007,28578
AM000583,APP006,2026-11-09,2025-06-06 01:00:00,1397,6624,310,248.07,6624,6314
AM000584,APP008,2025-08-12,2026-02-18 09:00:00,1404,16350,88,141.08,16350,16262
AM000585,APP001,2025-10-28,2026-08-21 09:00:00,1417,15999,747,39.66,15999,15252
AM000586,APP005,2025-12-29,2025-02-20 07:00:00,1380,6509,296,285.31,6509,6213
AM000587,APP007,2026-09-08,2025-10-05 08:00:00,1405,1124,34,103.99,1124,1090
AM000588,APP008,2026-02-07,2026-11-11 06:00:00,1429,29730,869,337.24,29730,28861
AM000589,APP005,2025-03-08,2025-03-30 15:00:00,1418,9656,419,166.47,9656,9237
AM000590,APP004,2026-04-03,2025-07-04 05:00:00,1409,14984,239,324.92,14984,14745
AM000591,APP001,2025-09-10,2026-08-02 14:00:00,1433,21546,825,274.44,21546,20721
AM000592,APP007,2026-11-07,2026-01-03 14:00:00,1432,49316,2402,293.24,49316,46914
AM000593,APP001,2025-02-07,2025-11-28 05:00:00,1411,40324,1529,255.73,40324,38795
AM000594,APP007,2026-10-12,2026-08-02 14:00:00,1394,35944,1004,331.41,35944,34940
AM000595,APP002,2025-02-08,2026-12-23 19:00:00,1396,11864,496,265.5,11864,11368
AM000596,APP001,2025-05-01,2026-10-30 23:00:00,1391,6611,269,271.98,6611,6342
AM000597,APP007,2026-05-07,2026-08-22 04:00:00,1407,39147,109,307.25,39147,39038
AM000598,APP008,2025-12-06,2026-10-23 09:00:00,1418,18092,641,102.18,18092,17451
AM000599,APP005,2026-11-18,2025-01-18 00:00:00,1436,37591,1563,226.92,37591,36028
AM000600,APP005,2026-06-29,2026-01-28 01:00:00,1381,28197,1052,138.36,28197,27145
AM000601,APP006,2025-10-21,2025-12-18 20:00:00,1437,14959,167,253.42,14959,14792
AM000602,APP001,2026-12-28,2026-02-07 10:00:00,1400,47914,569,282.22,47914,47345
AM000603,APP007,2025-05-12,2025-05-03 06:00:00,1433,49226,931,229.45,49226,48295
AM000604,APP007,2025-02-28,2026-04-03 22:00:00,1411,47361,858,46.54,47361,46503
AM000605,APP008,2026-05-04,2025-12-17 14:00:00,1413,38495,1600,102.02,38495,36895
AM000606,APP002,2025-06-16,2025-06-16 14:00:00,1422,33959,638,233.95,33959,33321
AM000607,APP002,2026-01-31,2026-03-13 03:00:00,1434,21745,560,32.22,21745,21185
AM000608,APP003,2026-05-18,2025-08-21 05:00:00,1393,45717,1267,207.55,45717,44450
AM000609,APP001,2026-02-04,2026-09-19 03:00:00,1386,16027,330,296.82,16027,15697
AM000610,APP006,2025-12-13,2026-09-07 00:00:00,1414,4089,57,175.55,4089,4032
AM000611,APP006,2026-09-10,2026-10-07 23:00:00,1437,17752,135,26.18,17752,17617
AM000612,APP007,2025-07-15,2025-04-09 06:00:00,1404,46190,628,336.52,46190,45562
AM000613,APP006,2025-05-22,2025-04-27 14:00:00,1400,7240,9,177.91,7240,7231
AM000614,APP007,2025-08-15,2026-11-19 01:00:00,1439,25903,166,88.15,25903,25737
AM000615,APP003,2025-08-30,2026-08-09 13:00:00,1437,3550,173,170.0,3550,3377
AM000616,APP002,2025-07-19,2025-09-18 19:00:00,1414,17354,688,207.98,17354,16666
AM000617,APP006,2026-01-24,2025-11-18 04:00:00,1414,16051,352,246.47,16051,15699
AM000618,APP004,2026-05-15,2026-05-07 02:00:00,1394,34364,683,338.88,34364,33681
AM000619,APP007,2025-09-26,2025-12-01 18:00:00,1435,25586,272,85.58,25586,25314
AM000620,APP002,2026-06-16,2025-04-19 15:00:00,1388,17329,402,253.02,17329,16927
AM000621,APP001,2025-07-10,2026-01-08 19:00:00,1399,42233,1830,251.02,42233,40403
AM000622,APP005,2025-09-13,2026-04-04 16:00:00,1397,13335,257,190.25,13335,13078
AM000623,APP007,2025-12-18,2026-05-09 15:00:00,1411,41214,605,185.23,41214,40609
AM000624,APP007,2025-01-19,2025-12-25 16:00:00,1385,19846,935,202.96,19846,18911
AM000625,APP007,2025-03-30,2026-03-11 10:00:00,1418,39862,231,59.93,39862,39631
AM000626,APP003,2026-09-14,2025-03-30 08:00:00,1403,7152,10,42.4,7152,7142
AM000627,APP001,2026-07-13,2026-11-28 00:00:00,1439,19296,114,136.05,19296,19182
AM000628,APP003,2025-01-08,2026-02-10 09:00:00,1414,7723,373,85.68,7723,7350
AM000629,APP005,2025-10-28,2026-01-26 04:00:00,1411,13771,351,291.58,13771,13420
AM000630,APP002,2025-04-08,2025-07-08 07:00:00,1402,6951,211,215.03,6951,6740
AM000631,APP005,2026-08-18,2025-03-14 20:00:00,1382,26232,709,60.47,26232,25523
AM000632,APP002,2026-02-22,2026-10-09 12:00:00,1432,48941,2153,285.97,48941,46788
AM000633,APP004,2025-01-24,2026-08-21 02:00:00,1424,23029,866,334.55,23029,22163
AM000634,APP002,2026-07-06,2025-12-25 03:00:00,1425,15825,753,135.77,15825,15072
AM000635,APP003,2025-12-25,2025-05-02 04:00:00,1438,26624,342,138.96,26624,26282
AM000636,APP005,2025-11-17,2025-04-24 00:00:00,1404,14482,324,58.84,14482,14158
AM000637,APP006,2025-09-30,2025-02-16 16:00:00,1393,25109,201,333.53,25109,24908
AM000638,APP006,2025-03-15,2026-08-20 15:00:00,1438,9635,93,147.43,9635,9542
AM000639,APP006,2026-01-07,2025-07-02 23:00:00,1382,46034,475,326.27,46034,45559
AM000640,APP002,2025-01-15,2026-03-23 10:00:00,1405,43275,1913,59.78,43275,41362
AM000641,APP003,2025-04-19,2025-07-09 06:00:00,1389,34679,1332,145.38,34679,33347
AM000642,APP007,2026-05-13,2026-02-21 06:00:00,1393,39778,1180,335.36,39778,38598
AM000643,APP001,2026-04-26,2026-09-08 05:00:00,1391,41026,1901,73.6,41026,39125
AM000644,APP002,2025-04-05,2025-03-29 16:00:00,1430,6990,167,138.89,6990,6823
AM000645,APP007,2026-09-07,2025-05-06 04:00:00,1436,22359,698,309.78,22359,21661
AM000646,APP005,2025-10-12,2026-08-08 06:00:00,1438,4027,106,241.38,4027,3921
AM000647,APP006,2025-08-22,2026-05-21 23:00:00,1399,3394,158,136.3,3394,3236
AM000648,APP001,2026-01-30,2025-09-19 20:00:00,1431,2364,101,264.5,2364,2263
AM000649,APP001,2026-01-01,2026-05-27 21:00:00,1381,37307,108,162.7,37307,37199
AM000650,APP004,2026-11-14,2025-05-21 13:00:00,1397,44917,2025,197.07,44917,42892
AM000651,APP008,2025-04-11,2025-05-05 05:00:00,1412,49975,2061,230.91,49975,47914
AM000652,APP007,2026-05-01,2025-10-23 16:00:00,1405,7967,387,226.88,7967,7580
AM000653,APP004,2026-10-09,2026-09-29 21:00:00,1395,43051,1192,339.69,43051,41859
AM000654,APP004,2025-03-28,2025-12-26 13:00:00,1416,32174,610,166.42,32174,31564
AM000655,APP006,2026-06-10,2025-05-08 23:00:00,1387,12248,514,308.77,12248,11734
AM000656,APP005,2026-10-28,2026-08-27 21:00:00,1411,3443,94,109.71,3443,3349
AM000657,APP007,2026-09-10,2025-06-30 10:00:00,1438,12845,13,220.78,12845,12832
AM000658,APP003,2026-02-17,2026-01-11 22:00:00,1418,39470,1191,155.97,39470,38279
AM000659,APP005,2025-12-25,2025-04-02 03:00:00,1423,26318,583,339.6,26318,25735
AM000660,APP002,2026-09-08,2026-06-08 07:00:00,1432,5776,208,145.77,5776,5568
AM000661,APP007,2025-04-21,2025-10-16 00:00:00,1437,42805,1050,302.46,42805,41755
AM000662,APP005,2026-04-04,2026-02-21 05:00:00,1427,28936,696,216.09,28936,28240
AM000663,APP008,2026-01-18,2025-09-18 08:00:00,1433,26198,527,63.83,26198,25671
AM000664,APP001,2025-04-07,2026-09-30 01:00:00,1413,17733,779,208.42,17733,16954
AM000665,APP005,2025-07-27,2025-08-12 09:00:00,1419,6591,278,20.18,6591,6313
AM000666,APP005,2025-05-01,2026-10-30 18:00:00,1430,41572,219,37.05,41572,41353
AM000667,APP008,2026-11-20,2025-08-14 10:00:00,1412,17225,67,326.92,17225,17158
AM000668,APP005,2026-10-31,2025-01-01 21:00:00,1392,15940,383,143.1,15940,15557
AM000669,APP007,2025-11-20,2026-04-30 15:00:00,1429,14675,393,115.86,14675,14282
AM000670,APP008,2025-01-13,2026-11-13 21:00:00,1380,3880,178,96.04,3880,3702
AM000671,APP005,2025-09-05,2026-10-12 17:00:00,1399,5614,274,32.77,5614,5340
AM000672,APP001,2026-04-02,2026-11-03 11:00:00,1391,45742,1837,273.57,45742,43905
AM000673,APP002,2025-07-21,2025-10-16 08:00:00,1422,29965,592,154.9,29965,29373
AM000674,APP006,2026-03-01,2025-07-09 07:00:00,1429,25653,1193,77.76,25653,24460
AM000675,APP005,2025-03-19,2025-05-21 21:00:00,1398,1393,60,207.29,1393,1333
AM000676,APP008,2026-03-08,2025-09-04 15:00:00,1433,21709,1054,291.46,21709,20655
AM000677,APP007,2026-08-16,2025-01-01 20:00:00,1402,16869,715,323.63,16869,16154
AM000678,APP004,2026-08-22,2025-03-16 09:00:00,1412,14309,334,252.13,14309,13975
AM000679,APP004,2026-07-20,2025-05-03 20:00:00,1425,16147,66,239.11,16147,16081
AM000680,APP007,2025-06-04,2026-03-31 08:00:00,1393,34998,1540,15.61,34998,33458
AM000681,APP007,2025-05-05,2025-02-06 06:00:00,1417,45950,624,51.31,45950,45326
AM000682,APP004,2026-04-20,2026-09-22 07:00:00,1432,33373,77,222.89,33373,33296
AM000683,APP007,2026-06-10,2025-08-23 22:00:00,1387,6408,190,252.27,6408,6218
AM000684,APP008,2026-02-03,2025-04-17 04:00:00,1410,20133,120,120.61,20133,20013
AM000685,APP002,2026-01-03,2025-01-08 22:00:00,1420,22692,542,269.68,22692,22150
AM000686,APP003,2025-10-19,2025-04-14 03:00:00,1423,21086,850,280.23,21086,20236
AM000687,APP006,2025-04-01,2026-05-23 16:00:00,1414,34809,745,30.0,34809,34064
AM000688,APP002,2026-06-30,2026-06-27 14:00:00,1415,27359,349,259.02,27359,27010
AM000689,APP002,2026-08-13,2025-05-14 15:00:00,1435,44621,599,338.09,44621,44022
AM000690,APP004,2026-01-24,2025-01-22 12:00:00,1429,35436,881,103.37,35436,34555
AM000691,APP002,2026-02-25,2026-11-14 14:00:00,1418,42749,299,78.31,42749,42450
AM000692,APP001,2026-05-08,2025-01-09 15:00:00,1393,39558,70,143.39,39558,39488
AM000693,APP003,2025-09-06,2025-09-12 01:00:00,1386,15096,728,272.32,15096,14368
AM000694,APP002,2025-07-24,2026-02-15 05:00:00,1393,35000,1060,78.22,35000,33940
AM000695,APP001,2026-12-28,2026-06-26 12:00:00,1430,3436,85,337.4,3436,3351
AM000696,APP003,2025-04-05,2025-09-02 14:00:00,1423,31963,1483,240.16,31963,30480
AM000697,APP006,2025-12-27,2025-12-04 22:00:00,1383,42421,1069,176.87,42421,41352
AM000698,APP004,2026-10-11,2026-07-11 15:00:00,1427,4202,177,186.84,4202,4025
AM000699,APP004,2026-02-01,2025-06-12 03:00:00,1434,22423,619,33.6,22423,21804
AM000700,APP002,2025-10-16,2025-08-03 03:00:00,1422,22607,272,269.4,22607,22335
AM000701,APP003,2025-06-30,2026-03-27 00:00:00,1389,10669,71,303.57,10669,10598
AM000702,APP003,2025-05-31,2025-03-04 11:00:00,1412,41391,679,118.08,41391,40712
AM000703,APP008,2025-04-22,2025-12-30 06:00:00,1415,37353,1748,95.02,37353,35605
AM000704,APP003,2025-01-04,2025-02-06 06:00:00,1417,48659,1378,233.88,48659,47281
AM000705,APP006,2025-05-24,2025-04-10 17:00:00,1412,31715,321,143.0,31715,31394
AM000706,APP008,2026-02-01,2026-07-17 01:00:00,1395,30534,434,336.82,30534,30100
AM000707,APP008,2026-02-10,2026-06-04 03:00:00,1430,37149,913,44.72,37149,36236
AM000708,APP006,2025-03-25,2025-03-05 20:00:00,1411,8066,245,54.53,8066,7821
AM000709,APP007,2026-04-21,2026-10-30 00:00:00,1421,36131,1793,285.29,36131,34338
AM000710,APP003,2026-06-08,2026-12-31 10:00:00,1408,27963,225,202.86,27963,27738
AM000711,APP001,2026-06-13,2026-06-24 01:00:00,1433,1564,43,21.27,1564,1521
AM000712,APP007,2025-10-02,2025-04-20 22:00:00,1406,36664,443,52.41,36664,36221
AM000713,APP008,2026-01-11,2025-09-05 07:00:00,1417,26627,78,182.08,26627,26549
AM000714,APP004,2026-11-05,2026-09-03 09:00:00,1394,6149,51,166.1,6149,6098
AM000715,APP008,2026-08-11,2025-04-13 04:00:00,1385,23045,1115,288.73,23045,21930
AM000716,APP008,2025-03-30,2026-01-23 14:00:00,1414,32397,681,344.44,32397,31716
AM000717,APP005,2026-10-06,2025-04-03 05:00:00,1438,8739,351,308.78,8739,8388
AM000718,APP005,2025-02-11,2025-10-01 04:00:00,1406,15599,281,23.31,15599,15318
AM000719,APP001,2026-05-23,2025-01-08 14:00:00,1433,27133,650,15.0,27133,26483
AM000720,APP004,2026-09-15,2025-08-22 09:00:00,1395,40282,665,314.39,40282,39617
AM000721,APP006,2025-11-25,2026-02-14 21:00:00,1406,32600,1356,112.83,32600,31244
AM000722,APP001,2025-05-10,2025-09-20 04:00:00,1382,34226,231,216.54,34226,33995
AM000723,APP007,2026-02-04,2026-10-16 06:00:00,1400,28218,1108,80.92,28218,27110
AM000724,APP002,2025-10-26,2026-06-05 02:00:00,1420,16964,445,126.22,16964,16519
AM000725,APP004,2025-07-24,2025-09-23 21:00:00,1407,5409,110,72.32,5409,5299
AM000726,APP004,2025-04-29,2025-06-04 00:00:00,1388,49011,967,158.43,49011,48044
AM000727,APP008,2026-01-24,2025-01-25 20:00:00,1382,20097,344,267.28,20097,19753
AM000728,APP001,2026-02-14,2025-05-07 05:00:00,1405,48735,367,337.1,48735,48368
AM000729,APP002,2026-01-24,2026-08-10 22:00:00,1435,43181,1022,198.88,43181,42159
AM000730,APP006,2026-04-09,2025-07-23 04:00:00,1434,42764,191,343.25,42764,42573
AM000731,APP003,2025-06-02,2026-09-19 11:00:00,1388,23733,411,15.28,23733,23322
AM000732,APP007,2025-06-10,2025-07-29 15:00:00,1391,1685,11,328.55,1685,1674
AM000733,APP007,2026-10-14,2026-11-14 04:00:00,1410,16203,212,262.59,16203,15991
AM000734,APP004,2026-06-03,2026-06-12 11:00:00,1384,39387,1440,24.95,39387,37947
AM000735,APP004,2025-01-23,2025-08-25 15:00:00,1429,25319,1173,40.89,25319,24146
AM000736,APP001,2026-04-27,2025-08-22 11:00:00,1399,33313,1428,260.33,33313,31885
AM000737,APP006,2026-03-02,2026-11-04 23:00:00,1435,21572,363,41.78,21572,21209
AM000738,APP002,2026-12-10,2025-09-30 01:00:00,1407,40586,287,68.85,40586,40299
AM000739,APP001,2025-11-08,2026-06-13 16:00:00,1417,17861,158,327.16,17861,17703
AM000740,APP008,2025-10-03,2025-08-22 04:00:00,1427,11483,218,340.03,11483,11265
AM000741,APP002,2025-09-28,2025-04-29 22:00:00,1439,32742,1000,344.25,32742,31742
AM000742,APP005,2026-08-04,2026-01-17 10:00:00,1384,36346,1536,79.47,36346,34810
AM000743,APP001,2025-11-08,2026-02-14 06:00:00,1403,46505,1136,178.99,46505,45369
AM000744,APP004,2026-08-17,2026-08-27 21:00:00,1420,25961,639,330.08,25961,25322
AM000745,APP006,2026-12-30,2025-02-21 20:00:00,1386,45729,1687,59.43,45729,44042
AM000746,APP001,2026-09-22,2025-01-28 11:00:00,1408,7988,266,276.92,7988,7722
AM000747,APP003,2026-05-19,2025-09-21 00:00:00,1415,36021,1236,235.62,36021,34785
AM000748,APP003,2025-12-04,2025-04-08 07:00:00,1416,5602,23,315.84,5602,5579
AM000749,APP005,2025-03-24,2026-06-16 18:00:00,1401,25013,1023,272.95,25013,23990
AM000750,APP002,2026-09-13,2026-10-02 07:00:00,1409,26456,1317,162.37,26456,25139
AM000751,APP005,2025-06-09,2025-12-25 21:00:00,1398,8732,366,200.41,8732,8366
AM000752,APP008,2026-08-16,2026-03-30 12:00:00,1405,8638,29,223.17,8638,8609
AM000753,APP007,2025-07-25,2025-03-07 21:00:00,1418,32083,1294,250.21,32083,30789
AM000754,APP007,2025-09-14,2025-11-27 12:00:00,1435,34109,270,308.38,34109,33839
AM000755,APP005,2025-04-21,2025-05-07 10:00:00,1403,24783,280,333.74,24783,24503
AM000756,APP004,2026-10-14,2025-10-26 04:00:00,1404,23729,114,265.25,23729,23615
AM000757,APP005,2026-08-01,2026-08-13 19:00:00,1424,47758,1555,63.46,47758,46203
AM000758,APP004,2026-08-11,2026-01-01 01:00:00,1426,14350,216,282.94,14350,14134
AM000759,APP006,2026-09-30,2025-04-13 19:00:00,1434,45172,1775,156.83,45172,43397
AM000760,APP008,2025-10-18,2026-01-18 01:00:00,1387,43589,641,144.83,43589,42948
AM000761,APP002,2026-03-21,2026-06-15 22:00:00,1394,45701,1864,74.87,45701,43837
AM000762,APP004,2025-02-09,2025-09-22 06:00:00,1419,14468,561,123.31,14468,13907
AM000763,APP006,2026-02-07,2025-03-27 20:00:00,1398,36962,1337,59.18,36962,35625
AM000764,APP001,2025-10-02,2025-03-04 08:00:00,1411,16024,779,55.24,16024,15245
AM000765,APP003,2025-01-23,2025-03-15 21:00:00,1389,48009,1113,191.63,48009,46896
AM000766,APP002,2025-03-30,2026-05-26 07:00:00,1398,37994,1638,81.58,37994,36356
AM000767,APP004,2026-11-15,2026-08-10 01:00:00,1395,5205,100,23.06,5205,5105
AM000768,APP005,2025-12-29,2026-04-21 17:00:00,1432,9045,12,88.6,9045,9033
AM000769,APP007,2025-11-29,2026-10-23 23:00:00,1432,13716,607,60.85,13716,13109
AM000770,APP004,2025-10-24,2025-10-12 16:00:00,1432,24998,945,275.38,24998,24053
AM000771,APP007,2026-11-24,2025-07-22 21:00:00,1427,48287,927,303.13,48287,47360
AM000772,APP008,2026-12-11,2025-10-28 10:00:00,1411,6166,185,85.79,6166,5981
AM000773,APP005,2025-01-30,2025-09-03 21:00:00,1418,12709,220,253.55,12709,12489
AM000774,APP005,2026-09-29,2025-07-01 04:00:00,1411,29650,376,273.81,29650,29274
AM000775,APP004,2026-04-26,2025-01-07 14:00:00,1434,47441,892,302.95,47441,46549
AM000776,APP004,2026-11-19,2025-03-22 20:00:00,1398,13522,592,152.66,13522,12930
AM000777,APP007,2026-09-11,2025-11-26 02:00:00,1417,5703,62,314.09,5703,5641
AM000778,APP007,2026-02-03,2025-05-04 20:00:00,1420,20437,57,20.31,20437,20380
AM000779,APP008,2026-11-04,2025-11-05 18:00:00,1414,1863,64,137.82,1863,1799
AM000780,APP002,2025-11-25,2026-07-09 08:00:00,1426,4350,47,117.2,4350,4303
AM000781,APP004,2025-02-09,2025-03-21 21:00:00,1410,20251,284,251.98,20251,19967
AM000782,APP006,2025-02-15,2026-02-15 11:00:00,1439,37199,1501,77.46,37199,35698
AM000783,APP001,2026-03-01,2025-12-27 19:00:00,1433,39413,463,174.06,39413,38950
AM000784,APP008,2025-03-12,2026-01-19 19:00:00,1412,33204,905,16.09,33204,32299
AM000785,APP001,2026-03-04,2026-04-23 10:00:00,1426,24887,782,140.17,24887,24105
AM000786,APP008,2026-09-15,2026-10-29 20:00:00,1431,5918,97,282.03,5918,5821
AM000787,APP005,2026-05-30,2025-03-07 14:00:00,1409,34766,1291,17.05,34766,33475
AM000788,APP003,2025-04-08,2025-01-27 09:00:00,1407,12374,392,149.27,12374,11982
AM000789,APP005,2026-07-06,2026-07-18 07:00:00,1417,47154,594,74.18,47154,46560
AM000790,APP008,2026-03-13,2026-11-01 22:00:00,1420,41573,271,161.63,41573,41302
AM000791,APP003,2025-10-24,2025-08-05 03:00:00,1417,29878,115,28.91,29878,29763
AM000792,APP001,2025-09-21,2025-03-08 15:00:00,1384,34959,310,254.14,34959,34649
AM000793,APP002,2026-12-23,2026-06-01 23:00:00,1408,35380,626,117.03,35380,34754
AM000794,APP003,2025-10-02,2026-12-22 23:00:00,1423,26866,746,184.93,26866,26120
AM000795,APP004,2026-11-24,2026-10-31 22:00:00,1389,1044,48,325.17,1044,996
AM000796,APP006,2026-10-22,2025-05-27 17:00:00,1412,39358,1773,210.53,39358,37585
AM000797,APP004,2026-06-19,2026-12-11 14:00:00,1413,10169,239,260.38,10169,9930
AM000798,APP005,2025-06-27,2025-01-22 16:00:00,1437,41892,602,185.59,41892,41290
AM000799,APP008,2025-02-23,2026-09-11 23:00:00,1403,12122,463,178.71,12122,11659
AM000800,APP007,2025-12-22,2025-08-27 14:00:00,1390,42950,213,330.87,42950,42737
AM000801,APP006,2026-05-30,2025-03-29 16:00:00,1426,20841,411,183.75,20841,20430
AM000802,APP001,2026-07-11,2025-03-24 00:00:00,1436,1837,11,19.84,1837,1826
AM000803,APP003,2026-11-14,2025-10-23 14:00:00,1393,28303,830,227.45,28303,27473
AM000804,APP008,2026-10-09,2026-04-10 03:00:00,1387,32684,161,316.81,32684,32523
AM000805,APP005,2026-10-06,2026-04-19 15:00:00,1388,1940,19,148.38,1940,1921
AM000806,APP002,2026-01-23,2025-12-14 12:00:00,1383,1267,35,165.05,1267,1232
AM000807,APP003,2026-01-12,2025-02-24 05:00:00,1438,8478,347,154.77,8478,8131
AM000808,APP001,2026-11-27,2026-08-04 09:00:00,1416,45299,484,140.54,45299,44815
AM000809,APP006,2026-10-18,2026-08-23 15:00:00,1425,44753,1468,270.66,44753,43285
AM000810,APP004,2025-02-04,2026-09-08 11:00:00,1414,49652,119,231.73,49652,49533
AM000811,APP002,2026-02-27,2025-08-14 03:00:00,1424,29205,1303,274.79,29205,27902
AM000812,APP007,2026-11-17,2026-10-21 05:00:00,1430,42915,1379,258.95,42915,41536
AM000813,APP007,2026-09-09,2026-09-03 11:00:00,1392,33658,114,262.28,33658,33544
AM000814,APP001,2026-03-12,2025-05-21 08:00:00,1420,17512,318,245.58,17512,17194
AM000815,APP008,2026-09-21,2026-08-15 04:00:00,1431,48594,1953,91.85,48594,46641
AM000816,APP006,2025-10-19,2025-12-21 14:00:00,1435,18913,780,73.54,18913,18133
AM000817,APP008,2025-07-03,2026-07-15 23:00:00,1383,44579,469,297.49,44579,44110
AM000818,APP005,2025-04-19,2025-07-05 22:00:00,1437,34581,1401,30.38,34581,33180
AM000819,APP002,2026-09-24,2026-09-28 21:00:00,1395,26361,617,254.29,26361,25744
AM000820,APP004,2025-07-01,2026-10-17 00:00:00,1407,26870,661,43.58,26870,26209
AM000821,APP001,2025-02-08,2025-09-09 03:00:00,1428,14194,176,220.18,14194,14018
AM000822,APP007,2025-03-01,2026-03-15 02:00:00,1431,28460,430,191.17,28460,28030
AM000823,APP001,2026-05-25,2025-02-21 22:00:00,1424,28406,336,18.11,28406,28070
AM000824,APP005,2026-08-26,2026-05-04 21:00:00,1388,39865,735,274.24,39865,39130
AM000825,APP004,2025-10-19,2026-05-20 07:00:00,1419,8298,361,119.73,8298,7937
AM000826,APP006,2026-05-20,2025-06-27 14:00:00,1426,37657,1044,31.88,37657,36613
AM000827,APP004,2026-09-29,2025-10-30 06:00:00,1404,45608,372,132.96,45608,45236
AM000828,APP006,2026-11-04,2025-11-23 06:00:00,1392,5455,230,217.94,5455,5225
AM000829,APP005,2026-11-08,2025-02-13 05:00:00,1395,45483,1189,59.7,45483,44294
AM000830,APP001,2026-04-12,2026-03-18 06:00:00,1422,46371,121,214.36,46371,46250
AM000831,APP004,2026-05-20,2025-06-26 04:00:00,1396,30640,691,120.07,30640,29949
AM000832,APP007,2025-06-07,2025-01-28 06:00:00,1417,19357,650,175.4,19357,18707
AM000833,APP005,2025-11-12,2025-10-31 12:00:00,1421,17003,471,338.01,17003,16532
AM000834,APP007,2025-12-04,2025-09-17 10:00:00,1427,28502,456,264.58,28502,28046
AM000835,APP008,2025-05-15,2026-07-28 14:00:00,1407,20024,317,333.19,20024,19707
AM000836,APP001,2026-08-01,2025-08-04 21:00:00,1416,41809,486,56.28,41809,41323
AM000837,APP008,2026-01-16,2025-01-18 13:00:00,1381,19287,911,265.92,19287,18376
AM000838,APP007,2026-02-15,2026-03-08 21:00:00,1432,43212,1051,49.51,43212,42161
AM000839,APP002,2026-03-11,2026-01-27 09:00:00,1385,10684,103,241.65,10684,10581
AM000840,APP005,2026-10-16,2026-09-28 06:00:00,1399,34324,1412,256.73,34324,32912
AM000841,APP007,2025-03-11,2025-08-08 00:00:00,1396,10197,84,50.32,10197,10113
AM000842,APP008,2026-03-18,2025-05-16 00:00:00,1419,31749,919,238.69,31749,30830
AM000843,APP003,2025-06-06,2026-09-14 23:00:00,1390,4068,97,235.93,4068,3971
AM000844,APP002,2026-09-27,2025-01-02 03:00:00,1385,6260,156,344.97,6260,6104
AM000845,APP006,2026-05-06,2025-08-27 07:00:00,1404,5665,44,181.72,5665,5621
AM000846,APP004,2025-03-13,2025-12-20 22:00:00,1388,36154,540,60.09,36154,35614
AM000847,APP001,2025-02-09,2026-06-01 22:00:00,1391,30021,1156,344.57,30021,28865
AM000848,APP003,2025-08-30,2025-10-20 01:00:00,1388,10379,476,180.69,10379,9903
AM000849,APP006,2025-12-27,2026-12-03 13:00:00,1421,31177,1011,56.22,31177,30166
AM000850,APP007,2026-09-02,2025-05-30 17:00:00,1414,48978,384,128.58,48978,48594
AM000851,APP003,2025-08-31,2025-11-26 19:00:00,1388,8403,56,160.63,8403,8347
AM000852,APP003,2026-06-10,2025-10-22 05:00:00,1432,18362,853,45.48,18362,17509
AM000853,APP007,2025-12-22,2025-12-10 11:00:00,1439,18400,792,310.85,18400,17608
AM000854,APP004,2025-02-26,2025-03-21 05:00:00,1403,35134,1689,270.28,35134,33445
AM000855,APP001,2025-02-09,2026-06-10 18:00:00,1386,8435,34,282.78,8435,8401
AM000856,APP008,2025-10-17,2026-01-05 16:00:00,1434,15127,589,272.65,15127,14538
AM000857,APP002,2025-11-01,2026-05-16 00:00:00,1410,44824,1759,237.51,44824,43065
AM000858,APP002,2026-07-06,2025-02-22 23:00:00,1392,41077,865,309.33,41077,40212
AM000859,APP002,2026-02-22,2026-11-16 09:00:00,1410,33862,813,273.23,33862,33049
AM000860,APP008,2026-10-12,2025-06-12 13:00:00,1439,46999,2045,72.42,46999,44954
AM000861,APP004,2025-09-09,2025-11-05 07:00:00,1387,24329,562,75.17,24329,23767
AM000862,APP007,2026-03-20,2026-04-15 04:00:00,1410,45380,2218,307.05,45380,43162
AM000863,APP005,2025-08-12,2026-06-27 21:00:00,1391,29974,436,234.4,29974,29538
AM000864,APP008,2026-01-27,2026-10-17 14:00:00,1435,11037,301,23.11,11037,10736
AM000865,APP006,2026-04-28,2025-06-19 09:00:00,1396,45466,80,254.6,45466,45386
AM000866,APP006,2025-11-28,2025-06-09 13:00:00,1388,25534,351,280.81,25534,25183
AM000867,APP001,2026-04-20,2026-11-20 03:00:00,1407,15792,232,281.32,15792,15560
AM000868,APP004,2026-03-17,2026-10-28 08:00:00,1404,30395,580,121.0,30395,29815
AM000869,APP007,2025-01-05,2026-02-06 13:00:00,1405,4370,111,189.63,4370,4259
AM000870,APP003,2025-02-08,2025-10-04 17:00:00,1433,5193,69,187.27,5193,5124
AM000871,APP006,2025-04-08,2026-04-23 05:00:00,1402,13587,291,257.85,13587,13296
AM000872,APP007,2026-05-01,2025-04-21 11:00:00,1420,36119,1432,189.11,36119,34687
AM000873,APP004,2025-12-02,2025-08-24 07:00:00,1411,38971,457,293.96,38971,38514
AM000874,APP004,2026-07-06,2025-04-27 00:00:00,1399,1648,48,146.4,1648,1600
AM000875,APP005,2026-04-09,2025-02-02 18:00:00,1383,11121,272,108.43,11121,10849
AM000876,APP003,2025-06-16,2025-10-18 16:00:00,1396,26744,99,219.89,26744,26645
AM000877,APP008,2026-03-17,2025-03-26 07:00:00,1429,12376,187,191.64,12376,12189
AM000878,APP002,2025-07-25,2026-04-02 01:00:00,1381,8490,362,202.31,8490,8128
AM000879,APP004,2025-04-22,2025-02-01 18:00:00,1426,12882,126,303.42,12882,12756
AM000880,APP005,2026-04-10,2025-05-29 04:00:00,1398,48619,341,52.38,48619,48278
AM000881,APP003,2025-12-12,2026-03-17 15:00:00,1401,45060,1308,38.14,45060,43752
AM000882,APP008,2026-02-23,2026-09-14 01:00:00,1426,48341,2395,47.94,48341,45946
AM000883,APP003,2025-03-16,2025-01-02 21:00:00,1399,8105,64,141.16,8105,8041
AM000884,APP004,2025-11-26,2025-04-15 16:00:00,1402,45565,1333,141.52,45565,44232
AM000885,APP007,2025-04-07,2026-11-12 06:00:00,1415,38858,1647,240.47,38858,37211
AM000886,APP002,2025-11-23,2025-12-28 09:00:00,1418,41293,578,212.63,41293,40715
AM000887,APP005,2025-04-15,2025-08-11 06:00:00,1422,18805,838,175.11,18805,17967
AM000888,APP007,2026-02-18,2026-11-13 21:00:00,1381,6283,39,93.23,6283,6244
AM000889,APP004,2026-01-14,2025-08-09 08:00:00,1417,46733,1997,259.77,46733,44736
AM000890,APP004,2025-01-19,2025-10-10 07:00:00,1425,8966,19,183.26,8966,8947
AM000891,APP004,2026-04-13,2025-01-31 00:00:00,1419,10184,11,78.48,10184,10173
AM000892,APP005,2026-07-22,2025-01-10 18:00:00,1398,27045,585,65.6,27045,26460
AM000893,APP004,2025-11-15,2025-02-28 18:00:00,1419,21941,199,52.04,21941,21742
AM000894,APP005,2026-10-07,2025-03-28 05:00:00,1425,34763,388,238.31,34763,34375
AM000895,APP008,2026-02-19,2026-12-10 13:00:00,1399,13169,258,215.33,13169,12911
AM000896,APP003,2026-10-10,2026-12-31 23:00:00,1401,19088,744,266.88,19088,18344
AM000897,APP008,2026-02-20,2026-05-22 06:00:00,1413,35594,1157,250.58,35594,34437
AM000898,APP005,2025-11-12,2025-04-18 04:00:00,1409,39343,798,315.72,39343,38545
AM000899,APP003,2026-08-02,2025-08-08 19:00:00,1432,35984,1449,90.05,35984,34535
AM000900,APP005,2025-04-06,2026-11-13 00:00:00,1429,13834,111,139.81,13834,13723
AM000901,APP007,2025-07-09,2025-09-07 14:00:00,1381,28020,53,300.36,28020,27967
AM000902,APP008,2026-01-29,2025-06-07 22:00:00,1402,29101,580,78.0,29101,28521
AM000903,APP004,2025-04-05,2025-09-27 12:00:00,1417,19291,916,166.63,19291,18375
AM000904,APP003,2025-11-30,2026-01-08 23:00:00,1424,30080,477,45.57,30080,29603
AM000905,APP001,2025-03-25,2026-05-05 10:00:00,1395,46765,750,130.18,46765,46015
AM000906,APP002,2025-11-04,2025-07-17 09:00:00,1422,32627,360,308.64,32627,32267
AM000907,APP006,2025-01-04,2026-06-22 08:00:00,1399,34209,620,88.1,34209,33589
AM000908,APP001,2026-11-24,2026-06-08 13:00:00,1411,13073,101,266.23,13073,12972
AM000909,APP005,2025-02-17,2025-07-12 14:00:00,1403,15199,616,53.11,15199,14583
AM000910,APP008,2026-10-28,2026-12-20 05:00:00,1398,44753,1828,263.9,44753,42925
AM000911,APP007,2026-05-19,2025-05-19 04:00:00,1392,16466,642,203.68,16466,15824
AM000912,APP004,2025-08-26,2026-07-19 14:00:00,1392,42113,1194,212.32,42113,40919
AM000913,APP001,2026-11-23,2025-10-11 13:00:00,1416,27148,896,307.73,27148,26252
AM000914,APP004,2026-05-27,2026-09-18 03:00:00,1437,32510,271,208.48,32510,32239
AM000915,APP007,2025-08-30,2025-06-14 02:00:00,1393,2446,92,188.74,2446,2354
AM000916,APP006,2026-08-10,2026-01-09 21:00:00,1382,43510,843,200.2,43510,42667
AM000917,APP006,2025-09-16,2025-05-15 09:00:00,1415,20687,56,21.21,20687,20631
AM000918,APP007,2025-05-17,2025-03-23 07:00:00,1405,47118,462,180.6,47118,46656
AM000919,APP006,2025-02-21,2025-08-03 03:00:00,1380,31778,1090,54.1,31778,30688
AM000920,APP003,2025-04-19,2025-12-19 05:00:00,1415,49966,1247,211.85,49966,48719
AM000921,APP004,2025-05-20,2026-05-05 22:00:00,1415,7016,74,293.56,7016,6942
AM000922,APP004,2025-12-11,2026-07-31 22:00:00,1434,38576,1172,47.0,38576,37404
AM000923,APP001,2025-05-22,2025-10-24 06:00:00,1389,12708,502,34.92,12708,12206
AM000924,APP004,2025-12-05,2026-03-26 13:00:00,1386,23200,410,302.96,23200,22790
AM000925,APP006,2026-09-20,2026-06-23 10:00:00,1407,9102,262,218.7,9102,8840
AM000926,APP005,2026-06-20,2026-01-23 13:00:00,1415,4709,44,256.17,4709,4665
AM000927,APP007,2026-10-25,2026-04-14 02:00:00,1431,18083,884,227.76,18083,17199
AM000928,APP004,2025-06-21,2025-01-24 16:00:00,1416,49045,1824,281.22,49045,47221
AM000929,APP005,2025-03-07,2025-02-12 01:00:00,1384,15068,159,147.08,15068,14909
AM000930,APP001,2025-03-08,2025-04-28 01:00:00,1420,7726,261,145.29,7726,7465
AM000931,APP003,2025-01-29,2026-07-02 18:00:00,1415,8444,170,48.1,8444,8274
AM000932,APP008,2025-02-13,2025-06-11 22:00:00,1399,43303,67,151.93,43303,43236
AM000933,APP006,2025-08-19,2026-06-03 15:00:00,1410,16402,318,123.41,16402,16084
AM000934,APP004,2026-01-01,2025-03-08 20:00:00,1421,7791,384,226.82,7791,7407
AM000935,APP003,2025-01-15,2025-07-28 03:00:00,1411,4382,134,237.99,4382,4248
AM000936,APP004,2025-10-15,2025-07-22 19:00:00,1405,6976,224,73.98,6976,6752
AM000937,APP001,2025-05-21,2025-08-07 10:00:00,1381,1120,49,124.59,1120,1071
AM000938,APP003,2025-02-13,2026-01-25 17:00:00,1414,47992,78,80.73,47992,47914
AM000939,APP003,2026-05-06,2026-07-11 19:00:00,1439,8209,368,134.5,8209,7841
AM000940,APP001,2025-09-05,2025-12-01 21:00:00,1433,26728,619,124.74,26728,26109
AM000941,APP006,2026-04-29,2025-10-13 15:00:00,1414,33984,1480,38.77,33984,32504
AM000942,APP008,2026-02-01,2025-11-11 09:00:00,1437,6939,12,106.78,6939,6927
AM000943,APP001,2025-03-11,2025-10-19 23:00:00,1388,43631,970,123.05,43631,42661
AM000944,APP001,2026-04-14,2026-03-01 22:00:00,1412,7234,231,264.28,7234,7003
AM000945,APP007,2025-10-14,2025-07-28 13:00:00,1409,42451,416,24.93,42451,42035
AM000946,APP003,2025-10-23,2025-09-13 04:00:00,1434,9552,144,266.89,9552,9408
AM000947,APP001,2026-01-01,2026-09-29 19:00:00,1406,24852,1035,319.81,24852,23817
AM000948,APP007,2026-12-29,2026-04-13 20:00:00,1433,15609,287,164.77,15609,15322
AM000949,APP007,2025-11-01,2025-06-17 09:00:00,1414,9389,39,278.22,9389,9350
AM000950,APP008,2026-07-12,2026-10-14 18:00:00,1428,35797,1010,104.25,35797,34787
AM000951,APP002,2025-06-07,2025-07-21 03:00:00,1427,6754,167,248.04,6754,6587
AM000952,APP004,2025-01-14,2025-09-23 16:00:00,1416,37261,1622,149.29,37261,35639
AM000953,APP003,2025-01-18,2026-09-12 14:00:00,1381,27956,146,37.0,27956,27810
AM000954,APP008,2025-01-15,2026-11-01 05:00:00,1418,24854,1219,32.91,24854,23635
AM000955,APP007,2025-07-24,2025-12-29 16:00:00,1432,11709,396,258.28,11709,11313
AM000956,APP001,2025-01-24,2025-11-19 06:00:00,1411,16864,793,195.78,16864,16071
AM000957,APP005,2026-10-31,2026-12-30 15:00:00,1434,37504,1513,180.13,37504,35991
AM000958,APP007,2026-08-31,2026-12-05 20:00:00,1388,20038,690,123.18,20038,19348
AM000959,APP003,2025-10-10,2025-11-08 08:00:00,1388,38764,223,172.39,38764,38541
AM000960,APP005,2025-07-21,2026-03-29 17:00:00,1413,22808,229,78.2,22808,22579
AM000961,APP002,2026-11-22,2026-06-14 19:00:00,1425,37191,1098,49.38,37191,36093
AM000962,APP005,2026-06-20,2025-01-30 22:00:00,1438,15630,311,27.51,15630,15319
AM000963,APP008,2025-11-24,2025-02-04 07:00:00,1414,22037,596,288.03,22037,21441
AM000964,APP005,2026-11-26,2026-10-24 02:00:00,1431,15629,227,62.01,15629,15402
AM000965,APP005,2025-05-20,2026-11-15 15:00:00,1384,41257,409,283.59,41257,40848
AM000966,APP006,2026-05-15,2025-03-20 16:00:00,1414,3436,26,202.62,3436,3410
AM000967,APP002,2026-05-13,2026-04-14 14:00:00,1407,49223,445,243.64,49223,48778
AM000968,APP001,2025-04-18,2025-08-17 00:00:00,1437,6189,288,198.28,6189,5901
AM000969,APP002,2026-03-10,2026-03-11 18:00:00,1394,20766,944,134.95,20766,19822
AM000970,APP004,2026-12-15,2025-05-23 05:00:00,1411,43361,1581,248.82,43361,41780
AM000971,APP003,2025-12-20,2026-06-14 19:00:00,1393,17898,55,180.48,17898,17843
AM000972,APP005,2026-05-23,2025-08-08 04:00:00,1404,31270,293,333.26,31270,30977
AM000973,APP008,2026-08-02,2025-07-18 01:00:00,1436,38742,1416,269.2,38742,37326
AM000974,APP008,2026-01-07,2025-12-03 15:00:00,1388,35483,786,79.25,35483,34697
AM000975,APP005,2026-06-29,2025-05-20 03:00:00,1389,43097,972,334.94,43097,42125
AM000976,APP002,2026-07-02,2026-07-23 00:00:00,1427,9058,411,182.08,9058,8647
AM000977,APP002,2026-06-11,2025-09-20 07:00:00,1415,5692,224,304.88,5692,5468
AM000978,APP002,2026-03-25,2025-04-08 23:00:00,1386,23526,242,290.64,23526,23284
AM000979,APP001,2025-03-01,2025-04-13 10:00:00,1431,21056,599,34.42,21056,20457
AM000980,APP006,2025-10-28,2025-01-16 06:00:00,1431,11784,171,39.68,11784,11613
AM000981,APP008,2026-07-20,2025-02-12 22:00:00,1421,10965,367,180.02,10965,10598
AM000982,APP004,2025-05-31,2025-10-05 07:00:00,1415,48146,2039,96.47,48146,46107
AM000983,APP008,2026-05-31,2025-06-05 17:00:00,1433,11223,280,80.86,11223,10943
AM000984,APP007,2026-07-02,2025-05-17 08:00:00,1399,28800,694,131.57,28800,28106
AM000985,APP001,2025-05-18,2025-11-30 07:00:00,1424,6968,56,145.95,6968,6912
AM000986,APP002,2026-12-25,2026-06-24 11:00:00,1437,12206,315,34.54,12206,11891
AM000987,APP007,2026-07-24,2025-11-22 07:00:00,1427,39127,1550,44.57,39127,37577
AM000988,APP006,2025-05-01,2025-07-25 08:00:00,1432,14198,162,20.62,14198,14036
AM000989,APP003,2026-01-26,2025-10-13 00:00:00,1387,10786,133,244.74,10786,10653
AM000990,APP001,2026-09-18,2026-12-16 19:00:00,1398,42646,1322,222.07,42646,41324
AM000991,APP007,2025-04-06,2026-01-23 22:00:00,1402,42002,1634,275.75,42002,40368
AM000992,APP001,2026-03-19,2025-05-09 09:00:00,1389,24450,852,201.52,24450,23598
AM000993,APP001,2026-09-17,2026-04-19 10:00:00,1401,41450,90,313.54,41450,41360
AM000994,APP002,2026-01-21,2026-10-04 17:00:00,1424,24394,198,118.53,24394,24196
AM000995,APP008,2025-02-28,2025-02-01 14:00:00,1400,8490,248,146.03,8490,8242
AM000996,APP001,2025-07-05,2026-01-16 12:00:00,1430,21441,949,340.55,21441,20492
AM000997,APP008,2026-10-09,2026-07-27 20:00:00,1397,19465,864,52.55,19465,18601
AM000998,APP006,2026-04-26,2026-03-01 05:00:00,1412,18245,706,170.25,18245,17539
AM000999,APP006,2026-04-16,2025-04-09 12:00:00,1408,41974,1825,100.19,41974,40149
AM001000,APP005,2025-07-13,2025-04-25 17:00:00,1399,45336,1979,228.56,45336,43357
AM001001,APP005,2026-03-20,2026-09-27 09:00:00,1418,37272,1745,294.51,37272,35527
AM001002,APP005,2025-01-26,2025-04-02 21:00:00,1390,20950,329,131.71,20950,20621
AM001003,APP007,2025-07-16,2026-04-25 21:00:00,1437,40093,953,46.6,40093,39140
AM001004,APP007,2026-05-10,2026-10-30 05:00:00,1434,20935,520,227.91,20935,20415
AM001005,APP005,2026-01-31,2025-11-30 21:00:00,1419,46162,1611,165.22,46162,44551
AM001006,APP004,2026-06-12,2026-01-06 07:00:00,1417,2960,64,145.03,2960,2896
AM001007,APP003,2026-05-14,2026-07-31 00:00:00,1421,1278,62,31.31,1278,1216
AM001008,APP007,2025-12-27,2025-01-18 19:00:00,1406,13649,250,279.87,13649,13399
AM001009,APP008,2026-01-06,2026-12-30 10:00:00,1405,16905,548,162.56,16905,16357
AM001010,APP003,2026-12-09,2026-12-10 03:00:00,1438,40426,1637,326.84,40426,38789
AM001011,APP008,2026-06-27,2025-02-16 05:00:00,1392,23809,475,337.78,23809,23334
AM001012,APP002,2026-05-14,2025-09-25 17:00:00,1438,8457,411,304.35,8457,8046
AM001013,APP001,2026-03-16,2026-11-02 03:00:00,1404,27504,919,297.73,27504,26585
AM001014,APP007,2025-09-02,2025-12-20 01:00:00,1436,41986,808,250.6,41986,41178
AM001015,APP004,2026-12-14,2025-03-07 11:00:00,1424,3800,89,185.82,3800,3711
AM001016,APP003,2026-05-27,2025-01-27 06:00:00,1415,5651,75,177.11,5651,5576
AM001017,APP006,2026-07-14,2026-10-07 09:00:00,1384,41929,1726,131.3,41929,40203
AM001018,APP005,2026-02-10,2026-03-26 12:00:00,1437,38850,1019,214.26,38850,37831
AM001019,APP003,2026-12-22,2026-12-05 03:00:00,1401,33693,406,314.3,33693,33287
AM001020,APP004,2025-07-25,2026-01-05 06:00:00,1414,41551,1161,307.95,41551,40390
AM001021,APP004,2025-03-26,2025-09-15 18:00:00,1387,48182,1544,299.8,48182,46638
AM001022,APP006,2025-05-19,2025-10-25 04:00:00,1418,2045,58,199.93,2045,1987
AM001023,APP002,2025-07-21,2025-08-21 21:00:00,1386,27291,979,33.04,27291,26312
AM001024,APP007,2025-04-13,2025-02-06 22:00:00,1423,33198,260,242.18,33198,32938
AM001025,APP003,2025-01-19,2025-03-19 16:00:00,1435,49482,934,333.98,49482,48548
AM001026,APP003,2026-07-09,2025-07-03 22:00:00,1424,47577,1568,184.13,47577,46009
AM001027,APP008,2025-03-12,2025-07-04 00:00:00,1386,36971,1155,218.56,36971,35816
AM001028,APP004,2026-05-31,2026-05-14 02:00:00,1407,12172,237,45.9,12172,11935
AM001029,APP005,2025-11-11,2025-06-17 05:00:00,1388,45408,2010,101.14,45408,43398
AM001030,APP006,2025-10-13,2025-05-27 19:00:00,1412,12898,499,20.57,12898,12399
AM001031,APP003,2026-11-15,2025-01-07 05:00:00,1433,45412,183,235.03,45412,45229
AM001032,APP002,2025-02-19,2025-06-18 16:00:00,1418,49220,677,201.45,49220,48543
AM001033,APP005,2026-12-07,2025-10-31 15:00:00,1412,18948,899,239.72,18948,18049
AM001034,APP001,2025-10-06,2026-02-18 13:00:00,1390,31701,1476,110.55,31701,30225
AM001035,APP006,2026-09-19,2026-05-03 18:00:00,1413,10058,327,316.55,10058,9731
AM001036,APP004,2025-09-26,2025-08-04 12:00:00,1416,43497,826,151.37,43497,42671
AM001037,APP006,2026-09-03,2025-09-02 16:00:00,1414,10530,486,176.22,10530,10044
AM001038,APP006,2025-06-30,2025-03-31 19:00:00,1393,5848,231,347.46,5848,5617
AM001039,APP008,2026-06-06,2025-07-16 22:00:00,1435,44536,934,255.63,44536,43602
AM001040,APP008,2026-01-02,2026-02-03 10:00:00,1394,11108,191,140.94,11108,10917
AM001041,APP006,2026-06-18,2026-11-16 06:00:00,1395,45229,1267,240.85,45229,43962
AM001042,APP002,2026-02-04,2026-03-13 04:00:00,1399,25053,681,330.76,25053,24372
AM001043,APP005,2025-09-30,2025-01-07 01:00:00,1412,40016,1578,288.37,40016,38438
AM001044,APP004,2026-02-24,2025-05-21 19:00:00,1392,38312,970,262.15,38312,37342
AM001045,APP006,2026-10-04,2026-06-01 07:00:00,1435,43286,1234,294.51,43286,42052
AM001046,APP001,2025-09-08,2026-06-28 21:00:00,1412,15706,775,305.47,15706,14931
AM001047,APP001,2026-05-09,2026-10-14 03:00:00,1400,40821,179,302.69,40821,40642
AM001048,APP005,2026-09-27,2025-02-16 12:00:00,1400,26342,1300,346.65,26342,25042
AM001049,APP008,2026-07-20,2026-07-19 20:00:00,1434,46042,1476,123.22,46042,44566
AM001050,APP005,2026-06-12,2025-12-08 18:00:00,1409,2381,4,184.68,2381,2377
AM001051,APP006,2025-12-14,2026-10-17 08:00:00,1402,26927,709,35.27,26927,26218
AM001052,APP006,2026-12-07,2026-06-20 01:00:00,1384,46631,490,331.4,46631,46141
AM001053,APP001,2025-11-29,2025-09-25 08:00:00,1416,2087,43,81.56,2087,2044
AM001054,APP005,2026-12-10,2025-07-23 13:00:00,1432,40504,956,312.91,40504,39548
AM001055,APP004,2025-06-11,2025-06-20 03:00:00,1400,33990,1495,221.65,33990,32495
AM001056,APP005,2025-07-24,2025-10-01 17:00:00,1409,43656,1520,225.24,43656,42136
AM001057,APP002,2025-05-23,2026-07-29 10:00:00,1438,12797,140,184.4,12797,12657
AM001058,APP006,2025-06-14,2025-07-12 13:00:00,1386,47165,434,84.54,47165,46731
AM001059,APP003,2025-06-15,2025-07-11 06:00:00,1399,46018,1349,317.92,46018,44669
AM001060,APP006,2026-05-28,2026-10-08 06:00:00,1384,7005,93,335.65,7005,6912
AM001061,APP001,2026-10-27,2025-10-25 02:00:00,1412,49237,255,52.01,49237,48982
AM001062,APP002,2025-04-03,2025-08-23 16:00:00,1438,33935,1004,43.07,33935,32931
AM001063,APP003,2025-05-07,2026-01-29 19:00:00,1429,7744,176,32.08,7744,7568
AM001064,APP003,2026-10-04,2025-01-09 11:00:00,1386,37469,1377,46.02,37469,36092
AM001065,APP006,2025-01-27,2026-02-24 14:00:00,1389,48057,473,74.22,48057,47584
AM001066,APP003,2026-03-22,2026-12-03 09:00:00,1409,35232,1663,349.72,35232,33569
AM001067,APP002,2025-07-21,2026-11-09 09:00:00,1433,47580,1911,63.28,47580,45669
AM001068,APP008,2026-11-26,2025-08-11 13:00:00,1430,31442,825,102.43,31442,30617
AM001069,APP001,2026-06-09,2025-03-22 18:00:00,1382,33915,983,307.95,33915,32932
AM001070,APP008,2025-12-15,2025-01-17 20:00:00,1389,44216,1688,63.1,44216,42528
AM001071,APP006,2026-12-22,2025-03-23 12:00:00,1428,13698,474,303.97,13698,13224
AM001072,APP005,2025-12-01,2026-04-28 06:00:00,1434,30685,257,118.47,30685,30428
AM001073,APP001,2025-03-21,2026-07-13 12:00:00,1399,27754,874,281.49,27754,26880
AM001074,APP008,2026-12-13,2025-11-26 11:00:00,1395,5573,45,152.73,5573,5528
AM001075,APP004,2026-06-04,2025-02-21 09:00:00,1384,11379,167,161.55,11379,11212
AM001076,APP002,2026-09-06,2025-06-26 06:00:00,1394,14835,556,301.08,14835,14279
AM001077,APP007,2026-11-15,2025-05-15 03:00:00,1429,14820,502,75.86,14820,14318
AM001078,APP001,2026-06-01,2026-09-02 12:00:00,1384,43005,1954,147.08,43005,41051
AM001079,APP007,2026-06-19,2026-03-07 13:00:00,1426,17774,284,246.29,17774,17490
AM001080,APP001,2025-03-14,2026-04-13 13:00:00,1382,3290,58,42.36,3290,3232
AM001081,APP006,2025-07-16,2026-04-12 19:00:00,1408,49999,1131,37.05,49999,48868
AM001082,APP001,2025-03-20,2026-11-05 17:00:00,1433,13089,41,213.51,13089,13048
AM001083,APP002,2025-05-27,2025-08-04 05:00:00,1381,15199,502,191.75,15199,14697
AM001084,APP006,2026-07-21,2026-08-25 00:00:00,1429,20113,477,81.12,20113,19636
AM001085,APP005,2025-10-18,2026-08-07 05:00:00,1427,11221,521,321.06,11221,10700
AM001086,APP001,2025-09-10,2025-05-12 10:00:00,1409,41001,1790,268.22,41001,39211
AM001087,APP001,2025-06-06,2025-02-18 08:00:00,1398,28995,82,15.69,28995,28913
AM001088,APP002,2025-12-20,2025-01-10 13:00:00,1424,27857,386,239.38,27857,27471
AM001089,APP006,2025-06-21,2026-05-16 16:00:00,1439,35509,886,239.65,35509,34623
AM001090,APP002,2025-11-20,2026-06-17 18:00:00,1388,8333,17,233.23,8333,8316
AM001091,APP007,2026-06-09,2025-06-07 21:00:00,1384,25517,618,110.24,25517,24899
AM001092,APP006,2025-10-04,2026-02-11 10:00:00,1380,47679,906,237.58,47679,46773
AM001093,APP007,2026-09-05,2026-01-09 04:00:00,1432,45410,313,244.78,45410,45097
AM001094,APP003,2026-06-22,2026-09-11 22:00:00,1414,4696,14,149.44,4696,4682
AM001095,APP003,2025-01-24,2025-02-11 06:00:00,1411,47007,419,285.58,47007,46588
AM001096,APP003,2026-07-17,2025-09-14 05:00:00,1426,17558,458,114.22,17558,17100
AM001097,APP002,2025-10-03,2025-03-10 16:00:00,1406,46212,808,17.43,46212,45404
AM001098,APP001,2025-04-17,2025-12-24 13:00:00,1428,14936,606,219.56,14936,14330
AM001099,APP003,2025-11-18,2025-07-19 04:00:00,1399,36323,857,310.78,36323,35466
AM001100,APP006,2025-09-01,2025-12-03 13:00:00,1416,9433,427,52.73,9433,9006
AM001101,APP007,2026-01-02,2026-03-17 18:00:00,1432,8454,325,202.03,8454,8129
AM001102,APP008,2025-02-07,2026-12-19 06:00:00,1393,19613,767,24.62,19613,18846
AM001103,APP003,2025-07-07,2026-05-23 15:00:00,1399,37417,782,168.31,37417,36635
AM001104,APP007,2025-08-16,2025-10-26 07:00:00,1383,40892,1233,231.27,40892,39659
AM001105,APP005,2025-10-07,2025-02-04 06:00:00,1439,41167,1473,225.63,41167,39694
AM001106,APP005,2026-12-22,2025-11-11 03:00:00,1398,8682,196,48.05,8682,8486
AM001107,APP006,2025-11-21,2025-09-28 00:00:00,1388,14175,449,40.19,14175,13726
AM001108,APP007,2026-04-30,2025-05-21 19:00:00,1418,45227,1522,291.98,45227,43705
AM001109,APP004,2026-03-12,2026-02-25 17:00:00,1420,23747,1156,266.24,23747,22591
AM001110,APP004,2025-05-23,2026-09-30 13:00:00,1403,29763,383,35.74,29763,29380
AM001111,APP008,2026-05-08,2025-02-23 03:00:00,1422,26821,649,47.44,26821,26172
AM001112,APP001,2025-12-22,2026-03-27 21:00:00,1430,37256,1049,221.3,37256,36207
AM001113,APP004,2025-05-20,2025-08-19 03:00:00,1409,33767,238,114.38,33767,33529
AM001114,APP004,2026-08-22,2026-06-24 08:00:00,1398,21593,743,300.23,21593,20850
AM001115,APP008,2025-08-19,2026-11-03 11:00:00,1436,6314,294,134.97,6314,6020
AM001116,APP008,2025-01-17,2026-08-27 08:00:00,1387,24489,750,179.09,24489,23739
AM001117,APP003,2026-03-11,2025-12-28 01:00:00,1423,38051,1503,38.26,38051,36548
AM001118,APP004,2026-10-18,2025-08-11 09:00:00,1424,46265,182,258.56,46265,46083
AM001119,APP007,2025-11-09,2025-06-05 09:00:00,1387,49219,1700,206.84,49219,47519
AM001120,APP004,2025-01-25,2026-07-11 07:00:00,1429,31168,1021,282.35,31168,30147
AM001121,APP002,2025-09-06,2026-05-03 14:00:00,1388,39001,1387,306.54,39001,37614
AM001122,APP002,2026-08-17,2025-04-05 13:00:00,1411,45888,1555,243.74,45888,44333
AM001123,APP007,2025-09-03,2026-09-02 11:00:00,1389,5316,189,49.04,5316,5127
AM001124,APP002,2025-08-23,2026-09-03 14:00:00,1401,39229,431,16.46,39229,38798
AM001125,APP001,2026-04-05,2026-02-09 11:00:00,1387,43041,224,342.93,43041,42817
AM001126,APP003,2025-05-04,2026-07-01 20:00:00,1412,12840,605,317.48,12840,12235
AM001127,APP002,2026-04-03,2025-11-11 15:00:00,1424,35426,353,110.04,35426,35073
AM001128,APP007,2025-04-30,2025-04-01 10:00:00,1433,43997,402,173.59,43997,43595
AM001129,APP001,2025-12-26,2025-01-19 21:00:00,1436,37562,884,33.14,37562,36678
AM001130,APP007,2026-12-24,2025-08-27 20:00:00,1402,38671,970,146.39,38671,37701
AM001131,APP001,2025-04-28,2025-10-07 00:00:00,1388,5274,221,159.99,5274,5053
AM001132,APP006,2026-09-19,2026-10-29 14:00:00,1438,26444,562,263.11,26444,25882
AM001133,APP005,2026-09-19,2025-01-30 11:00:00,1415,36847,1729,323.98,36847,35118
AM001134,APP004,2025-01-13,2026-09-02 07:00:00,1425,15861,727,226.29,15861,15134
AM001135,APP007,2026-08-09,2025-11-04 16:00:00,1402,15740,388,25.42,15740,15352
AM001136,APP007,2025-12-09,2025-08-10 20:00:00,1416,8026,53,295.09,8026,7973
AM001137,APP004,2026-10-02,2025-09-24 09:00:00,1414,47710,597,30.15,47710,47113
AM001138,APP007,2025-11-18,2025-01-17 03:00:00,1416,47102,756,20.81,47102,46346
AM001139,APP005,2025-08-05,2026-10-21 15:00:00,1391,1782,47,244.43,1782,1735
AM001140,APP001,2025-01-20,2026-06-28 12:00:00,1419,47008,536,150.29,47008,46472
AM001141,APP008,2025-03-15,2026-01-16 17:00:00,1413,34981,828,253.04,34981,34153
AM001142,APP007,2026-04-30,2026-11-30 00:00:00,1389,23542,539,278.0,23542,23003
AM001143,APP002,2026-08-30,2025-04-13 02:00:00,1386,42706,1713,102.49,42706,40993
AM001144,APP008,2025-04-06,2025-10-11 10:00:00,1414,28087,665,299.61,28087,27422
AM001145,APP003,2025-10-17,2026-02-03 08:00:00,1409,48575,1214,177.81,48575,47361
AM001146,APP001,2025-08-05,2026-10-03 14:00:00,1426,40427,1035,225.98,40427,39392
AM001147,APP005,2026-05-22,2026-09-17 05:00:00,1414,38009,334,333.62,38009,37675
AM001148,APP001,2026-09-18,2026-10-07 01:00:00,1406,14053,487,329.79,14053,13566
AM001149,APP004,2025-04-07,2025-02-10 09:00:00,1424,36491,95,88.14,36491,36396
AM001150,APP005,2025-06-18,2025-03-03 20:00:00,1407,44734,1896,71.76,44734,42838
AM001151,APP008,2025-07-23,2025-01-04 04:00:00,1428,46623,176,189.72,46623,46447
AM001152,APP002,2025-07-11,2025-08-02 23:00:00,1407,46891,2298,259.08,46891,44593
AM001153,APP001,2025-09-20,2025-11-26 01:00:00,1428,39293,999,294.43,39293,38294
AM001154,APP008,2026-02-27,2026-06-16 11:00:00,1426,34685,1380,323.79,34685,33305
AM001155,APP004,2025-03-21,2025-06-07 19:00:00,1383,35635,385,220.66,35635,35250
AM001156,APP007,2025-04-14,2025-09-08 11:00:00,1383,35613,1773,168.14,35613,33840
AM001157,APP004,2025-12-21,2025-10-19 21:00:00,1438,47440,1225,248.61,47440,46215
AM001158,APP008,2025-11-08,2026-09-02 01:00:00,1388,37945,1798,59.54,37945,36147
AM001159,APP001,2026-06-23,2025-10-20 00:00:00,1395,1056,1,29.37,1056,1055
AM001160,APP006,2025-05-25,2025-10-27 03:00:00,1389,30986,1493,21.19,30986,29493
AM001161,APP003,2026-07-10,2026-07-15 17:00:00,1417,9482,265,41.82,9482,9217
AM001162,APP006,2025-11-03,2026-03-06 16:00:00,1393,46697,2316,245.6,46697,44381
AM001163,APP007,2026-05-08,2025-08-27 07:00:00,1394,43460,2065,122.42,43460,41395
AM001164,APP003,2025-02-24,2025-08-11 00:00:00,1391,8165,276,71.97,8165,7889
AM001165,APP006,2026-10-18,2026-06-13 19:00:00,1388,21541,889,192.37,21541,20652
AM001166,APP006,2025-06-02,2026-11-15 21:00:00,1436,32388,897,101.29,32388,31491
AM001167,APP008,2026-05-15,2025-03-30 10:00:00,1380,49762,936,51.97,49762,48826
AM001168,APP008,2026-04-08,2026-01-24 20:00:00,1421,7636,345,183.28,7636,7291
AM001169,APP005,2025-10-28,2025-08-31 13:00:00,1399,8329,48,171.63,8329,8281
AM001170,APP005,2025-03-07,2025-08-31 03:00:00,1414,22875,333,250.39,22875,22542
AM001171,APP006,2025-02-22,2026-06-15 21:00:00,1417,36881,1055,321.49,36881,35826
AM001172,APP001,2025-09-11,2025-05-08 10:00:00,1431,23540,577,219.04,23540,22963
AM001173,APP003,2026-10-16,2025-05-04 08:00:00,1434,44723,1044,62.79,44723,43679
AM001174,APP008,2026-01-24,2025-07-02 08:00:00,1423,26716,110,58.17,26716,26606
AM001175,APP008,2025-01-08,2026-11-19 22:00:00,1413,4169,65,136.26,4169,4104
AM001176,APP004,2026-10-05,2025-02-02 07:00:00,1422,39735,1598,57.56,39735,38137
AM001177,APP002,2026-08-03,2026-04-13 06:00:00,1387,26629,260,178.21,26629,26369
AM001178,APP003,2026-06-25,2025-07-15 10:00:00,1403,30460,865,331.66,30460,29595
AM001179,APP003,2026-05-17,2026-03-01 16:00:00,1431,15320,596,267.9,15320,14724
AM001180,APP007,2025-04-21,2025-10-09 10:00:00,1428,31466,525,72.98,31466,30941
AM001181,APP006,2026-12-24,2026-12-21 14:00:00,1425,30298,945,115.6,30298,29353
AM001182,APP007,2026-12-15,2026-02-15 00:00:00,1391,44876,685,159.53,44876,44191
AM001183,APP007,2025-12-20,2025-02-20 13:00:00,1411,7210,274,346.67,7210,6936
AM001184,APP006,2025-03-27,2026-11-10 13:00:00,1402,26038,321,316.81,26038,25717
AM001185,APP005,2025-10-23,2025-01-01 11:00:00,1397,19600,302,60.35,19600,19298
AM001186,APP002,2026-08-25,2025-03-07 08:00:00,1393,36948,448,120.62,36948,36500
AM001187,APP003,2025-04-19,2025-12-20 17:00:00,1437,49411,921,103.68,49411,48490
AM001188,APP001,2025-09-18,2026-03-13 23:00:00,1388,48350,388,330.24,48350,47962
AM001189,APP001,2026-12-12,2026-07-21 10:00:00,1402,8150,58,246.8,8150,8092
AM001190,APP004,2025-03-13,2025-05-14 20:00:00,1428,39467,615,75.47,39467,38852
AM001191,APP006,2026-10-24,2026-05-26 08:00:00,1437,17597,235,174.31,17597,17362
AM001192,APP003,2025-07-25,2025-05-20 07:00:00,1403,25264,647,20.64,25264,24617
AM001193,APP004,2026-08-04,2026-04-25 02:00:00,1402,9582,376,221.17,9582,9206
AM001194,APP006,2025-09-24,2026-06-11 23:00:00,1410,16773,485,307.56,16773,16288
AM001195,APP008,2025-01-28,2025-01-20 22:00:00,1419,45883,2238,191.13,45883,43645
AM001196,APP001,2025-05-24,2026-04-13 17:00:00,1419,16581,776,325.43,16581,15805
AM001197,APP003,2025-09-18,2026-03-14 15:00:00,1402,30940,829,192.74,30940,30111
AM001198,APP002,2026-07-04,2026-03-30 06:00:00,1387,26583,917,153.5,26583,25666
AM001199,APP003,2026-09-13,2025-07-19 08:00:00,1382,20408,679,169.53,20408,19729
AM001200,APP005,2025-08-26,2026-04-17 20:00:00,1416,32907,329,237.51,32907,32578
AM001201,APP001,2025-05-15,2026-05-15 05:00:00,1381,10609,420,275.66,10609,10189
AM001202,APP007,2025-04-10,2026-01-07 05:00:00,1404,9489,346,206.51,9489,9143
AM001203,APP003,2026-09-19,2026-07-28 00:00:00,1388,48698,2186,332.6,48698,46512
AM001204,APP007,2026-03-16,2026-02-28 21:00:00,1393,32300,780,173.55,32300,31520
AM001205,APP004,2025-08-10,2026-04-14 05:00:00,1380,33761,1320,342.86,33761,32441
AM001206,APP003,2025-01-29,2025-05-13 10:00:00,1430,32971,711,118.9,32971,32260
AM001207,APP001,2025-03-17,2025-03-11 03:00:00,1399,39809,1066,264.71,39809,38743
AM001208,APP001,2026-06-25,2025-06-11 01:00:00,1383,29604,472,160.71,29604,29132
AM001209,APP001,2025-11-25,2026-05-20 02:00:00,1412,41528,800,218.84,41528,40728
AM001210,APP007,2025-12-11,2025-01-01 10:00:00,1386,22002,33,50.18,22002,21969
AM001211,APP001,2026-07-08,2026-12-25 16:00:00,1439,49703,173,84.94,49703,49530
AM001212,APP005,2026-08-03,2026-12-11 06:00:00,1385,49102,1146,45.99,49102,47956
AM001213,APP003,2025-12-16,2026-06-17 21:00:00,1411,15777,660,223.8,15777,15117
AM001214,APP007,2026-05-21,2025-09-07 03:00:00,1417,47894,483,32.68,47894,47411
AM001215,APP008,2026-11-05,2025-09-20 20:00:00,1394,11305,313,283.38,11305,10992
AM001216,APP003,2025-04-14,2026-04-01 13:00:00,1403,5876,136,249.81,5876,5740
AM001217,APP008,2026-03-09,2025-05-09 11:00:00,1386,8926,74,191.91,8926,8852
AM001218,APP008,2025-04-21,2025-02-12 20:00:00,1437,4050,127,305.37,4050,3923
AM001219,APP005,2025-07-12,2025-09-05 15:00:00,1420,32438,1281,264.03,32438,31157
AM001220,APP008,2026-09-23,2025-09-30 00:00:00,1409,37172,1336,18.34,37172,35836
AM001221,APP002,2026-05-05,2025-01-31 05:00:00,1380,49187,585,151.89,49187,48602
AM001222,APP002,2026-06-07,2026-07-06 03:00:00,1429,18778,44,191.42,18778,18734
AM001223,APP004,2026-07-19,2026-07-05 13:00:00,1431,48886,1459,223.61,48886,47427
AM001224,APP004,2025-04-20,2026-03-02 02:00:00,1438,32390,1091,301.31,32390,31299
AM001225,APP006,2025-12-31,2025-05-11 12:00:00,1380,1219,27,226.84,1219,1192
AM001226,APP007,2026-05-03,2025-03-26 21:00:00,1403,40523,1440,155.14,40523,39083
AM001227,APP005,2026-11-08,2025-09-26 16:00:00,1404,32250,274,229.92,32250,31976
AM001228,APP006,2026-11-23,2025-12-11 15:00:00,1404,37214,1335,31.75,37214,35879
AM001229,APP004,2026-04-05,2025-12-01 02:00:00,1409,15782,506,96.14,15782,15276
AM001230,APP007,2025-03-10,2025-08-02 08:00:00,1410,14842,541,202.14,14842,14301
AM001231,APP007,2026-07-18,2025-03-08 08:00:00,1384,10050,58,268.32,10050,9992
AM001232,APP001,2026-02-14,2025-06-18 07:00:00,1398,7273,56,265.89,7273,7217
AM001233,APP006,2025-04-16,2025-05-04 20:00:00,1383,14721,682,253.36,14721,14039
AM001234,APP002,2025-03-03,2026-08-29 09:00:00,1396,37948,1353,252.23,37948,36595
AM001235,APP005,2026-11-06,2025-09-27 06:00:00,1412,49656,697,72.37,49656,48959
AM001236,APP003,2025-05-26,2026-12-08 00:00:00,1412,41122,485,229.73,41122,40637
AM001237,APP005,2026-06-06,2025-05-27 23:00:00,1408,9044,219,158.73,9044,8825
AM001238,APP004,2026-04-21,2026-01-01 10:00:00,1401,40625,518,111.9,40625,40107
AM001239,APP003,2025-08-02,2025-11-25 14:00:00,1413,42770,1456,29.21,42770,41314
AM001240,APP003,2026-02-25,2026-06-10 23:00:00,1389,3693,171,174.45,3693,3522
AM001241,APP002,2026-03-15,2026-01-25 16:00:00,1381,35762,1273,51.5,35762,34489
AM001242,APP004,2026-11-11,2025-08-27 18:00:00,1383,14357,526,228.13,14357,13831
AM001243,APP002,2026-01-09,2026-07-03 04:00:00,1424,27762,575,272.82,27762,27187
AM001244,APP006,2026-12-25,2025-03-30 09:00:00,1388,29767,1481,245.54,29767,28286
AM001245,APP002,2026-01-09,2025-12-14 09:00:00,1415,14812,454,288.11,14812,14358
AM001246,APP005,2025-09-18,2026-05-06 22:00:00,1436,5036,92,177.1,5036,4944
AM001247,APP008,2026-10-07,2025-07-30 21:00:00,1408,49069,1654,228.98,49069,47415
AM001248,APP006,2026-11-16,2025-02-01 03:00:00,1394,21547,314,308.83,21547,21233
AM001249,APP003,2025-03-04,2026-03-20 06:00:00,1393,1130,27,275.58,1130,1103
AM001250,APP008,2025-04-30,2025-08-30 16:00:00,1389,22141,373,337.98,22141,21768
AM001251,APP005,2026-08-31,2026-03-28 12:00:00,1387,43654,1180,291.24,43654,42474
AM001252,APP006,2025-11-26,2026-08-01 06:00:00,1434,40843,1285,252.74,40843,39558
AM001253,APP001,2026-03-25,2025-04-26 11:00:00,1411,47532,804,133.65,47532,46728
AM001254,APP003,2026-10-20,2026-01-09 17:00:00,1403,26300,188,321.16,26300,26112
AM001255,APP004,2025-07-10,2025-08-22 21:00:00,1413,42303,136,76.89,42303,42167
AM001256,APP004,2026-07-16,2025-05-06 23:00:00,1432,5358,72,230.18,5358,5286
AM001257,APP005,2026-10-20,2026-06-28 05:00:00,1408,10667,323,70.55,10667,10344
AM001258,APP008,2026-04-23,2026-11-26 04:00:00,1402,38653,1263,248.18,38653,37390
AM001259,APP005,2026-01-15,2025-01-31 03:00:00,1392,27784,629,326.14,27784,27155
AM001260,APP003,2025-08-26,2025-09-07 11:00:00,1404,35499,458,80.26,35499,35041
AM001261,APP005,2025-01-23,2025-07-09 17:00:00,1424,4735,59,270.84,4735,4676
AM001262,APP004,2025-06-09,2025-10-30 21:00:00,1397,9966,134,307.57,9966,9832
AM001263,APP004,2026-06-27,2025-07-29 20:00:00,1407,9553,98,250.51,9553,9455
AM001264,APP007,2026-07-14,2025-05-08 13:00:00,1388,2433,32,109.56,2433,2401
AM001265,APP008,2025-04-24,2026-09-22 03:00:00,1403,7602,50,218.94,7602,7552
AM001266,APP008,2025-03-05,2025-04-03 15:00:00,1423,22773,221,133.51,22773,22552
AM001267,APP005,2025-06-11,2026-11-24 11:00:00,1398,4205,191,245.79,4205,4014
AM001268,APP006,2026-03-21,2025-05-21 14:00:00,1387,19652,47,73.75,19652,19605
AM001269,APP003,2025-01-19,2026-10-08 17:00:00,1413,16244,112,103.58,16244,16132
AM001270,APP008,2025-08-30,2025-08-03 09:00:00,1408,33889,637,280.14,33889,33252
AM001271,APP001,2026-03-02,2025-11-18 02:00:00,1389,5091,206,228.74,5091,4885
AM001272,APP006,2026-09-09,2025-11-02 05:00:00,1406,44214,851,144.14,44214,43363
AM001273,APP004,2025-08-28,2026-07-04 04:00:00,1414,37118,1181,287.02,37118,35937
AM001274,APP003,2025-08-08,2025-09-22 01:00:00,1434,14569,683,171.48,14569,13886
AM001275,APP006,2026-07-30,2026-09-30 07:00:00,1380,19005,793,112.39,19005,18212
AM001276,APP005,2025-11-22,2026-03-04 21:00:00,1426,6118,90,156.92,6118,6028
AM001277,APP006,2025-07-12,2026-06-28 01:00:00,1392,48187,1350,72.59,48187,46837
AM001278,APP004,2026-02-05,2026-11-03 19:00:00,1389,12958,319,349.03,12958,12639
AM001279,APP003,2025-09-16,2026-12-01 06:00:00,1387,5696,30,127.62,5696,5666
AM001280,APP006,2025-12-09,2025-10-29 00:00:00,1417,30026,680,135.41,30026,29346
AM001281,APP003,2026-06-06,2026-11-16 06:00:00,1421,43536,1777,176.51,43536,41759
AM001282,APP002,2025-09-21,2026-12-20 15:00:00,1420,42014,618,142.98,42014,41396
AM001283,APP007,2026-09-17,2025-06-16 01:00:00,1406,42017,1217,144.19,42017,40800
AM001284,APP001,2025-10-08,2025-08-03 13:00:00,1425,2526,66,257.12,2526,2460
AM001285,APP007,2026-03-10,2025-08-06 05:00:00,1407,47134,125,50.45,47134,47009
AM001286,APP005,2026-02-07,2026-03-27 07:00:00,1435,2302,49,305.46,2302,2253
AM001287,APP001,2026-01-06,2025-09-18 11:00:00,1412,38580,1149,242.65,38580,37431
AM001288,APP005,2025-06-11,2025-10-16 01:00:00,1399,20346,692,134.25,20346,19654
AM001289,APP003,2026-11-26,2026-04-12 08:00:00,1401,3031,82,305.89,3031,2949
AM001290,APP004,2026-07-14,2026-07-22 12:00:00,1423,6674,45,193.39,6674,6629
AM001291,APP007,2025-06-08,2026-12-23 14:00:00,1391,7807,171,282.41,7807,7636
AM001292,APP003,2025-12-04,2026-11-11 01:00:00,1435,3894,125,193.16,3894,3769
AM001293,APP003,2025-09-14,2026-05-22 12:00:00,1424,35454,561,108.41,35454,34893
AM001294,APP008,2026-03-15,2026-01-03 00:00:00,1403,4172,6,104.7,4172,4166
AM001295,APP005,2026-06-04,2026-11-03 02:00:00,1401,47173,1396,87.89,47173,45777
AM001296,APP002,2026-04-10,2025-04-06 08:00:00,1423,10706,211,314.3,10706,10495
AM001297,APP004,2025-01-18,2025-11-16 06:00:00,1393,9419,353,100.54,9419,9066
AM001298,APP005,2025-07-19,2025-03-16 01:00:00,1418,48409,1814,341.64,48409,46595
AM001299,APP001,2026-08-25,2026-01-26 05:00:00,1383,3619,64,255.01,3619,3555
AM001300,APP004,2026-07-31,2026-01-25 03:00:00,1397,27321,671,225.1,27321,26650
AM001301,APP003,2026-06-05,2026-07-19 06:00:00,1396,6743,283,221.42,6743,6460
AM001302,APP003,2026-12-19,2026-07-11 21:00:00,1408,31107,324,192.93,31107,30783
AM001303,APP004,2025-09-09,2025-07-07 20:00:00,1432,17960,193,221.53,17960,17767
AM001304,APP008,2026-03-07,2026-11-24 11:00:00,1401,16246,611,96.68,16246,15635
AM001305,APP005,2025-06-29,2025-12-19 02:00:00,1386,16919,569,118.69,16919,16350
AM001306,APP001,2025-08-25,2025-07-21 21:00:00,1434,2352,2,136.98,2352,2350
AM001307,APP007,2025-02-21,2026-11-17 20:00:00,1406,26178,1160,244.17,26178,25018
AM001308,APP008,2025-05-04,2025-02-12 13:00:00,1390,44874,1905,150.76,44874,42969
AM001309,APP004,2026-05-13,2026-11-09 18:00:00,1391,20846,603,300.63,20846,20243
AM001310,APP007,2025-11-29,2026-03-29 12:00:00,1402,26575,358,230.22,26575,26217
AM001311,APP003,2026-03-16,2026-03-02 16:00:00,1398,5399,135,191.8,5399,5264
AM001312,APP001,2025-04-19,2026-05-27 03:00:00,1426,6767,293,25.89,6767,6474
AM001313,APP002,2026-11-28,2025-04-23 05:00:00,1410,29606,187,215.69,29606,29419
AM001314,APP005,2026-05-09,2026-05-30 05:00:00,1383,10588,202,51.68,10588,10386
AM001315,APP001,2026-10-24,2026-01-03 09:00:00,1421,12011,287,68.72,12011,11724
AM001316,APP002,2025-04-16,2025-11-14 06:00:00,1396,45416,1046,232.18,45416,44370
AM001317,APP006,2025-09-05,2025-03-27 11:00:00,1415,17422,268,31.24,17422,17154
AM001318,APP008,2026-03-12,2026-07-14 20:00:00,1431,5891,98,97.93,5891,5793
AM001319,APP002,2025-12-26,2026-04-17 05:00:00,1404,11748,176,16.11,11748,11572
AM001320,APP002,2026-08-24,2026-03-26 09:00:00,1390,23199,936,95.01,23199,22263
AM001321,APP007,2026-02-01,2025-11-03 01:00:00,1429,35557,1775,259.25,35557,33782
AM001322,APP006,2025-08-01,2026-08-22 02:00:00,1381,9403,436,294.99,9403,8967
AM001323,APP005,2026-05-08,2025-07-23 14:00:00,1421,19153,229,106.77,19153,18924
AM001324,APP005,2026-04-20,2026-05-19 11:00:00,1425,31804,616,28.26,31804,31188
AM001325,APP005,2026-12-16,2025-09-02 11:00:00,1393,49272,745,157.43,49272,48527
AM001326,APP008,2026-02-07,2026-12-07 09:00:00,1430,23181,243,288.32,23181,22938
AM001327,APP004,2026-03-31,2025-11-28 07:00:00,1435,3794,40,104.96,3794,3754
AM001328,APP008,2026-06-03,2026-07-07 16:00:00,1391,1604,60,216.46,1604,1544
AM001329,APP001,2026-07-29,2026-02-03 18:00:00,1431,22012,526,239.23,22012,21486
AM001330,APP004,2026-12-04,2026-02-08 14:00:00,1428,46667,1037,70.71,46667,45630
AM001331,APP008,2025-12-18,2026-07-14 15:00:00,1421,34050,1676,61.01,34050,32374
AM001332,APP007,2025-07-23,2025-10-28 09:00:00,1413,33142,462,36.55,33142,32680
AM001333,APP005,2026-06-20,2025-03-02 22:00:00,1437,11879,57,66.97,11879,11822
AM001334,APP008,2025-06-12,2025-01-17 05:00:00,1428,14792,296,203.22,14792,14496
AM001335,APP005,2026-06-12,2025-08-11 16:00:00,1413,2924,113,154.51,2924,2811
AM001336,APP006,2026-06-12,2026-09-30 18:00:00,1399,25898,1072,196.08,25898,24826
AM001337,APP002,2025-11-12,2026-12-22 23:00:00,1393,25122,202,49.9,25122,24920
AM001338,APP001,2026-05-05,2025-12-22 03:00:00,1425,27590,206,129.76,27590,27384
AM001339,APP004,2026-05-10,2026-09-19 21:00:00,1433,3413,146,36.6,3413,3267
AM001340,APP002,2026-04-15,2026-05-14 00:00:00,1416,15192,627,165.16,15192,14565
AM001341,APP006,2026-01-18,2026-02-09 19:00:00,1398,44870,835,236.44,44870,44035
AM001342,APP005,2025-01-27,2026-10-12 00:00:00,1416,48168,2163,81.55,48168,46005
AM001343,APP004,2025-03-31,2026-02-25 23:00:00,1388,19143,605,199.48,19143,18538
AM001344,APP001,2026-08-01,2026-12-18 12:00:00,1386,44816,289,82.1,44816,44527
AM001345,APP006,2025-02-14,2025-08-14 19:00:00,1419,40257,90,21.1,40257,40167
AM001346,APP001,2026-01-12,2026-02-02 02:00:00,1419,14325,379,310.0,14325,13946
AM001347,APP008,2025-06-30,2026-01-06 14:00:00,1391,44663,956,51.89,44663,43707
AM001348,APP005,2025-02-19,2026-02-27 06:00:00,1416,37425,199,310.93,37425,37226
AM001349,APP008,2026-03-01,2026-12-21 00:00:00,1413,46833,556,155.95,46833,46277
AM001350,APP008,2026-03-23,2025-10-01 17:00:00,1392,10078,358,314.64,10078,9720
AM001351,APP006,2025-07-28,2026-08-09 14:00:00,1434,1341,33,112.1,1341,1308
AM001352,APP007,2025-11-04,2026-01-21 15:00:00,1388,7835,308,144.07,7835,7527
AM001353,APP005,2026-01-13,2025-04-21 23:00:00,1423,5542,68,286.54,5542,5474
AM001354,APP003,2026-04-12,2026-02-09 08:00:00,1429,44045,272,288.76,44045,43773
AM001355,APP001,2026-11-08,2026-01-28 16:00:00,1389,16177,224,188.22,16177,15953
AM001356,APP004,2026-06-29,2026-04-06 08:00:00,1389,42391,1219,91.26,42391,41172
AM001357,APP005,2025-10-27,2026-01-24 13:00:00,1435,42343,589,133.57,42343,41754
AM001358,APP001,2026-07-06,2026-06-24 06:00:00,1408,19982,518,71.93,19982,19464
AM001359,APP008,2026-06-11,2026-09-06 11:00:00,1424,22025,224,155.74,22025,21801
AM001360,APP004,2026-10-20,2026-03-17 19:00:00,1412,20180,444,109.13,20180,19736
AM001361,APP002,2025-09-30,2025-10-25 13:00:00,1435,41039,823,264.22,41039,40216
AM001362,APP006,2025-04-29,2025-12-27 21:00:00,1408,33049,1266,118.04,33049,31783
AM001363,APP005,2026-11-22,2026-09-25 21:00:00,1383,10262,404,304.6,10262,9858
AM001364,APP005,2026-07-22,2026-05-20 17:00:00,1388,45177,1595,30.72,45177,43582
AM001365,APP007,2025-09-04,2026-08-18 09:00:00,1402,49223,148,340.49,49223,49075
AM001366,APP007,2025-07-24,2025-08-30 22:00:00,1393,15282,562,27.13,15282,14720
AM001367,APP004,2026-02-16,2025-10-12 19:00:00,1409,10385,112,262.02,10385,10273
AM001368,APP003,2025-04-14,2025-06-15 09:00:00,1429,25948,1010,158.69,25948,24938
AM001369,APP007,2025-03-19,2025-12-15 07:00:00,1395,19664,675,194.22,19664,18989
AM001370,APP007,2025-03-14,2025-02-06 23:00:00,1394,33860,1452,255.65,33860,32408
AM001371,APP007,2026-12-06,2026-11-12 00:00:00,1385,29598,797,36.37,29598,28801
AM001372,APP002,2026-01-11,2026-07-31 06:00:00,1407,25248,741,273.57,25248,24507
AM001373,APP007,2025-07-10,2025-11-29 00:00:00,1420,34204,1643,60.2,34204,32561
AM001374,APP002,2025-02-05,2025-11-29 16:00:00,1394,36812,1254,42.94,36812,35558
AM001375,APP007,2025-05-27,2025-08-22 10:00:00,1388,35446,159,234.73,35446,35287
AM001376,APP003,2026-03-08,2026-06-20 01:00:00,1431,1840,89,199.39,1840,1751
AM001377,APP002,2025-09-04,2025-11-10 10:00:00,1389,13685,351,75.63,13685,13334
AM001378,APP005,2026-05-05,2026-04-07 01:00:00,1387,28043,1116,213.86,28043,26927
AM001379,APP007,2026-06-05,2026-06-01 01:00:00,1418,35423,243,231.91,35423,35180
AM001380,APP002,2025-03-24,2026-04-02 01:00:00,1385,38749,1931,87.07,38749,36818
AM001381,APP006,2025-09-25,2025-11-08 06:00:00,1392,49775,2356,33.46,49775,47419
AM001382,APP006,2025-02-24,2026-10-18 03:00:00,1432,49276,346,279.76,49276,48930
AM001383,APP004,2025-03-13,2025-09-30 01:00:00,1410,11906,502,225.0,11906,11404
AM001384,APP002,2025-04-06,2026-04-15 05:00:00,1410,18180,180,52.16,18180,18000
AM001385,APP001,2025-08-22,2026-08-30 23:00:00,1439,39395,1304,53.86,39395,38091
AM001386,APP008,2025-02-09,2025-02-17 14:00:00,1431,47943,1354,64.33,47943,46589
AM001387,APP007,2025-04-13,2026-09-23 19:00:00,1421,34548,743,276.52,34548,33805
AM001388,APP007,2026-09-13,2026-12-27 15:00:00,1431,23559,711,56.99,23559,22848
AM001389,APP004,2025-02-23,2025-03-13 04:00:00,1384,15891,351,151.22,15891,15540
AM001390,APP002,2026-02-22,2026-09-21 22:00:00,1436,6440,267,230.85,6440,6173
AM001391,APP002,2025-11-10,2025-08-28 17:00:00,1380,20839,792,127.78,20839,20047
AM001392,APP001,2026-12-19,2026-10-17 07:00:00,1402,15545,65,15.57,15545,15480
AM001393,APP007,2026-03-20,2026-01-20 06:00:00,1407,21069,108,185.93,21069,20961
AM001394,APP003,2026-10-14,2025-08-20 03:00:00,1401,5333,13,349.57,5333,5320
AM001395,APP006,2025-12-02,2026-08-15 00:00:00,1424,13378,401,229.63,13378,12977
AM001396,APP008,2026-06-17,2025-10-22 19:00:00,1407,20766,60,132.72,20766,20706
AM001397,APP004,2026-05-22,2026-03-25 00:00:00,1437,16037,224,255.91,16037,15813
AM001398,APP002,2025-06-12,2025-03-04 00:00:00,1421,12644,485,26.94,12644,12159
AM001399,APP007,2026-07-16,2026-12-28 12:00:00,1431,28411,546,234.56,28411,27865
AM001400,APP002,2025-09-04,2026-02-01 09:00:00,1385,16013,183,244.23,16013,15830
AM001401,APP002,2025-07-08,2025-01-21 09:00:00,1431,15727,131,254.12,15727,15596
AM001402,APP007,2026-11-21,2026-10-01 20:00:00,1403,17379,521,90.74,17379,16858
AM001403,APP002,2026-03-05,2026-08-26 02:00:00,1425,47740,2120,194.93,47740,45620
AM001404,APP001,2026-11-04,2025-05-07 12:00:00,1411,14647,219,161.08,14647,14428
AM001405,APP005,2025-01-22,2026-03-15 11:00:00,1420,24065,974,307.25,24065,23091
AM001406,APP008,2026-07-22,2026-06-17 17:00:00,1414,21322,542,222.26,21322,20780
AM001407,APP005,2026-01-12,2026-08-29 13:00:00,1427,32518,1055,278.58,32518,31463
AM001408,APP003,2026-02-13,2026-02-05 12:00:00,1394,7555,311,212.95,7555,7244
AM001409,APP007,2026-04-30,2025-10-03 13:00:00,1420,11175,178,205.79,11175,10997
AM001410,APP002,2025-03-29,2025-12-23 06:00:00,1388,1526,74,27.72,1526,1452
AM001411,APP002,2025-06-22,2025-07-01 15:00:00,1393,3043,7,210.56,3043,3036
AM001412,APP006,2026-04-16,2025-04-06 10:00:00,1409,11084,551,304.75,11084,10533
AM001413,APP006,2025-07-31,2025-02-22 21:00:00,1405,33495,390,314.68,33495,33105
AM001414,APP006,2025-11-02,2025-06-28 06:00:00,1399,42874,1544,78.51,42874,41330
AM001415,APP003,2025-02-11,2025-09-03 11:00:00,1387,19881,629,111.71,19881,19252
AM001416,APP002,2025-04-29,2025-02-09 05:00:00,1402,18656,110,245.7,18656,18546
AM001417,APP008,2026-11-28,2026-08-01 21:00:00,1424,38054,986,289.34,38054,37068
AM001418,APP008,2025-02-19,2026-09-19 00:00:00,1402,35002,374,16.95,35002,34628
AM001419,APP002,2025-01-26,2025-12-25 07:00:00,1411,18805,608,273.68,18805,18197
AM001420,APP005,2025-12-16,2026-10-15 16:00:00,1401,31847,1103,243.45,31847,30744
AM001421,APP005,2025-10-25,2025-02-14 15:00:00,1388,12160,30,144.26,12160,12130
AM001422,APP005,2026-05-27,2025-04-21 11:00:00,1423,8952,382,139.25,8952,8570
AM001423,APP005,2026-03-16,2025-02-18 15:00:00,1400,17196,779,145.19,17196,16417
AM001424,APP003,2025-02-14,2026-03-18 04:00:00,1418,17029,61,63.4,17029,16968
AM001425,APP008,2025-09-15,2025-07-28 04:00:00,1434,28417,765,18.3,28417,27652
AM001426,APP007,2026-08-13,2026-05-09 13:00:00,1412,36128,150,277.46,36128,35978
AM001427,APP001,2025-01-24,2026-09-15 09:00:00,1431,30994,1413,223.98,30994,29581
AM001428,APP001,2026-09-02,2025-09-30 16:00:00,1412,10704,327,330.87,10704,10377
AM001429,APP005,2026-03-12,2025-03-04 04:00:00,1382,28566,1022,36.97,28566,27544
AM001430,APP001,2026-08-19,2025-02-04 22:00:00,1409,27475,46,20.94,27475,27429
AM001431,APP003,2025-02-11,2026-08-19 07:00:00,1439,32612,850,338.52,32612,31762
AM001432,APP008,2026-11-10,2025-09-18 08:00:00,1380,5525,25,323.83,5525,5500
AM001433,APP001,2026-10-19,2025-09-18 03:00:00,1424,25428,1142,193.79,25428,24286
AM001434,APP002,2026-03-02,2025-05-17 11:00:00,1383,48120,893,77.46,48120,47227
AM001435,APP003,2026-06-14,2026-05-25 00:00:00,1385,26438,838,262.87,26438,25600
AM001436,APP004,2025-11-19,2026-08-30 08:00:00,1436,38141,1262,266.64,38141,36879
AM001437,APP007,2026-08-08,2025-05-02 11:00:00,1405,46688,2296,95.6,46688,44392
AM001438,APP002,2025-02-10,2026-02-13 20:00:00,1403,36207,126,202.94,36207,36081
AM001439,APP007,2025-10-10,2025-08-24 03:00:00,1387,23028,1000,93.4,23028,22028
AM001440,APP001,2026-02-14,2025-10-18 20:00:00,1392,30335,643,175.23,30335,29692
AM001441,APP002,2026-08-19,2025-10-29 13:00:00,1419,45753,2235,59.78,45753,43518
AM001442,APP008,2025-05-22,2025-09-18 18:00:00,1386,10341,409,184.29,10341,9932
AM001443,APP002,2026-12-10,2025-01-08 01:00:00,1384,26808,324,214.74,26808,26484
AM001444,APP003,2026-03-22,2025-07-12 19:00:00,1413,32772,464,180.09,32772,32308
AM001445,APP005,2026-03-06,2026-12-21 00:00:00,1402,41266,864,278.05,41266,40402
AM001446,APP008,2025-05-23,2025-02-28 17:00:00,1380,32940,766,253.29,32940,32174
AM001447,APP007,2025-05-07,2026-08-04 02:00:00,1402,44888,337,327.71,44888,44551
AM001448,APP007,2025-12-19,2026-03-03 15:00:00,1437,22568,723,42.21,22568,21845
AM001449,APP006,2026-01-06,2026-08-09 21:00:00,1416,10347,258,52.95,10347,10089
AM001450,APP007,2026-11-16,2026-06-22 16:00:00,1415,17705,860,88.62,17705,16845
AM001451,APP008,2026-12-25,2025-06-05 12:00:00,1430,5877,181,315.42,5877,5696
AM001452,APP005,2025-03-16,2025-08-19 13:00:00,1383,8157,114,119.2,8157,8043
AM001453,APP001,2026-04-16,2025-05-22 01:00:00,1431,18512,661,77.31,18512,17851
AM001454,APP008,2025-06-04,2026-08-07 22:00:00,1403,42201,1008,61.55,42201,41193
AM001455,APP006,2025-08-14,2026-06-04 06:00:00,1418,23469,189,64.48,23469,23280
AM001456,APP001,2025-04-28,2025-02-21 00:00:00,1420,6091,55,312.25,6091,6036
AM001457,APP001,2025-10-08,2026-10-14 12:00:00,1415,22455,1009,118.64,22455,21446
AM001458,APP008,2025-05-25,2025-11-30 04:00:00,1408,47664,1747,60.35,47664,45917
AM001459,APP008,2025-02-08,2026-10-31 02:00:00,1380,28590,399,329.28,28590,28191
AM001460,APP004,2026-08-28,2025-06-02 14:00:00,1428,39932,1932,33.71,39932,38000
AM001461,APP001,2026-04-10,2026-02-11 00:00:00,1420,32101,1461,97.1,32101,30640
AM001462,APP004,2025-10-29,2026-06-18 16:00:00,1424,29052,369,222.78,29052,28683
AM001463,APP001,2026-04-29,2026-01-11 20:00:00,1420,15705,453,169.0,15705,15252
AM001464,APP006,2026-02-27,2026-01-06 05:00:00,1411,11408,189,142.32,11408,11219
AM001465,APP004,2026-06-23,2026-01-14 00:00:00,1403,22053,697,145.11,22053,21356
AM001466,APP006,2026-10-16,2026-09-13 19:00:00,1389,40805,389,160.98,40805,40416
AM001467,APP008,2026-03-23,2026-11-30 20:00:00,1415,10862,364,341.02,10862,10498
AM001468,APP006,2025-01-17,2026-06-24 13:00:00,1425,39765,1479,185.79,39765,38286
AM001469,APP001,2025-01-31,2026-01-01 22:00:00,1407,47708,2360,40.42,47708,45348
AM001470,APP002,2025-07-16,2026-01-26 08:00:00,1421,10567,50,134.26,10567,10517
AM001471,APP005,2025-11-06,2025-12-28 11:00:00,1409,47765,2198,141.36,47765,45567
AM001472,APP007,2025-11-11,2025-09-17 08:00:00,1406,11404,343,232.16,11404,11061
AM001473,APP004,2025-09-12,2026-10-11 00:00:00,1414,40755,1649,119.38,40755,39106
AM001474,APP007,2026-05-25,2026-06-28 11:00:00,1381,31770,696,190.43,31770,31074
AM001475,APP008,2025-08-21,2026-11-01 00:00:00,1414,8982,191,210.69,8982,8791
AM001476,APP001,2026-05-13,2026-09-17 01:00:00,1437,29918,1278,125.03,29918,28640
AM001477,APP006,2025-06-09,2025-08-29 23:00:00,1426,39392,1414,58.77,39392,37978
AM001478,APP007,2026-11-05,2025-04-14 22:00:00,1385,2177,54,280.5,2177,2123
AM001479,APP008,2025-07-21,2025-03-12 04:00:00,1397,33086,122,55.05,33086,32964
AM001480,APP002,2025-04-30,2026-08-19 21:00:00,1386,24876,600,134.72,24876,24276
AM001481,APP005,2025-12-22,2026-04-15 23:00:00,1424,48652,1707,150.08,48652,46945
AM001482,APP005,2025-04-27,2025-09-24 20:00:00,1436,25221,871,331.29,25221,24350
AM001483,APP007,2025-06-22,2025-05-31 02:00:00,1433,14928,209,330.99,14928,14719
AM001484,APP006,2025-04-02,2025-10-03 16:00:00,1401,33147,1116,65.8,33147,32031
AM001485,APP006,2026-02-20,2026-04-27 13:00:00,1393,19557,587,106.39,19557,18970
AM001486,APP006,2026-03-21,2025-08-26 05:00:00,1398,23734,1015,20.77,23734,22719
AM001487,APP003,2025-09-11,2026-01-07 14:00:00,1419,36042,1606,271.9,36042,34436
AM001488,APP005,2025-06-02,2026-04-06 16:00:00,1380,45292,2020,234.13,45292,43272
AM001489,APP006,2025-12-31,2026-11-03 16:00:00,1425,25167,322,145.53,25167,24845
AM001490,APP006,2026-02-27,2026-01-24 20:00:00,1432,25784,1236,26.64,25784,24548
AM001491,APP003,2025-06-23,2025-03-20 14:00:00,1418,44296,764,316.11,44296,43532
AM001492,APP007,2026-02-23,2025-08-08 09:00:00,1419,12165,396,311.59,12165,11769
AM001493,APP007,2026-11-05,2025-02-06 08:00:00,1396,6345,55,290.75,6345,6290
AM001494,APP008,2025-12-13,2026-10-28 22:00:00,1423,35333,1437,18.81,35333,33896
AM001495,APP008,2026-01-14,2026-10-17 15:00:00,1409,6473,317,25.14,6473,6156
AM001496,APP004,2025-09-04,2025-07-15 07:00:00,1435,23025,113,325.84,23025,22912
AM001497,APP007,2026-09-10,2026-03-28 11:00:00,1430,34526,1459,145.32,34526,33067
AM001498,APP001,2026-09-10,2025-08-08 04:00:00,1435,1814,64,16.94,1814,1750
AM001499,APP002,2026-11-07,2025-06-16 16:00:00,1428,40986,1145,50.82,40986,39841
AM001500,APP003,2026-04-08,2026-04-03 06:00:00,1422,13988,257,271.53,13988,13731
AM001501,APP003,2025-09-09,2026-06-19 19:00:00,1404,39202,725,201.51,39202,38477
AM001502,APP006,2026-10-14,2026-03-31 13:00:00,1421,17004,694,147.76,17004,16310
AM001503,APP001,2025-06-27,2025-12-14 10:00:00,1391,14883,128,241.86,14883,14755
AM001504,APP004,2026-09-14,2025-01-18 12:00:00,1393,40742,511,184.56,40742,40231
AM001505,APP004,2025-01-10,2025-09-30 21:00:00,1430,46806,271,211.7,46806,46535
AM001506,APP006,2025-09-25,2025-02-06 17:00:00,1382,4277,129,182.39,4277,4148
AM001507,APP004,2026-12-28,2025-07-09 13:00:00,1391,46080,862,85.91,46080,45218
AM001508,APP004,2025-09-06,2025-08-02 18:00:00,1398,1589,46,318.17,1589,1543
AM001509,APP001,2026-10-23,2025-10-18 22:00:00,1436,42700,1651,145.93,42700,41049
AM001510,APP008,2025-05-11,2026-11-16 03:00:00,1428,44304,648,18.68,44304,43656
AM001511,APP003,2026-07-31,2026-05-25 04:00:00,1381,9277,178,132.86,9277,9099
AM001512,APP008,2025-12-14,2025-03-10 14:00:00,1399,37514,1583,69.66,37514,35931
AM001513,APP008,2026-12-11,2025-06-22 04:00:00,1421,11752,159,284.38,11752,11593
AM001514,APP007,2026-02-10,2025-06-26 19:00:00,1386,38654,1327,219.51,38654,37327
AM001515,APP004,2026-08-13,2026-12-22 00:00:00,1391,15457,707,56.03,15457,14750
AM001516,APP003,2026-07-20,2025-01-21 12:00:00,1411,40280,151,74.62,40280,40129
AM001517,APP001,2025-09-30,2026-12-25 11:00:00,1407,3405,141,261.91,3405,3264
AM001518,APP002,2025-03-14,2026-10-15 01:00:00,1408,43360,1371,334.35,43360,41989
AM001519,APP002,2026-05-06,2025-06-21 18:00:00,1386,8132,155,86.63,8132,7977
AM001520,APP002,2026-02-14,2026-04-18 11:00:00,1386,47694,1194,289.96,47694,46500
AM001521,APP001,2025-09-27,2025-06-19 02:00:00,1411,13063,289,289.78,13063,12774
AM001522,APP003,2025-05-25,2025-12-29 10:00:00,1432,9596,83,308.46,9596,9513
AM001523,APP002,2025-12-30,2025-12-07 22:00:00,1382,6076,78,290.21,6076,5998
AM001524,APP006,2026-03-18,2026-09-22 08:00:00,1408,35456,654,252.8,35456,34802
AM001525,APP004,2026-08-21,2025-08-20 08:00:00,1380,6865,257,340.74,6865,6608
AM001526,APP002,2025-04-19,2025-12-30 15:00:00,1395,9685,374,250.16,9685,9311
AM001527,APP002,2026-01-01,2026-02-27 04:00:00,1415,29424,215,200.3,29424,29209
AM001528,APP002,2026-06-23,2026-04-05 20:00:00,1426,13120,196,192.18,13120,12924
AM001529,APP006,2026-04-11,2025-06-15 13:00:00,1392,28113,841,123.18,28113,27272
AM001530,APP001,2025-04-09,2025-11-27 09:00:00,1435,34613,824,21.69,34613,33789
AM001531,APP003,2025-11-08,2025-08-12 22:00:00,1408,10421,221,347.53,10421,10200
AM001532,APP004,2025-05-19,2025-01-18 17:00:00,1403,13483,453,136.36,13483,13030
AM001533,APP006,2025-06-01,2026-07-12 19:00:00,1428,2934,5,112.03,2934,2929
AM001534,APP001,2025-09-01,2025-03-25 17:00:00,1398,25489,670,78.53,25489,24819
AM001535,APP007,2026-05-05,2025-05-10 08:00:00,1405,2138,3,216.69,2138,2135
AM001536,APP001,2026-02-01,2025-03-10 07:00:00,1423,24988,1228,243.54,24988,23760
AM001537,APP003,2026-10-09,2026-05-29 08:00:00,1383,13630,239,119.56,13630,13391
AM001538,APP006,2025-10-29,2026-05-13 15:00:00,1381,43741,2056,130.52,43741,41685
AM001539,APP002,2026-02-28,2026-08-03 20:00:00,1411,31330,502,297.07,31330,30828
AM001540,APP004,2026-11-04,2026-10-14 17:00:00,1412,11917,118,148.48,11917,11799
AM001541,APP006,2026-10-23,2026-09-25 09:00:00,1433,29644,775,285.98,29644,28869
AM001542,APP006,2026-10-09,2026-06-27 17:00:00,1401,31953,1338,44.85,31953,30615
AM001543,APP003,2026-03-22,2025-02-12 00:00:00,1437,22880,167,341.2,22880,22713
AM001544,APP001,2025-01-22,2025-07-07 04:00:00,1416,44228,523,318.23,44228,43705
AM001545,APP003,2025-12-27,2025-08-17 00:00:00,1416,18124,582,222.55,18124,17542
AM001546,APP008,2026-03-31,2025-10-02 12:00:00,1433,38806,1696,218.53,38806,37110
AM001547,APP005,2026-09-15,2025-12-24 17:00:00,1383,47027,1597,178.97,47027,45430
AM001548,APP005,2025-04-15,2026-02-10 23:00:00,1390,28975,616,193.17,28975,28359
AM001549,APP003,2026-08-20,2026-09-08 01:00:00,1394,14976,128,69.9,14976,14848
AM001550,APP002,2026-02-12,2026-02-01 10:00:00,1425,7901,229,182.19,7901,7672
AM001551,APP003,2025-06-21,2025-02-13 21:00:00,1437,36507,889,285.57,36507,35618
AM001552,APP007,2026-06-28,2026-04-27 16:00:00,1413,27366,295,326.95,27366,27071
AM001553,APP008,2025-06-07,2025-01-16 09:00:00,1411,41248,1845,67.21,41248,39403
AM001554,APP002,2026-06-19,2025-06-24 17:00:00,1381,7572,241,268.34,7572,7331
AM001555,APP007,2026-03-22,2026-10-16 05:00:00,1412,47764,1169,301.8,47764,46595
AM001556,APP001,2026-05-29,2025-02-18 23:00:00,1380,40287,265,125.27,40287,40022
AM001557,APP006,2026-12-22,2026-11-12 10:00:00,1409,34529,1230,286.61,34529,33299
AM001558,APP001,2025-10-02,2026-01-17 04:00:00,1392,47731,117,79.39,47731,47614
AM001559,APP005,2025-04-12,2026-05-11 06:00:00,1394,24081,465,139.1,24081,23616
AM001560,APP001,2025-04-12,2025-09-08 14:00:00,1437,26468,387,220.49,26468,26081
AM001561,APP005,2026-05-14,2025-07-06 09:00:00,1410,14546,548,254.12,14546,13998
AM001562,APP008,2026-09-23,2025-08-15 23:00:00,1387,24498,761,217.32,24498,23737
AM001563,APP007,2025-01-02,2026-07-18 12:00:00,1433,2072,45,43.12,2072,2027
AM001564,APP004,2025-05-25,2025-09-29 15:00:00,1394,25878,978,148.46,25878,24900
AM001565,APP007,2026-02-27,2026-01-27 20:00:00,1401,13915,132,25.97,13915,13783
AM001566,APP008,2026-10-05,2025-04-09 08:00:00,1421,39233,679,317.65,39233,38554
AM001567,APP001,2025-10-03,2026-03-04 19:00:00,1398,39042,1245,46.69,39042,37797
AM001568,APP007,2026-04-08,2025-03-23 07:00:00,1433,26339,1114,58.92,26339,25225
AM001569,APP002,2025-09-23,2025-01-15 04:00:00,1437,33847,459,264.85,33847,33388
AM001570,APP005,2026-11-16,2026-01-09 15:00:00,1397,9488,223,315.73,9488,9265
AM001571,APP002,2025-03-07,2025-08-07 14:00:00,1438,2451,94,129.76,2451,2357
AM001572,APP006,2025-08-20,2025-12-06 08:00:00,1386,16829,667,25.93,16829,16162
AM001573,APP007,2025-06-24,2026-09-12 09:00:00,1391,12681,262,89.07,12681,12419
AM001574,APP001,2026-05-07,2025-07-01 07:00:00,1427,24716,627,38.89,24716,24089
AM001575,APP001,2026-02-03,2026-03-23 22:00:00,1439,18086,584,291.69,18086,17502
AM001576,APP002,2026-10-21,2026-03-06 19:00:00,1391,39956,271,302.02,39956,39685
AM001577,APP001,2026-11-02,2026-10-25 01:00:00,1420,4533,23,265.29,4533,4510
AM001578,APP004,2025-05-24,2025-12-29 15:00:00,1415,8702,279,181.05,8702,8423
AM001579,APP001,2026-08-21,2025-07-29 21:00:00,1389,38134,443,255.46,38134,37691
AM001580,APP005,2025-03-30,2025-01-09 16:00:00,1402,37548,46,184.01,37548,37502
AM001581,APP001,2026-08-06,2026-11-28 16:00:00,1404,13414,68,126.82,13414,13346
AM001582,APP008,2025-11-11,2026-11-22 18:00:00,1438,32746,670,316.87,32746,32076
AM001583,APP003,2025-05-14,2025-06-24 13:00:00,1405,23582,450,215.21,23582,23132
AM001584,APP001,2025-10-24,2026-01-21 12:00:00,1406,41506,974,231.46,41506,40532
AM001585,APP001,2026-09-17,2026-03-22 18:00:00,1390,41767,263,178.97,41767,41504
AM001586,APP007,2026-11-29,2026-01-19 21:00:00,1386,17073,688,181.59,17073,16385
AM001587,APP007,2025-10-08,2025-11-16 08:00:00,1410,17768,448,162.37,17768,17320
AM001588,APP006,2026-02-06,2025-11-13 17:00:00,1396,17850,874,283.55,17850,16976
AM001589,APP008,2025-03-12,2025-06-28 02:00:00,1391,40329,165,206.39,40329,40164
AM001590,APP001,2025-01-13,2026-10-04 21:00:00,1431,39253,799,193.87,39253,38454
AM001591,APP008,2026-02-23,2026-12-27 21:00:00,1438,30821,1217,345.59,30821,29604
AM001592,APP002,2026-04-04,2025-03-02 17:00:00,1407,29719,1369,100.09,29719,28350
AM001593,APP008,2025-07-20,2025-05-14 17:00:00,1425,13225,279,313.28,13225,12946
AM001594,APP007,2025-06-06,2026-07-29 20:00:00,1430,45187,1081,207.08,45187,44106
AM001595,APP003,2025-10-03,2025-06-23 14:00:00,1421,23946,539,328.21,23946,23407
AM001596,APP002,2026-10-29,2025-08-02 19:00:00,1438,43657,1842,259.14,43657,41815
AM001597,APP008,2025-12-30,2026-06-26 02:00:00,1426,9383,406,104.42,9383,8977
AM001598,APP005,2026-10-14,2025-12-05 12:00:00,1401,23349,89,230.33,23349,23260
AM001599,APP004,2025-07-05,2025-03-07 05:00:00,1403,44257,2147,109.35,44257,42110
AM001600,APP007,2025-11-07,2025-12-11 00:00:00,1423,5522,245,115.24,5522,5277
AM001601,APP007,2026-12-10,2025-05-19 17:00:00,1425,2076,82,316.77,2076,1994
AM001602,APP006,2026-01-27,2025-05-28 15:00:00,1399,46872,1488,293.76,46872,45384
AM001603,APP005,2026-05-25,2026-11-14 18:00:00,1424,24460,898,163.02,24460,23562
AM001604,APP007,2025-04-11,2025-08-09 07:00:00,1392,47544,1668,46.41,47544,45876
AM001605,APP008,2026-10-20,2026-05-23 08:00:00,1397,35454,701,157.26,35454,34753
AM001606,APP002,2025-07-10,2026-06-22 22:00:00,1432,38382,1692,140.93,38382,36690
AM001607,APP006,2025-07-08,2026-05-28 20:00:00,1397,26306,1249,214.73,26306,25057
AM001608,APP001,2026-02-09,2026-12-17 05:00:00,1402,5573,111,50.53,5573,5462
AM001609,APP003,2025-10-13,2025-04-01 19:00:00,1423,30129,254,213.79,30129,29875
AM001610,APP007,2026-08-29,2026-12-02 15:00:00,1386,24359,830,33.34,24359,23529
AM001611,APP007,2026-11-01,2026-10-21 18:00:00,1422,45333,1185,182.83,45333,44148
AM001612,APP002,2026-01-16,2025-11-22 05:00:00,1405,41208,1149,227.93,41208,40059
AM001613,APP001,2025-10-01,2025-07-20 05:00:00,1423,17252,335,194.5,17252,16917
AM001614,APP001,2025-10-07,2025-04-24 21:00:00,1401,31031,898,267.16,31031,30133
AM001615,APP008,2025-11-22,2025-08-27 09:00:00,1389,4165,192,23.33,4165,3973
AM001616,APP008,2025-06-13,2026-12-29 21:00:00,1427,21544,67,21.86,21544,21477
AM001617,APP001,2026-04-25,2026-10-29 14:00:00,1398,29299,352,306.54,29299,28947
AM001618,APP007,2026-01-31,2026-09-11 07:00:00,1418,12934,474,311.89,12934,12460
AM001619,APP001,2025-08-14,2025-02-10 02:00:00,1432,11807,302,333.81,11807,11505
AM001620,APP005,2025-11-13,2026-11-10 08:00:00,1429,36493,1193,64.03,36493,35300
AM001621,APP007,2025-06-28,2026-07-21 19:00:00,1386,13415,490,253.04,13415,12925
AM001622,APP001,2025-02-26,2025-10-10 06:00:00,1420,31293,482,332.52,31293,30811
AM001623,APP008,2026-12-21,2025-08-06 06:00:00,1420,6923,215,337.51,6923,6708
AM001624,APP004,2026-04-28,2025-05-29 22:00:00,1426,33713,532,342.58,33713,33181
AM001625,APP003,2026-09-25,2025-02-22 22:00:00,1422,11837,220,231.27,11837,11617
AM001626,APP003,2026-09-01,2026-08-15 07:00:00,1381,9021,436,348.99,9021,8585
AM001627,APP003,2026-03-26,2025-10-26 14:00:00,1399,45934,824,98.98,45934,45110
AM001628,APP007,2026-04-17,2026-02-23 02:00:00,1404,2229,63,181.16,2229,2166
AM001629,APP006,2026-09-02,2026-02-03 18:00:00,1407,20507,126,51.61,20507,20381
AM001630,APP006,2026-11-14,2025-04-02 10:00:00,1435,46904,1056,229.49,46904,45848
AM001631,APP007,2026-12-16,2026-03-19 07:00:00,1417,1249,43,48.94,1249,1206
AM001632,APP003,2025-09-28,2026-07-21 19:00:00,1403,21177,228,153.26,21177,20949
AM001633,APP005,2025-01-14,2026-05-23 23:00:00,1396,49949,1822,199.29,49949,48127
AM001634,APP007,2025-12-09,2025-06-04 09:00:00,1423,38610,1562,232.12,38610,37048
AM001635,APP001,2025-10-09,2026-05-09 06:00:00,1411,23579,723,161.07,23579,22856
AM001636,APP006,2026-05-03,2025-07-30 05:00:00,1395,31248,653,136.82,31248,30595
AM001637,APP005,2026-08-16,2026-02-08 07:00:00,1435,16144,527,220.85,16144,15617
AM001638,APP008,2026-03-20,2026-06-08 04:00:00,1397,13662,35,129.82,13662,13627
AM001639,APP004,2026-03-18,2026-04-06 12:00:00,1421,37770,1392,73.71,37770,36378
AM001640,APP008,2025-11-12,2025-12-28 16:00:00,1411,17599,793,200.61,17599,16806
AM001641,APP005,2025-02-09,2026-07-11 12:00:00,1431,49998,1475,88.12,49998,48523
AM001642,APP004,2026-08-29,2025-10-29 08:00:00,1399,46489,1163,317.46,46489,45326
AM001643,APP007,2025-06-04,2026-02-01 12:00:00,1429,30788,734,106.67,30788,30054
AM001644,APP008,2026-02-25,2025-08-09 08:00:00,1422,10638,121,113.41,10638,10517
AM001645,APP001,2025-12-08,2025-10-07 20:00:00,1408,22159,675,231.49,22159,21484
AM001646,APP001,2025-01-03,2025-11-16 10:00:00,1380,47704,422,80.78,47704,47282
AM001647,APP005,2025-01-20,2025-09-23 06:00:00,1415,12591,75,57.79,12591,12516
AM001648,APP001,2026-03-19,2025-11-04 14:00:00,1390,18530,240,137.06,18530,18290
AM001649,APP001,2025-12-07,2025-12-26 06:00:00,1396,14237,199,170.26,14237,14038
AM001650,APP008,2026-09-15,2026-03-06 02:00:00,1410,22300,966,290.27,22300,21334
AM001651,APP005,2025-06-24,2026-12-14 12:00:00,1382,13604,143,315.1,13604,13461
AM001652,APP004,2026-09-29,2025-11-28 21:00:00,1419,33007,444,183.65,33007,32563
AM001653,APP006,2025-12-16,2026-03-23 10:00:00,1411,3452,115,248.99,3452,3337
AM001654,APP001,2026-04-20,2025-01-03 02:00:00,1398,46468,625,148.47,46468,45843
AM001655,APP002,2026-05-17,2025-11-25 04:00:00,1388,24707,619,71.09,24707,24088
AM001656,APP006,2026-06-02,2026-12-06 15:00:00,1414,11596,399,294.71,11596,11197
AM001657,APP006,2026-04-09,2025-05-03 13:00:00,1410,7767,367,192.48,7767,7400
AM001658,APP001,2026-11-29,2025-08-07 05:00:00,1432,3994,82,300.42,3994,3912
AM001659,APP006,2025-06-16,2026-11-22 14:00:00,1434,37048,1022,122.71,37048,36026
AM001660,APP007,2026-02-22,2026-07-03 06:00:00,1418,22401,200,313.82,22401,22201
AM001661,APP002,2025-05-27,2025-11-28 20:00:00,1405,7597,78,176.82,7597,7519
AM001662,APP002,2026-10-14,2026-04-20 04:00:00,1427,15644,445,202.08,15644,15199
AM001663,APP002,2025-03-29,2025-03-17 04:00:00,1429,4233,111,207.82,4233,4122
AM001664,APP003,2025-05-23,2026-11-24 20:00:00,1422,36069,1548,91.24,36069,34521
AM001665,APP008,2025-06-20,2025-08-04 03:00:00,1406,14887,549,219.49,14887,14338
AM001666,APP008,2026-01-05,2025-01-27 07:00:00,1394,31039,712,291.4,31039,30327
AM001667,APP001,2026-05-15,2025-06-20 22:00:00,1426,18175,265,150.87,18175,17910
AM001668,APP008,2025-07-05,2025-08-09 12:00:00,1422,27784,1185,70.31,27784,26599
AM001669,APP003,2025-03-23,2025-02-11 01:00:00,1388,41091,728,322.42,41091,40363
AM001670,APP006,2025-08-08,2025-05-31 06:00:00,1429,48580,2083,325.33,48580,46497
AM001671,APP003,2025-09-29,2025-11-25 08:00:00,1432,44696,2161,320.48,44696,42535
AM001672,APP003,2026-05-17,2026-07-03 15:00:00,1419,21574,100,259.73,21574,21474
AM001673,APP001,2026-03-21,2025-10-31 12:00:00,1405,6944,239,15.25,6944,6705
AM001674,APP004,2026-11-11,2025-10-23 06:00:00,1384,10463,337,132.2,10463,10126
AM001675,APP006,2025-12-08,2025-02-16 17:00:00,1405,6526,32,22.13,6526,6494
AM001676,APP002,2025-11-04,2025-05-05 02:00:00,1437,13542,511,298.59,13542,13031
AM001677,APP008,2025-12-07,2026-11-25 19:00:00,1392,10379,256,18.31,10379,10123
AM001678,APP008,2025-03-10,2026-07-10 05:00:00,1426,31639,907,288.94,31639,30732
AM001679,APP007,2025-02-05,2026-03-27 04:00:00,1386,43741,727,249.79,43741,43014
AM001680,APP001,2026-08-18,2025-09-19 22:00:00,1398,28628,590,165.82,28628,28038
AM001681,APP004,2026-11-21,2025-03-08 19:00:00,1395,17744,508,214.52,17744,17236
AM001682,APP002,2025-02-01,2025-09-16 10:00:00,1380,47104,801,325.53,47104,46303
AM001683,APP004,2025-12-01,2026-09-18 14:00:00,1427,13420,509,223.47,13420,12911
AM001684,APP006,2025-10-26,2025-12-04 08:00:00,1417,11286,196,71.53,11286,11090
AM001685,APP007,2025-09-19,2026-07-25 19:00:00,1382,5580,155,277.5,5580,5425
AM001686,APP002,2025-02-13,2026-07-12 05:00:00,1435,11089,126,133.41,11089,10963
AM001687,APP005,2025-05-12,2026-06-13 14:00:00,1410,16281,782,26.81,16281,15499
AM001688,APP004,2025-04-29,2026-09-16 16:00:00,1426,36396,1671,306.85,36396,34725
AM001689,APP008,2026-06-19,2026-01-21 08:00:00,1387,30129,1149,167.98,30129,28980
AM001690,APP004,2026-07-13,2026-02-05 18:00:00,1404,17772,318,19.57,17772,17454
AM001691,APP001,2025-12-25,2025-09-22 15:00:00,1380,1689,39,44.78,1689,1650
AM001692,APP005,2025-07-29,2026-02-01 13:00:00,1422,10947,286,314.69,10947,10661
AM001693,APP005,2026-04-29,2026-08-04 11:00:00,1385,24434,643,242.62,24434,23791
AM001694,APP002,2026-10-03,2025-04-05 23:00:00,1380,49653,902,276.72,49653,48751
AM001695,APP004,2026-02-06,2026-11-07 08:00:00,1383,27913,554,90.53,27913,27359
AM001696,APP004,2025-02-09,2026-12-31 22:00:00,1415,34927,621,285.19,34927,34306
AM001697,APP001,2026-02-13,2026-06-24 19:00:00,1427,26974,235,255.65,26974,26739
AM001698,APP006,2025-07-18,2025-08-23 11:00:00,1436,44468,294,169.14,44468,44174
AM001699,APP004,2025-01-16,2026-03-03 02:00:00,1396,2459,28,156.35,2459,2431
AM001700,APP002,2025-11-01,2026-03-09 10:00:00,1423,35023,59,210.67,35023,34964
AM001701,APP004,2025-11-18,2025-03-19 04:00:00,1424,45399,120,342.78,45399,45279
AM001702,APP005,2026-10-17,2026-01-08 08:00:00,1398,3373,61,54.82,3373,3312
AM001703,APP008,2026-02-13,2026-10-28 21:00:00,1427,2779,7,311.01,2779,2772
AM001704,APP001,2025-01-01,2026-11-20 08:00:00,1430,4910,218,20.02,4910,4692
AM001705,APP005,2025-02-20,2026-06-26 14:00:00,1408,11980,163,85.48,11980,11817
AM001706,APP001,2026-05-04,2026-07-04 19:00:00,1380,2493,47,185.84,2493,2446
AM001707,APP008,2025-06-11,2025-10-12 01:00:00,1407,8046,34,299.86,8046,8012
AM001708,APP004,2025-04-06,2026-10-15 02:00:00,1428,35902,185,184.35,35902,35717
AM001709,APP007,2026-09-01,2026-08-10 22:00:00,1389,35579,684,113.81,35579,34895
AM001710,APP003,2025-11-12,2026-10-22 18:00:00,1382,38738,984,36.26,38738,37754
AM001711,APP006,2026-12-27,2025-01-09 09:00:00,1426,6404,30,204.01,6404,6374
AM001712,APP003,2026-03-01,2025-07-19 22:00:00,1406,40614,1085,46.73,40614,39529
AM001713,APP008,2025-12-19,2026-09-13 07:00:00,1436,24388,343,311.19,24388,24045
AM001714,APP004,2025-03-19,2026-01-17 12:00:00,1403,40034,977,79.04,40034,39057
AM001715,APP007,2026-12-03,2025-12-27 02:00:00,1423,25184,874,154.19,25184,24310
AM001716,APP005,2025-11-26,2026-12-10 00:00:00,1434,5076,82,41.28,5076,4994
AM001717,APP004,2025-03-01,2026-12-09 01:00:00,1423,33932,879,226.41,33932,33053
AM001718,APP006,2025-04-22,2025-08-22 20:00:00,1413,27846,1388,126.68,27846,26458
AM001719,APP002,2025-09-10,2025-08-13 18:00:00,1383,24997,820,211.98,24997,24177
AM001720,APP005,2026-01-20,2025-06-12 16:00:00,1404,38358,630,169.4,38358,37728
AM001721,APP007,2025-12-16,2025-08-12 05:00:00,1438,5249,25,62.03,5249,5224
AM001722,APP005,2026-07-03,2026-06-11 03:00:00,1430,17027,486,86.37,17027,16541
AM001723,APP007,2025-09-04,2026-07-27 14:00:00,1405,22572,473,43.93,22572,22099
AM001724,APP007,2026-12-27,2026-03-07 03:00:00,1425,33574,487,66.83,33574,33087
AM001725,APP008,2025-05-03,2026-11-20 20:00:00,1407,10410,23,202.37,10410,10387
AM001726,APP002,2025-10-19,2025-02-05 16:00:00,1410,9493,346,222.13,9493,9147
AM001727,APP001,2026-05-07,2026-03-31 23:00:00,1381,25734,31,96.17,25734,25703
AM001728,APP004,2025-06-25,2025-12-16 12:00:00,1390,1951,59,171.62,1951,1892
AM001729,APP008,2026-07-13,2026-01-29 06:00:00,1410,47856,1331,168.88,47856,46525
AM001730,APP004,2026-08-29,2026-07-17 21:00:00,1417,33806,1076,163.41,33806,32730
AM001731,APP007,2025-02-25,2026-03-19 10:00:00,1417,8473,76,330.04,8473,8397
AM001732,APP005,2026-01-28,2026-05-01 21:00:00,1417,26261,778,268.26,26261,25483
AM001733,APP004,2026-02-26,2026-04-05 16:00:00,1391,5339,247,194.98,5339,5092
AM001734,APP008,2026-12-03,2025-02-13 02:00:00,1438,44506,2122,172.29,44506,42384
AM001735,APP006,2025-08-22,2026-10-08 12:00:00,1405,40102,941,238.54,40102,39161
AM001736,APP002,2026-08-01,2025-01-26 02:00:00,1415,48165,2238,139.13,48165,45927
AM001737,APP008,2025-08-28,2025-01-10 18:00:00,1386,15844,755,220.87,15844,15089
AM001738,APP001,2026-07-26,2026-07-02 06:00:00,1391,7558,226,161.73,7558,7332
AM001739,APP005,2026-05-28,2026-04-23 08:00:00,1384,11247,145,261.12,11247,11102
AM001740,APP003,2026-09-25,2025-05-27 14:00:00,1436,6180,283,37.13,6180,5897
AM001741,APP001,2025-01-20,2025-12-13 13:00:00,1404,28824,446,95.62,28824,28378
AM001742,APP007,2025-08-25,2025-07-24 11:00:00,1386,6592,177,158.74,6592,6415
AM001743,APP002,2025-03-08,2026-08-11 19:00:00,1428,33359,1521,270.16,33359,31838
AM001744,APP003,2026-12-19,2026-06-11 16:00:00,1421,36161,265,227.43,36161,35896
AM001745,APP006,2026-08-29,2026-01-21 04:00:00,1405,14122,533,199.74,14122,13589
AM001746,APP004,2026-09-12,2026-08-01 17:00:00,1434,24541,1202,41.48,24541,23339
AM001747,APP008,2025-01-10,2025-06-01 21:00:00,1386,28782,1083,287.83,28782,27699
AM001748,APP004,2025-12-21,2026-04-02 01:00:00,1381,2742,23,326.44,2742,2719
AM001749,APP003,2025-03-19,2025-12-25 21:00:00,1402,41628,1808,93.69,41628,39820
AM001750,APP001,2026-08-04,2026-03-14 11:00:00,1439,36168,306,306.37,36168,35862
AM001751,APP004,2025-09-30,2025-07-28 04:00:00,1436,19873,895,178.82,19873,18978
AM001752,APP004,2026-01-16,2026-07-06 00:00:00,1426,2564,126,234.33,2564,2438
AM001753,APP004,2026-05-15,2026-11-18 14:00:00,1434,7008,245,303.96,7008,6763
AM001754,APP001,2026-09-21,2025-01-17 11:00:00,1387,2517,15,222.91,2517,2502
AM001755,APP001,2026-10-23,2026-06-21 18:00:00,1383,7983,122,177.81,7983,7861
AM001756,APP004,2026-09-30,2025-09-12 08:00:00,1399,42751,551,160.6,42751,42200
AM001757,APP004,2025-09-12,2025-01-13 01:00:00,1405,5613,218,224.38,5613,5395
AM001758,APP006,2025-04-20,2025-11-29 15:00:00,1432,48213,1864,280.08,48213,46349
AM001759,APP003,2025-10-20,2026-09-12 23:00:00,1438,6989,278,64.08,6989,6711
AM001760,APP002,2026-02-19,2026-12-07 20:00:00,1402,24295,307,235.74,24295,23988
AM001761,APP002,2025-03-12,2026-12-22 22:00:00,1432,14600,23,255.94,14600,14577
AM001762,APP003,2026-01-30,2026-03-27 07:00:00,1427,35052,289,52.57,35052,34763
AM001763,APP005,2026-06-23,2025-12-17 10:00:00,1389,12931,149,275.47,12931,12782
AM001764,APP003,2026-02-17,2025-01-09 07:00:00,1386,30767,1192,308.67,30767,29575
AM001765,APP005,2026-09-09,2026-04-15 07:00:00,1412,44375,927,93.58,44375,43448
AM001766,APP007,2025-12-27,2025-11-05 00:00:00,1383,17529,281,133.88,17529,17248
AM001767,APP002,2025-02-03,2026-12-24 02:00:00,1423,45563,189,321.49,45563,45374
AM001768,APP003,2025-12-01,2025-01-31 14:00:00,1410,2355,20,339.51,2355,2335
AM001769,APP002,2025-11-16,2025-04-06 20:00:00,1400,12153,345,116.69,12153,11808
AM001770,APP003,2025-11-16,2026-06-23 08:00:00,1417,10005,54,226.67,10005,9951
AM001771,APP008,2026-10-02,2026-05-07 08:00:00,1436,36502,827,215.35,36502,35675
AM001772,APP006,2026-07-10,2026-03-25 08:00:00,1435,35996,651,107.74,35996,35345
AM001773,APP001,2026-01-29,2025-12-14 14:00:00,1382,6063,277,341.98,6063,5786
AM001774,APP006,2025-02-16,2026-02-02 22:00:00,1437,5650,67,326.3,5650,5583
AM001775,APP002,2025-10-30,2025-12-18 03:00:00,1386,40530,1114,345.38,40530,39416
AM001776,APP001,2026-01-19,2026-08-04 04:00:00,1380,25344,884,62.8,25344,24460
AM001777,APP004,2026-03-28,2026-02-21 09:00:00,1411,18555,136,146.24,18555,18419
AM001778,APP004,2025-01-13,2026-04-11 16:00:00,1390,38329,701,280.53,38329,37628
AM001779,APP003,2026-11-14,2025-02-11 04:00:00,1404,11603,446,72.69,11603,11157
AM001780,APP007,2025-12-21,2026-11-23 11:00:00,1404,21779,243,333.08,21779,21536
AM001781,APP003,2025-12-26,2026-05-12 19:00:00,1431,31244,589,313.26,31244,30655
AM001782,APP005,2026-06-05,2026-12-06 07:00:00,1433,9926,395,241.79,9926,9531
AM001783,APP001,2026-03-25,2025-12-24 05:00:00,1397,34818,1190,320.7,34818,33628
AM001784,APP001,2026-04-20,2026-03-22 10:00:00,1387,8496,71,262.2,8496,8425
AM001785,APP006,2025-12-12,2026-01-04 13:00:00,1418,6630,71,334.17,6630,6559
AM001786,APP005,2026-09-23,2025-02-06 23:00:00,1416,9085,341,280.47,9085,8744
AM001787,APP004,2026-05-30,2026-03-22 15:00:00,1409,3378,164,80.47,3378,3214
AM001788,APP005,2026-11-24,2026-11-11 02:00:00,1430,38407,129,327.33,38407,38278
AM001789,APP001,2025-12-19,2025-03-01 11:00:00,1413,45330,1390,49.51,45330,43940
AM001790,APP005,2026-07-19,2025-07-01 07:00:00,1418,47257,564,125.18,47257,46693
AM001791,APP007,2025-04-02,2026-05-27 01:00:00,1420,7687,253,242.93,7687,7434
AM001792,APP004,2025-03-29,2026-04-04 18:00:00,1385,49519,1459,111.77,49519,48060
AM001793,APP006,2025-08-14,2026-02-10 12:00:00,1420,33830,511,314.93,33830,33319
AM001794,APP001,2026-07-31,2026-09-11 02:00:00,1431,46055,1638,31.59,46055,44417
AM001795,APP001,2026-12-13,2026-01-08 16:00:00,1431,31366,1291,71.19,31366,30075
AM001796,APP004,2026-03-10,2026-11-05 11:00:00,1406,49990,200,179.48,49990,49790
AM001797,APP008,2026-08-08,2026-04-21 10:00:00,1401,39000,1420,61.31,39000,37580
AM001798,APP003,2025-01-15,2025-05-10 23:00:00,1401,5303,166,35.34,5303,5137
AM001799,APP001,2025-12-12,2025-04-21 20:00:00,1382,45968,2065,191.43,45968,43903
AM001800,APP006,2025-04-09,2025-09-25 02:00:00,1409,9123,252,150.24,9123,8871
AM001801,APP004,2026-01-14,2025-08-12 11:00:00,1409,7750,319,39.03,7750,7431
AM001802,APP005,2026-06-12,2026-05-29 20:00:00,1428,33894,295,72.28,33894,33599
AM001803,APP008,2025-01-10,2026-12-06 01:00:00,1425,13249,393,41.1,13249,12856
AM001804,APP008,2026-05-28,2026-09-22 09:00:00,1389,33420,1646,331.8,33420,31774
AM001805,APP001,2025-12-02,2025-01-10 22:00:00,1390,43929,1064,125.14,43929,42865
AM001806,APP004,2025-09-26,2025-04-08 01:00:00,1436,34889,437,303.91,34889,34452
AM001807,APP004,2026-05-12,2025-06-21 06:00:00,1384,48133,147,265.32,48133,47986
AM001808,APP001,2026-03-20,2025-06-24 21:00:00,1412,39540,1831,131.73,39540,37709
AM001809,APP004,2026-02-09,2025-08-31 03:00:00,1419,38304,1321,345.23,38304,36983
AM001810,APP008,2026-08-27,2025-07-19 18:00:00,1398,8342,41,134.53,8342,8301
AM001811,APP007,2026-07-01,2025-03-02 09:00:00,1438,10326,170,263.49,10326,10156
AM001812,APP008,2025-02-27,2026-01-07 13:00:00,1438,15752,410,151.19,15752,15342
AM001813,APP008,2026-07-14,2026-10-20 05:00:00,1421,49384,1025,156.78,49384,48359
AM001814,APP007,2026-06-21,2025-04-28 09:00:00,1416,46772,516,243.64,46772,46256
AM001815,APP006,2026-06-26,2026-07-17 02:00:00,1387,40055,182,18.13,40055,39873
AM001816,APP005,2026-10-22,2025-11-10 11:00:00,1383,40156,568,85.56,40156,39588
AM001817,APP002,2025-04-24,2026-12-04 12:00:00,1384,21643,102,22.44,21643,21541
AM001818,APP007,2025-06-09,2025-11-03 22:00:00,1383,45886,1537,85.99,45886,44349
AM001819,APP001,2026-05-19,2025-02-17 00:00:00,1382,35876,1052,97.17,35876,34824
AM001820,APP002,2026-05-05,2026-10-31 11:00:00,1422,14134,503,35.22,14134,13631
AM001821,APP004,2026-05-11,2025-02-12 18:00:00,1405,9917,308,62.07,9917,9609
AM001822,APP002,2026-10-06,2025-09-29 14:00:00,1396,40717,1293,211.77,40717,39424
AM001823,APP002,2026-03-01,2026-03-30 21:00:00,1386,28358,824,63.66,28358,27534
AM001824,APP002,2025-03-23,2026-05-26 18:00:00,1424,40067,1476,138.9,40067,38591
AM001825,APP008,2026-05-11,2025-09-03 12:00:00,1434,4553,123,190.85,4553,4430
AM001826,APP001,2026-02-09,2025-10-02 05:00:00,1397,40462,643,62.57,40462,39819
AM001827,APP005,2026-02-12,2025-08-22 13:00:00,1388,12022,292,119.55,12022,11730
AM001828,APP003,2026-11-25,2026-07-26 23:00:00,1395,34342,1672,171.92,34342,32670
AM001829,APP004,2026-09-09,2026-02-13 06:00:00,1427,17044,645,316.65,17044,16399
AM001830,APP007,2025-04-01,2025-11-04 19:00:00,1417,39888,1143,125.63,39888,38745
AM001831,APP002,2025-07-31,2026-07-11 10:00:00,1405,49649,453,26.05,49649,49196
AM001832,APP001,2026-09-11,2025-12-10 14:00:00,1405,28158,833,157.08,28158,27325
AM001833,APP007,2025-03-04,2026-08-28 03:00:00,1380,42627,1358,185.73,42627,41269
AM001834,APP008,2025-05-21,2026-02-23 10:00:00,1430,27303,108,221.05,27303,27195
AM001835,APP007,2025-01-18,2026-12-02 14:00:00,1405,1491,43,122.6,1491,1448
AM001836,APP005,2025-10-22,2026-09-06 13:00:00,1389,27627,422,239.08,27627,27205
AM001837,APP006,2025-05-10,2026-01-06 20:00:00,1393,16704,96,24.26,16704,16608
AM001838,APP008,2026-10-23,2026-05-02 14:00:00,1397,20529,43,69.5,20529,20486
AM001839,APP005,2026-02-23,2025-08-16 19:00:00,1422,34651,1194,297.18,34651,33457
AM001840,APP003,2026-03-26,2026-06-13 13:00:00,1425,8981,117,163.69,8981,8864
AM001841,APP006,2025-01-03,2026-07-27 15:00:00,1416,33346,627,214.94,33346,32719
AM001842,APP001,2025-10-03,2026-05-04 18:00:00,1431,38286,547,328.39,38286,37739
AM001843,APP002,2026-04-03,2026-04-18 15:00:00,1419,22478,349,231.87,22478,22129
AM001844,APP005,2025-07-02,2025-12-13 07:00:00,1433,28520,1374,31.18,28520,27146
AM001845,APP003,2026-09-20,2025-03-07 09:00:00,1386,22309,293,136.45,22309,22016
AM001846,APP004,2025-06-11,2026-11-15 23:00:00,1415,18642,919,54.04,18642,17723
AM001847,APP001,2025-12-20,2025-01-24 13:00:00,1406,35565,1112,219.69,35565,34453
AM001848,APP007,2025-07-19,2026-08-16 22:00:00,1403,47527,1244,45.55,47527,46283
AM001849,APP001,2026-11-27,2025-04-10 21:00:00,1411,25652,713,264.18,25652,24939
AM001850,APP005,2025-07-23,2025-06-19 17:00:00,1418,39380,433,257.02,39380,38947
AM001851,APP004,2026-12-12,2026-06-15 20:00:00,1432,27345,692,15.38,27345,26653
AM001852,APP007,2025-04-30,2026-03-20 19:00:00,1432,15951,360,171.2,15951,15591
AM001853,APP006,2025-07-26,2025-12-25 19:00:00,1386,49044,1574,134.21,49044,47470
AM001854,APP007,2025-04-09,2025-08-20 22:00:00,1397,40850,1691,206.57,40850,39159
AM001855,APP001,2025-06-15,2026-01-04 06:00:00,1438,28711,920,60.95,28711,27791
AM001856,APP003,2026-02-26,2025-07-17 13:00:00,1438,6747,76,209.13,6747,6671
AM001857,APP002,2025-11-05,2025-03-15 02:00:00,1438,42923,1142,116.75,42923,41781
AM001858,APP001,2025-07-10,2026-01-01 02:00:00,1423,40078,304,22.88,40078,39774
AM001859,APP006,2025-12-04,2026-04-10 03:00:00,1397,42043,936,284.84,42043,41107
AM001860,APP005,2025-04-17,2025-12-11 00:00:00,1398,33491,792,28.96,33491,32699
AM001861,APP007,2026-05-23,2025-09-12 07:00:00,1399,30483,254,74.2,30483,30229
AM001862,APP005,2026-10-02,2025-10-28 21:00:00,1407,47698,405,274.31,47698,47293
AM001863,APP004,2025-03-26,2026-10-26 02:00:00,1427,16298,722,153.55,16298,15576
AM001864,APP003,2025-08-15,2026-03-15 22:00:00,1410,25551,440,235.85,25551,25111
AM001865,APP006,2025-01-25,2025-01-12 16:00:00,1433,23392,332,236.26,23392,23060
AM001866,APP002,2026-01-21,2026-09-22 08:00:00,1380,3143,45,265.22,3143,3098
AM001867,APP001,2025-02-05,2026-01-23 05:00:00,1425,14195,667,232.81,14195,13528
AM001868,APP005,2026-03-28,2025-10-10 15:00:00,1431,47199,1287,273.51,47199,45912
AM001869,APP002,2025-11-10,2026-09-30 04:00:00,1422,18629,636,239.45,18629,17993
AM001870,APP007,2026-08-30,2026-02-25 12:00:00,1405,33018,100,343.2,33018,32918
AM001871,APP006,2025-01-31,2026-11-08 14:00:00,1398,9774,96,324.69,9774,9678
AM001872,APP006,2025-01-18,2026-01-29 06:00:00,1405,3697,7,348.08,3697,3690
AM001873,APP006,2026-12-21,2026-08-20 05:00:00,1414,40833,1900,306.37,40833,38933
AM001874,APP004,2025-05-02,2026-12-16 21:00:00,1410,25984,837,56.06,25984,25147
AM001875,APP005,2025-01-28,2026-01-13 21:00:00,1382,34284,867,260.78,34284,33417
AM001876,APP007,2025-08-08,2025-04-23 18:00:00,1387,35897,207,185.85,35897,35690
AM001877,APP006,2026-07-28,2026-12-14 02:00:00,1400,2753,89,49.16,2753,2664
AM001878,APP006,2026-08-09,2026-08-21 04:00:00,1416,48928,1347,340.79,48928,47581
AM001879,APP003,2026-02-10,2025-07-09 05:00:00,1408,7676,199,125.35,7676,7477
AM001880,APP001,2025-06-05,2026-07-03 23:00:00,1412,45993,1243,208.16,45993,44750
AM001881,APP003,2025-04-11,2025-04-18 05:00:00,1410,45849,1065,275.09,45849,44784
AM001882,APP003,2026-09-08,2025-10-17 23:00:00,1434,25935,584,31.23,25935,25351
AM001883,APP004,2026-02-25,2025-04-03 08:00:00,1425,26064,806,156.64,26064,25258
AM001884,APP006,2025-06-26,2026-04-30 16:00:00,1398,32939,1386,162.57,32939,31553
AM001885,APP008,2025-08-21,2026-07-17 09:00:00,1387,31954,390,138.47,31954,31564
AM001886,APP005,2025-12-20,2026-02-21 06:00:00,1439,17426,366,92.59,17426,17060
AM001887,APP006,2025-11-27,2026-06-17 22:00:00,1438,24836,84,166.61,24836,24752
AM001888,APP005,2026-05-21,2026-07-20 10:00:00,1436,33892,759,69.2,33892,33133
AM001889,APP001,2025-01-27,2026-04-20 18:00:00,1401,46268,745,165.05,46268,45523
AM001890,APP004,2025-11-12,2026-04-25 14:00:00,1409,49727,1325,213.47,49727,48402
AM001891,APP002,2026-06-28,2026-01-08 16:00:00,1402,28722,995,145.09,28722,27727
AM001892,APP001,2025-12-09,2025-07-06 10:00:00,1391,49596,1515,96.64,49596,48081
AM001893,APP008,2026-07-14,2026-08-04 06:00:00,1422,47593,1640,135.44,47593,45953
AM001894,APP002,2025-09-28,2025-05-24 17:00:00,1398,42153,1502,311.75,42153,40651
AM001895,APP004,2025-12-02,2025-12-25 22:00:00,1430,41587,1568,49.51,41587,40019
AM001896,APP005,2026-11-13,2025-10-02 09:00:00,1380,7316,166,64.39,7316,7150
AM001897,APP004,2026-12-12,2026-01-29 09:00:00,1392,31739,685,160.83,31739,31054
AM001898,APP006,2025-03-02,2025-07-09 03:00:00,1406,40671,1764,233.1,40671,38907
AM001899,APP003,2025-07-22,2025-12-05 13:00:00,1423,24140,625,153.67,24140,23515
AM001900,APP005,2026-01-21,2026-01-16 23:00:00,1400,36906,1430,81.28,36906,35476
AM001901,APP001,2025-06-10,2026-08-31 20:00:00,1403,21904,249,134.15,21904,21655
AM001902,APP003,2026-04-12,2025-08-11 03:00:00,1391,46860,2128,52.64,46860,44732
AM001903,APP001,2026-06-17,2026-08-04 07:00:00,1406,15774,686,211.99,15774,15088
AM001904,APP003,2026-10-25,2026-03-12 19:00:00,1430,38917,1156,335.1,38917,37761
AM001905,APP008,2026-05-04,2025-08-16 13:00:00,1388,41457,656,215.53,41457,40801
AM001906,APP005,2025-10-26,2025-04-24 16:00:00,1411,18933,165,61.93,18933,18768
AM001907,APP007,2026-12-19,2026-04-13 20:00:00,1425,28687,1143,200.82,28687,27544
AM001908,APP001,2025-09-16,2026-08-08 17:00:00,1406,30507,1177,217.78,30507,29330
AM001909,APP002,2025-11-19,2025-09-02 06:00:00,1401,26590,614,214.14,26590,25976
AM001910,APP006,2025-02-26,2026-02-22 06:00:00,1415,2113,21,335.51,2113,2092
AM001911,APP008,2025-09-01,2026-05-31 19:00:00,1422,37223,429,135.7,37223,36794
AM001912,APP002,2025-04-04,2025-06-24 23:00:00,1435,42036,842,25.88,42036,41194
AM001913,APP006,2026-05-20,2025-01-27 00:00:00,1424,31516,582,346.87,31516,30934
AM001914,APP003,2026-03-10,2025-06-26 00:00:00,1429,38792,1767,97.3,38792,37025
AM001915,APP008,2025-01-23,2025-05-13 03:00:00,1427,31904,1184,165.3,31904,30720
AM001916,APP001,2026-06-03,2026-01-12 18:00:00,1431,47702,895,337.11,47702,46807
AM001917,APP003,2025-04-16,2026-07-24 00:00:00,1410,22770,472,153.92,22770,22298
AM001918,APP007,2026-09-23,2026-03-20 00:00:00,1384,49469,405,280.72,49469,49064
AM001919,APP007,2025-12-09,2026-10-26 01:00:00,1424,6751,88,174.69,6751,6663
AM001920,APP007,2026-06-03,2026-05-27 03:00:00,1398,4469,12,273.36,4469,4457
AM001921,APP004,2025-08-18,2025-07-31 05:00:00,1391,25304,318,22.37,25304,24986
AM001922,APP007,2025-05-28,2026-12-20 15:00:00,1380,45322,587,129.62,45322,44735
AM001923,APP003,2026-05-30,2026-07-06 17:00:00,1426,49150,2170,307.39,49150,46980
AM001924,APP004,2025-02-05,2025-08-03 20:00:00,1401,49006,786,162.55,49006,48220
AM001925,APP001,2025-05-09,2025-07-02 12:00:00,1406,7038,47,137.95,7038,6991
AM001926,APP001,2026-06-03,2025-06-30 15:00:00,1409,16492,215,50.39,16492,16277
AM001927,APP008,2026-04-28,2025-04-19 07:00:00,1432,45682,2041,324.82,45682,43641
AM001928,APP004,2026-10-14,2025-12-10 00:00:00,1433,37530,828,317.65,37530,36702
AM001929,APP006,2025-09-14,2026-05-28 22:00:00,1409,31962,1482,102.16,31962,30480
AM001930,APP007,2025-03-31,2025-07-20 10:00:00,1432,30503,1450,187.98,30503,29053
AM001931,APP003,2026-07-15,2025-01-28 19:00:00,1387,44415,501,305.65,44415,43914
AM001932,APP008,2025-08-21,2026-03-08 23:00:00,1388,22037,947,18.91,22037,21090
AM001933,APP003,2026-11-01,2025-02-07 17:00:00,1433,48690,1949,97.15,48690,46741
AM001934,APP004,2026-03-02,2025-02-09 05:00:00,1404,11132,132,197.61,11132,11000
AM001935,APP004,2025-03-22,2025-09-26 13:00:00,1429,40127,455,334.03,40127,39672
AM001936,APP005,2025-07-22,2026-12-28 02:00:00,1411,23552,923,285.59,23552,22629
AM001937,APP004,2026-10-17,2025-04-21 23:00:00,1402,35304,1414,150.54,35304,33890
AM001938,APP008,2025-07-30,2026-12-22 22:00:00,1389,20649,404,39.0,20649,20245
AM001939,APP007,2025-05-11,2026-10-06 15:00:00,1411,35282,1529,223.27,35282,33753
AM001940,APP003,2025-12-25,2025-10-11 17:00:00,1412,38844,1762,232.67,38844,37082
AM001941,APP001,2025-05-28,2026-04-14 09:00:00,1418,44181,962,326.71,44181,43219
AM001942,APP002,2025-07-01,2025-08-13 10:00:00,1422,24240,191,48.68,24240,24049
AM001943,APP005,2026-01-20,2026-11-27 07:00:00,1423,40223,1005,179.48,40223,39218
AM001944,APP001,2026-01-25,2026-05-22 17:00:00,1395,14263,149,245.63,14263,14114
AM001945,APP006,2026-07-19,2025-01-07 16:00:00,1390,42732,1706,345.97,42732,41026
AM001946,APP002,2026-12-26,2025-01-06 12:00:00,1396,3800,168,49.44,3800,3632
AM001947,APP006,2026-02-23,2025-11-15 16:00:00,1429,3664,145,104.09,3664,3519
AM001948,APP003,2025-07-02,2025-07-18 00:00:00,1383,9681,111,160.98,9681,9570
AM001949,APP008,2026-06-03,2025-02-09 23:00:00,1427,26434,42,333.97,26434,26392
AM001950,APP001,2025-07-12,2025-04-11 14:00:00,1423,22560,407,138.84,22560,22153
AM001951,APP008,2026-12-14,2026-02-08 22:00:00,1420,15227,566,77.4,15227,14661
AM001952,APP007,2025-01-02,2026-08-20 02:00:00,1419,48816,2303,263.89,48816,46513
AM001953,APP005,2026-06-16,2025-12-23 19:00:00,1409,47651,955,328.73,47651,46696
AM001954,APP005,2026-10-28,2025-12-10 06:00:00,1382,48731,1442,132.77,48731,47289
AM001955,APP001,2026-08-02,2026-08-01 10:00:00,1385,6247,26,250.76,6247,6221
AM001956,APP007,2026-02-27,2026-12-30 21:00:00,1385,33398,1618,312.57,33398,31780
AM001957,APP001,2025-12-24,2026-11-02 17:00:00,1417,22496,162,259.47,22496,22334
AM001958,APP002,2025-07-03,2025-10-04 15:00:00,1400,7286,159,279.82,7286,7127
AM001959,APP002,2025-09-13,2025-10-20 03:00:00,1406,37490,859,169.09,37490,36631
AM001960,APP004,2026-02-10,2025-03-27 14:00:00,1426,23384,709,158.69,23384,22675
AM001961,APP004,2025-05-20,2026-09-08 22:00:00,1399,16845,369,29.7,16845,16476
AM001962,APP004,2026-06-05,2026-06-08 22:00:00,1429,46595,1221,264.88,46595,45374
AM001963,APP002,2026-02-08,2026-04-07 21:00:00,1416,32136,682,118.75,32136,31454
AM001964,APP006,2025-12-13,2025-12-30 23:00:00,1428,2153,101,142.58,2153,2052
AM001965,APP007,2025-07-12,2026-04-12 02:00:00,1405,42933,1539,71.61,42933,41394
AM001966,APP004,2026-08-09,2025-11-11 17:00:00,1397,5145,182,141.95,5145,4963
AM001967,APP008,2025-02-20,2026-01-19 17:00:00,1396,41720,175,64.37,41720,41545
AM001968,APP008,2025-08-12,2025-02-26 06:00:00,1383,2355,96,163.38,2355,2259
AM001969,APP005,2026-03-26,2026-03-18 23:00:00,1420,2303,23,227.41,2303,2280
AM001970,APP005,2026-10-02,2026-03-15 08:00:00,1394,35731,1157,190.79,35731,34574
AM001971,APP004,2025-06-07,2025-06-29 22:00:00,1439,29263,1368,343.4,29263,27895
AM001972,APP004,2025-08-20,2026-07-17 23:00:00,1407,29090,307,27.08,29090,28783
AM001973,APP002,2025-10-24,2025-03-03 13:00:00,1419,6062,294,147.19,6062,5768
AM001974,APP003,2025-08-11,2025-06-13 08:00:00,1417,2576,99,48.26,2576,2477
AM001975,APP003,2025-02-18,2025-09-26 14:00:00,1411,45472,471,256.83,45472,45001
AM001976,APP003,2026-12-18,2026-09-06 20:00:00,1380,9605,41,121.94,9605,9564
AM001977,APP005,2025-09-16,2025-02-25 08:00:00,1401,28332,925,208.31,28332,27407
AM001978,APP003,2026-06-27,2026-08-01 23:00:00,1427,43257,1538,345.08,43257,41719
AM001979,APP001,2026-01-28,2025-06-04 12:00:00,1431,11998,336,209.56,11998,11662
AM001980,APP005,2025-06-04,2025-07-09 09:00:00,1430,8327,135,53.23,8327,8192
AM001981,APP007,2026-11-21,2025-07-02 14:00:00,1393,12233,365,199.48,12233,11868
AM001982,APP003,2026-08-07,2026-03-07 20:00:00,1438,2543,111,218.73,2543,2432
AM001983,APP002,2026-01-13,2025-12-19 12:00:00,1380,4532,34,167.45,4532,4498
AM001984,APP004,2026-10-22,2025-12-06 14:00:00,1422,42200,542,231.34,42200,41658
AM001985,APP006,2025-07-11,2026-01-31 14:00:00,1387,34506,1704,280.95,34506,32802
AM001986,APP008,2025-03-17,2026-10-08 10:00:00,1438,20190,658,73.88,20190,19532
AM001987,APP006,2025-04-21,2026-09-24 03:00:00,1415,27018,781,190.15,27018,26237
AM001988,APP001,2025-08-26,2025-09-24 15:00:00,1436,28463,1115,161.85,28463,27348
AM001989,APP003,2025-06-26,2026-06-07 04:00:00,1433,10338,458,116.37,10338,9880
AM001990,APP002,2025-01-28,2026-09-21 08:00:00,1391,17787,152,174.69,17787,17635
AM001991,APP006,2026-05-03,2025-08-29 03:00:00,1418,16454,817,245.05,16454,15637
AM001992,APP003,2025-04-24,2025-06-07 02:00:00,1438,25252,864,244.34,25252,24388
AM001993,APP007,2025-06-03,2026-11-28 20:00:00,1422,17624,99,219.82,17624,17525
AM001994,APP002,2026-05-27,2026-05-19 12:00:00,1418,34180,694,116.24,34180,33486
AM001995,APP007,2025-10-29,2025-06-22 05:00:00,1423,4370,94,294.82,4370,4276
AM001996,APP007,2025-01-22,2025-05-10 14:00:00,1423,1415,70,301.66,1415,1345
AM001997,APP004,2026-01-31,2025-09-04 04:00:00,1429,15725,115,188.72,15725,15610
AM001998,APP007,2025-05-30,2025-06-19 22:00:00,1385,16326,73,166.9,16326,16253
AM001999,APP003,2026-07-09,2026-05-31 01:00:00,1387,6728,298,26.66,6728,6430
AM002000,APP001,2025-05-15,2025-09-15 03:00:00,1408,28201,607,193.33,28201,27594
AM002001,APP005,2026-03-12,2025-02-10 09:00:00,1392,4719,193,144.5,4719,4526
AM002002,APP003,2025-02-12,2026-04-21 16:00:00,1412,47460,648,178.41,47460,46812
AM002003,APP004,2026-07-31,2026-12-15 03:00:00,1402,49754,1342,244.24,49754,48412
AM002004,APP002,2025-12-09,2026-06-16 00:00:00,1389,12914,254,193.56,12914,12660
AM002005,APP004,2025-01-07,2025-12-15 14:00:00,1434,17961,228,164.46,17961,17733
AM002006,APP002,2025-08-23,2026-12-08 11:00:00,1405,31146,150,53.64,31146,30996
AM002007,APP004,2025-07-08,2025-12-25 09:00:00,1383,44020,1244,175.34,44020,42776
AM002008,APP005,2025-03-10,2026-07-22 16:00:00,1386,16125,467,273.12,16125,15658
AM002009,APP005,2025-07-28,2026-06-04 04:00:00,1435,18883,429,343.62,18883,18454
AM002010,APP008,2026-06-07,2025-12-07 04:00:00,1418,46011,371,66.25,46011,45640
AM002011,APP008,2025-11-08,2025-03-05 21:00:00,1404,33459,1036,307.09,33459,32423
AM002012,APP003,2026-05-21,2026-06-25 16:00:00,1409,39848,1923,142.36,39848,37925
AM002013,APP002,2025-05-12,2025-11-18 10:00:00,1384,7337,122,212.55,7337,7215
AM002014,APP003,2026-07-05,2026-12-22 09:00:00,1430,29075,779,268.75,29075,28296
AM002015,APP007,2025-02-21,2025-01-28 00:00:00,1394,34225,879,331.49,34225,33346
AM002016,APP005,2026-02-26,2026-07-26 22:00:00,1422,42604,454,242.01,42604,42150
AM002017,APP002,2026-01-29,2025-01-02 04:00:00,1387,24554,608,30.34,24554,23946
AM002018,APP007,2026-09-25,2026-05-28 10:00:00,1402,45051,101,124.98,45051,44950
AM002019,APP008,2025-01-13,2026-10-04 12:00:00,1426,32844,413,183.69,32844,32431
AM002020,APP002,2025-03-27,2026-06-05 07:00:00,1396,20369,885,88.44,20369,19484
AM002021,APP006,2025-01-18,2026-01-15 00:00:00,1387,39850,175,38.0,39850,39675
AM002022,APP003,2025-08-06,2026-10-19 14:00:00,1388,23509,1056,281.98,23509,22453
AM002023,APP005,2026-03-31,2026-01-05 12:00:00,1420,33876,638,280.66,33876,33238
AM002024,APP003,2026-05-03,2025-02-25 00:00:00,1410,17912,794,124.26,17912,17118
AM002025,APP003,2026-09-04,2026-11-25 09:00:00,1398,1357,27,162.25,1357,1330
AM002026,APP005,2026-10-23,2026-05-21 14:00:00,1418,4011,189,336.39,4011,3822
AM002027,APP008,2026-01-16,2026-11-28 19:00:00,1408,34143,298,201.3,34143,33845
AM002028,APP007,2026-03-20,2025-05-24 01:00:00,1413,3201,75,64.53,3201,3126
AM002029,APP005,2026-12-27,2025-08-31 08:00:00,1432,5452,197,132.77,5452,5255
AM002030,APP005,2026-03-13,2026-09-08 22:00:00,1437,43129,1604,193.47,43129,41525
AM002031,APP003,2026-03-23,2025-10-28 10:00:00,1387,16985,848,71.95,16985,16137
AM002032,APP005,2025-05-21,2025-03-17 21:00:00,1406,17102,548,288.51,17102,16554
AM002033,APP008,2026-01-24,2025-08-27 00:00:00,1384,25390,329,68.85,25390,25061
AM002034,APP001,2026-01-20,2025-01-01 09:00:00,1397,7888,310,257.47,7888,7578
AM002035,APP007,2025-06-01,2026-12-12 10:00:00,1419,30435,1254,207.57,30435,29181
AM002036,APP001,2026-12-08,2026-08-01 03:00:00,1394,17545,40,62.57,17545,17505
AM002037,APP002,2025-10-04,2026-11-12 13:00:00,1418,16067,103,301.63,16067,15964
AM002038,APP003,2025-05-17,2025-06-01 09:00:00,1419,2055,50,168.24,2055,2005
AM002039,APP007,2026-02-21,2025-05-25 03:00:00,1389,5291,93,184.1,5291,5198
AM002040,APP005,2025-01-10,2026-06-14 05:00:00,1382,9874,310,287.19,9874,9564
AM002041,APP006,2026-09-03,2026-04-22 19:00:00,1422,41869,454,134.22,41869,41415
AM002042,APP004,2026-12-07,2026-10-29 05:00:00,1433,48243,1354,214.37,48243,46889
AM002043,APP001,2026-02-27,2025-08-29 10:00:00,1403,49753,541,150.9,49753,49212
AM002044,APP003,2025-12-31,2025-04-01 19:00:00,1385,21965,777,47.29,21965,21188
AM002045,APP004,2025-07-26,2026-04-11 11:00:00,1414,7424,20,22.94,7424,7404
AM002046,APP001,2025-04-03,2025-10-29 16:00:00,1415,21226,127,111.62,21226,21099
AM002047,APP004,2026-06-04,2026-03-23 11:00:00,1393,47494,1697,317.27,47494,45797
AM002048,APP002,2025-12-27,2026-09-09 03:00:00,1439,47425,2294,341.67,47425,45131
AM002049,APP006,2025-10-16,2025-01-17 10:00:00,1432,46298,2155,20.07,46298,44143
AM002050,APP002,2025-11-27,2025-03-20 06:00:00,1437,43846,971,268.53,43846,42875
AM002051,APP006,2026-07-03,2025-03-21 00:00:00,1397,42626,972,138.99,42626,41654
AM002052,APP002,2025-08-02,2025-05-16 16:00:00,1391,32159,1036,121.08,32159,31123
AM002053,APP007,2025-03-21,2025-07-04 01:00:00,1419,31128,271,164.43,31128,30857
AM002054,APP001,2026-07-14,2026-12-09 18:00:00,1401,43136,1168,200.15,43136,41968
AM002055,APP005,2026-07-09,2025-10-12 20:00:00,1411,16329,556,326.32,16329,15773
AM002056,APP002,2025-06-30,2025-09-12 06:00:00,1429,1707,56,174.13,1707,1651
AM002057,APP007,2026-03-16,2026-02-21 10:00:00,1432,30088,1172,208.94,30088,28916
AM002058,APP008,2025-11-13,2026-08-14 09:00:00,1435,39183,1060,81.21,39183,38123
AM002059,APP002,2026-08-28,2025-10-17 04:00:00,1400,35672,1766,136.97,35672,33906
AM002060,APP006,2025-03-09,2026-11-06 05:00:00,1434,49237,1104,50.59,49237,48133
AM002061,APP001,2025-02-09,2025-11-15 10:00:00,1418,29453,508,117.0,29453,28945
AM002062,APP001,2026-03-31,2026-04-19 15:00:00,1401,17065,480,114.43,17065,16585
AM002063,APP001,2025-05-26,2025-05-01 06:00:00,1390,27443,338,302.59,27443,27105
AM002064,APP006,2025-04-13,2025-11-01 17:00:00,1403,11596,117,277.47,11596,11479
AM002065,APP006,2025-07-16,2025-02-01 00:00:00,1408,24086,215,190.15,24086,23871
AM002066,APP006,2025-12-13,2026-02-27 13:00:00,1436,9455,65,162.92,9455,9390
AM002067,APP001,2025-08-20,2025-11-23 10:00:00,1434,35053,463,59.0,35053,34590
AM002068,APP004,2026-01-09,2025-07-04 09:00:00,1422,17296,91,238.84,17296,17205
AM002069,APP002,2025-08-14,2025-02-20 06:00:00,1411,30372,798,30.93,30372,29574
AM002070,APP005,2025-07-01,2025-02-07 19:00:00,1402,4899,86,156.47,4899,4813
AM002071,APP005,2025-03-03,2025-12-18 22:00:00,1385,41767,1070,57.44,41767,40697
AM002072,APP007,2026-12-09,2025-05-28 10:00:00,1382,6750,308,317.23,6750,6442
AM002073,APP002,2025-04-22,2026-08-09 16:00:00,1389,21709,996,330.53,21709,20713
AM002074,APP006,2026-04-30,2025-09-10 21:00:00,1417,1510,72,69.59,1510,1438
AM002075,APP006,2025-04-03,2025-08-19 17:00:00,1438,6506,112,44.56,6506,6394
AM002076,APP002,2025-10-07,2025-02-25 20:00:00,1427,46355,2240,104.99,46355,44115
AM002077,APP003,2026-06-15,2026-04-04 13:00:00,1429,30625,947,216.56,30625,29678
AM002078,APP006,2025-11-20,2025-06-03 20:00:00,1419,44574,1236,143.07,44574,43338
AM002079,APP002,2026-04-11,2026-07-04 15:00:00,1382,3414,59,113.6,3414,3355
AM002080,APP005,2025-05-31,2026-11-08 13:00:00,1432,10510,497,322.96,10510,10013
AM002081,APP001,2026-07-09,2025-07-23 09:00:00,1422,37798,948,330.83,37798,36850
AM002082,APP007,2026-09-04,2026-02-16 09:00:00,1399,8359,325,27.1,8359,8034
AM002083,APP007,2026-11-04,2026-06-25 09:00:00,1398,35437,1047,235.71,35437,34390
AM002084,APP003,2026-01-13,2025-08-25 01:00:00,1438,39203,543,238.08,39203,38660
AM002085,APP001,2025-09-09,2025-09-06 10:00:00,1430,13902,462,252.23,13902,13440
AM002086,APP004,2026-03-21,2025-05-07 11:00:00,1437,19142,52,250.05,19142,19090
AM002087,APP004,2026-06-02,2026-10-15 19:00:00,1420,21675,139,332.04,21675,21536
AM002088,APP001,2025-11-10,2026-06-20 03:00:00,1400,33525,83,146.32,33525,33442
AM002089,APP002,2025-04-02,2026-02-03 08:00:00,1383,38582,625,252.64,38582,37957
AM002090,APP006,2026-09-01,2025-01-22 06:00:00,1384,21285,843,263.89,21285,20442
AM002091,APP008,2025-07-30,2025-11-15 01:00:00,1433,25427,1041,258.6,25427,24386
AM002092,APP008,2026-03-04,2025-09-18 15:00:00,1395,3962,47,313.6,3962,3915
AM002093,APP003,2026-08-20,2026-12-30 11:00:00,1433,4703,171,56.52,4703,4532
AM002094,APP001,2026-12-18,2026-06-29 16:00:00,1404,33741,1540,167.19,33741,32201
AM002095,APP005,2026-11-24,2026-08-29 12:00:00,1402,40145,1198,19.84,40145,38947
AM002096,APP003,2025-09-13,2025-08-10 23:00:00,1402,44466,681,182.19,44466,43785
AM002097,APP003,2026-10-01,2025-04-03 10:00:00,1420,8610,185,262.4,8610,8425
AM002098,APP002,2026-06-01,2025-09-07 18:00:00,1391,27288,1179,277.27,27288,26109
AM002099,APP006,2026-12-19,2025-09-13 07:00:00,1436,30077,935,58.27,30077,29142
AM002100,APP001,2026-11-16,2025-02-08 14:00:00,1418,2213,17,120.7,2213,2196
AM002101,APP003,2025-06-10,2025-09-05 10:00:00,1425,24067,866,166.24,24067,23201
AM002102,APP005,2026-09-09,2025-11-20 01:00:00,1422,46276,660,249.29,46276,45616
AM002103,APP005,2025-07-05,2026-09-12 08:00:00,1419,10810,465,106.16,10810,10345
AM002104,APP006,2026-04-23,2025-04-17 16:00:00,1402,7635,352,172.88,7635,7283
AM002105,APP006,2026-10-11,2026-04-18 15:00:00,1414,5708,135,261.52,5708,5573
AM002106,APP003,2025-08-28,2026-03-14 10:00:00,1439,22328,272,70.72,22328,22056
AM002107,APP005,2025-08-22,2025-10-03 21:00:00,1390,31448,1177,110.15,31448,30271
AM002108,APP004,2025-04-26,2026-05-22 15:00:00,1428,35549,1730,67.64,35549,33819
AM002109,APP003,2025-05-30,2025-12-16 20:00:00,1404,38540,936,221.13,38540,37604
AM002110,APP006,2025-11-27,2026-01-11 20:00:00,1384,22677,710,151.19,22677,21967
AM002111,APP006,2025-03-18,2025-05-12 06:00:00,1409,12446,453,64.48,12446,11993
AM002112,APP002,2025-02-06,2026-11-26 04:00:00,1433,34451,59,141.54,34451,34392
AM002113,APP004,2026-10-26,2026-03-29 18:00:00,1407,42236,1127,162.71,42236,41109
AM002114,APP004,2026-08-08,2025-11-01 12:00:00,1434,40408,939,223.04,40408,39469
AM002115,APP005,2026-06-08,2026-02-05 10:00:00,1397,19271,419,256.58,19271,18852
AM002116,APP008,2025-02-24,2026-08-06 23:00:00,1399,2187,41,142.1,2187,2146
AM002117,APP004,2026-11-30,2026-07-19 15:00:00,1390,41386,1914,203.51,41386,39472
AM002118,APP003,2026-12-29,2025-09-24 15:00:00,1405,36245,115,148.55,36245,36130
AM002119,APP002,2026-12-15,2025-06-25 08:00:00,1429,38499,1290,221.1,38499,37209
AM002120,APP005,2025-09-05,2026-08-28 03:00:00,1392,5817,131,178.36,5817,5686
AM002121,APP007,2025-05-29,2025-07-04 17:00:00,1387,2230,86,202.43,2230,2144
AM002122,APP005,2025-11-15,2026-07-20 06:00:00,1381,35170,849,49.98,35170,34321
AM002123,APP001,2025-07-06,2026-09-17 16:00:00,1389,2413,74,255.76,2413,2339
AM002124,APP002,2025-11-07,2025-10-17 13:00:00,1403,28117,1183,311.95,28117,26934
AM002125,APP007,2025-09-23,2025-09-23 16:00:00,1411,19328,505,16.73,19328,18823
AM002126,APP005,2026-12-25,2025-02-08 18:00:00,1392,28365,557,345.61,28365,27808
AM002127,APP005,2025-10-19,2026-05-04 09:00:00,1410,2149,33,309.44,2149,2116
AM002128,APP008,2025-06-26,2026-10-19 07:00:00,1413,30976,498,163.01,30976,30478
AM002129,APP006,2025-02-08,2025-07-08 05:00:00,1418,28883,842,66.24,28883,28041
AM002130,APP007,2026-11-24,2025-03-24 23:00:00,1439,3204,95,173.22,3204,3109
AM002131,APP006,2026-11-22,2025-12-27 17:00:00,1411,38017,1210,202.58,38017,36807
AM002132,APP008,2025-05-28,2025-02-14 03:00:00,1406,30790,701,108.05,30790,30089
AM002133,APP004,2026-06-30,2025-02-27 18:00:00,1421,5076,241,124.87,5076,4835
AM002134,APP002,2025-06-20,2026-03-25 20:00:00,1386,12255,174,199.1,12255,12081
AM002135,APP004,2026-06-08,2026-05-22 10:00:00,1430,1380,28,138.83,1380,1352
AM002136,APP005,2026-01-29,2026-04-17 23:00:00,1398,41986,1433,168.7,41986,40553
AM002137,APP008,2025-06-11,2026-11-17 01:00:00,1422,42929,1392,75.77,42929,41537
AM002138,APP004,2025-10-30,2026-01-31 06:00:00,1395,19818,408,183.88,19818,19410
AM002139,APP001,2026-01-12,2026-05-21 02:00:00,1431,40692,1276,264.17,40692,39416
AM002140,APP008,2026-10-27,2025-07-14 02:00:00,1387,11258,259,140.18,11258,10999
AM002141,APP006,2026-08-01,2026-11-08 20:00:00,1417,5858,275,327.2,5858,5583
AM002142,APP005,2026-02-26,2026-06-05 03:00:00,1421,19616,828,16.69,19616,18788
AM002143,APP005,2026-02-22,2025-02-09 18:00:00,1417,17790,250,312.29,17790,17540
AM002144,APP008,2025-06-15,2026-01-21 19:00:00,1390,18348,90,272.27,18348,18258
AM002145,APP006,2026-12-03,2025-03-18 18:00:00,1438,37577,1453,217.81,37577,36124
AM002146,APP007,2025-12-28,2025-09-11 11:00:00,1433,38874,471,271.31,38874,38403
AM002147,APP006,2026-06-18,2026-09-22 13:00:00,1421,26494,940,164.29,26494,25554
AM002148,APP001,2026-01-12,2025-09-18 03:00:00,1438,47909,2183,345.63,47909,45726
AM002149,APP008,2026-04-07,2025-12-18 06:00:00,1394,15735,387,300.24,15735,15348
AM002150,APP005,2025-02-04,2026-05-23 22:00:00,1411,16683,736,314.1,16683,15947
AM002151,APP003,2025-02-15,2025-12-21 01:00:00,1401,24371,157,178.72,24371,24214
AM002152,APP005,2025-04-16,2026-05-01 20:00:00,1387,47575,1831,268.62,47575,45744
AM002153,APP005,2026-05-21,2025-02-08 11:00:00,1406,37338,337,329.2,37338,37001
AM002154,APP008,2026-09-02,2025-08-21 20:00:00,1412,24440,446,254.04,24440,23994
AM002155,APP007,2025-03-30,2026-01-05 07:00:00,1420,16005,603,56.2,16005,15402
AM002156,APP006,2025-09-24,2025-02-12 10:00:00,1434,11394,502,300.18,11394,10892
AM002157,APP006,2025-03-14,2026-10-22 15:00:00,1386,36593,357,190.98,36593,36236
AM002158,APP005,2026-06-11,2025-09-21 05:00:00,1435,25913,817,103.39,25913,25096
AM002159,APP006,2026-01-04,2025-09-06 12:00:00,1388,47988,868,341.77,47988,47120
AM002160,APP001,2025-08-30,2025-04-23 19:00:00,1405,12589,155,344.46,12589,12434
AM002161,APP008,2025-06-23,2026-08-04 09:00:00,1428,33935,1286,136.24,33935,32649
AM002162,APP007,2025-01-23,2025-07-15 12:00:00,1407,13739,334,85.66,13739,13405
AM002163,APP007,2026-11-28,2025-02-04 15:00:00,1412,9355,378,183.23,9355,8977
AM002164,APP004,2026-07-06,2026-08-22 06:00:00,1417,23609,971,304.74,23609,22638
AM002165,APP002,2025-12-29,2025-05-10 05:00:00,1394,7791,363,100.04,7791,7428
AM002166,APP006,2026-11-24,2026-09-21 01:00:00,1383,32482,158,47.33,32482,32324
AM002167,APP006,2025-05-15,2025-11-14 03:00:00,1416,41667,1670,182.45,41667,39997
AM002168,APP005,2025-03-02,2025-10-26 01:00:00,1407,8480,411,92.13,8480,8069
AM002169,APP002,2026-03-01,2025-01-25 21:00:00,1393,34250,834,266.66,34250,33416
AM002170,APP004,2026-11-03,2026-11-09 12:00:00,1425,7584,362,36.08,7584,7222
AM002171,APP001,2025-07-31,2025-08-17 15:00:00,1422,12732,530,15.96,12732,12202
AM002172,APP004,2025-03-10,2026-07-01 02:00:00,1395,32378,1111,104.67,32378,31267
AM002173,APP008,2026-03-09,2025-06-30 22:00:00,1417,12134,12,98.89,12134,12122
AM002174,APP008,2025-03-13,2026-07-27 21:00:00,1414,32536,72,131.31,32536,32464
AM002175,APP002,2025-04-21,2026-07-25 14:00:00,1438,47200,302,55.83,47200,46898
AM002176,APP003,2025-10-19,2026-07-21 04:00:00,1432,49904,2468,125.19,49904,47436
AM002177,APP002,2026-11-05,2025-02-11 16:00:00,1397,24212,1100,64.35,24212,23112
AM002178,APP007,2026-11-14,2026-06-01 02:00:00,1417,35011,1261,23.76,35011,33750
AM002179,APP003,2026-09-14,2026-11-22 16:00:00,1430,9568,428,217.82,9568,9140
AM002180,APP004,2026-06-14,2026-09-06 19:00:00,1402,2219,14,235.63,2219,2205
AM002181,APP007,2025-05-05,2026-12-25 20:00:00,1403,44335,2057,68.56,44335,42278
AM002182,APP003,2025-02-04,2025-09-21 20:00:00,1405,35890,634,114.23,35890,35256
AM002183,APP005,2025-05-10,2026-07-13 02:00:00,1422,27273,1344,72.38,27273,25929
AM002184,APP003,2025-03-25,2025-10-24 22:00:00,1427,1245,33,81.22,1245,1212
AM002185,APP006,2025-12-13,2026-06-23 10:00:00,1390,6815,303,185.36,6815,6512
AM002186,APP007,2026-05-22,2026-10-04 19:00:00,1420,24206,597,225.75,24206,23609
AM002187,APP004,2026-08-02,2025-12-13 19:00:00,1394,19094,429,159.4,19094,18665
AM002188,APP002,2025-02-21,2026-06-15 07:00:00,1388,46216,252,123.36,46216,45964
AM002189,APP004,2025-02-27,2025-12-17 21:00:00,1412,13894,90,31.58,13894,13804
AM002190,APP006,2026-01-21,2026-09-28 20:00:00,1425,31126,1373,228.29,31126,29753
AM002191,APP002,2025-08-23,2025-08-15 21:00:00,1403,2832,16,255.47,2832,2816
AM002192,APP006,2025-04-15,2025-07-04 00:00:00,1432,13945,80,236.24,13945,13865
AM002193,APP005,2026-01-25,2026-12-03 13:00:00,1422,33383,1647,227.65,33383,31736
AM002194,APP001,2026-12-24,2025-06-14 21:00:00,1411,1721,54,189.52,1721,1667
AM002195,APP002,2026-06-10,2025-03-06 18:00:00,1422,46528,1515,277.52,46528,45013
AM002196,APP003,2026-07-10,2025-05-20 00:00:00,1408,33794,834,76.79,33794,32960
AM002197,APP007,2026-11-06,2025-08-23 17:00:00,1425,33886,1583,70.95,33886,32303
AM002198,APP007,2025-09-23,2025-02-18 01:00:00,1437,39697,1262,53.2,39697,38435
AM002199,APP001,2026-11-16,2025-09-14 16:00:00,1395,24254,378,302.04,24254,23876
AM002200,APP008,2025-05-23,2025-08-05 23:00:00,1386,33068,946,25.29,33068,32122
AM002201,APP004,2025-02-12,2025-07-31 03:00:00,1406,29607,559,299.55,29607,29048
AM002202,APP003,2025-10-13,2025-10-24 22:00:00,1403,22608,738,34.44,22608,21870
AM002203,APP007,2026-11-04,2026-02-03 10:00:00,1406,21006,291,335.09,21006,20715
AM002204,APP006,2026-12-17,2026-04-16 22:00:00,1411,23579,679,173.36,23579,22900
AM002205,APP001,2025-02-12,2026-05-04 22:00:00,1429,48196,61,198.27,48196,48135
AM002206,APP005,2025-10-01,2026-09-17 17:00:00,1419,30832,1238,41.56,30832,29594
AM002207,APP008,2025-08-17,2026-07-26 07:00:00,1439,4998,56,52.97,4998,4942
AM002208,APP008,2025-06-26,2026-10-26 02:00:00,1429,36728,937,297.66,36728,35791
AM002209,APP005,2025-10-20,2025-10-02 13:00:00,1421,10703,529,169.02,10703,10174
AM002210,APP002,2025-09-18,2026-07-02 19:00:00,1426,16012,322,21.44,16012,15690
AM002211,APP004,2025-12-19,2025-10-13 06:00:00,1389,7297,290,259.9,7297,7007
AM002212,APP004,2026-01-30,2026-05-14 12:00:00,1411,28517,276,167.63,28517,28241
AM002213,APP006,2025-08-14,2026-01-25 00:00:00,1383,34368,1216,337.78,34368,33152
AM002214,APP001,2026-07-26,2025-03-16 23:00:00,1406,33744,1199,243.65,33744,32545
AM002215,APP008,2025-07-22,2026-08-14 10:00:00,1439,47084,609,111.73,47084,46475
AM002216,APP004,2026-10-27,2026-07-28 14:00:00,1406,6046,281,108.37,6046,5765
AM002217,APP004,2025-03-01,2025-11-25 09:00:00,1388,6219,118,15.25,6219,6101
AM002218,APP008,2025-04-22,2025-09-30 09:00:00,1385,36424,1641,161.93,36424,34783
AM002219,APP003,2026-04-03,2025-08-10 04:00:00,1426,45985,1220,199.63,45985,44765
AM002220,APP004,2026-10-24,2026-03-06 19:00:00,1387,28958,1148,73.76,28958,27810
AM002221,APP005,2026-07-19,2025-02-01 11:00:00,1403,1834,79,150.38,1834,1755
AM002222,APP005,2025-09-18,2025-08-07 17:00:00,1397,46243,79,59.62,46243,46164
AM002223,APP004,2026-01-05,2025-02-14 00:00:00,1430,19624,360,243.74,19624,19264
AM002224,APP008,2025-10-09,2025-04-23 21:00:00,1399,28132,932,113.05,28132,27200
AM002225,APP007,2026-06-19,2025-06-24 12:00:00,1401,24818,1233,324.18,24818,23585
AM002226,APP003,2026-02-20,2025-09-15 10:00:00,1393,25624,683,27.03,25624,24941
AM002227,APP008,2025-08-07,2026-12-26 10:00:00,1403,13050,445,191.81,13050,12605
AM002228,APP006,2025-12-13,2026-01-21 10:00:00,1425,39185,1039,293.79,39185,38146
AM002229,APP006,2026-03-29,2025-07-17 00:00:00,1431,49316,182,33.76,49316,49134
AM002230,APP001,2026-10-15,2026-06-22 22:00:00,1393,44101,1576,92.73,44101,42525
AM002231,APP006,2026-02-12,2026-10-31 11:00:00,1416,29840,1477,110.46,29840,28363
AM002232,APP002,2026-06-26,2026-11-10 03:00:00,1394,30183,1250,319.49,30183,28933
AM002233,APP008,2025-06-28,2025-01-20 07:00:00,1393,16732,760,245.21,16732,15972
AM002234,APP003,2026-05-01,2026-08-18 16:00:00,1438,19859,331,70.48,19859,19528
AM002235,APP007,2026-08-19,2026-12-24 17:00:00,1387,41595,177,164.93,41595,41418
AM002236,APP008,2025-06-17,2025-05-10 20:00:00,1433,3826,179,244.32,3826,3647
AM002237,APP008,2025-12-04,2025-03-17 15:00:00,1383,39959,1525,75.34,39959,38434
AM002238,APP005,2026-05-16,2025-11-28 20:00:00,1419,29610,752,41.89,29610,28858
AM002239,APP003,2026-05-14,2026-10-16 04:00:00,1429,49460,1835,215.28,49460,47625
AM002240,APP005,2025-01-17,2026-07-11 07:00:00,1407,48877,765,111.74,48877,48112
AM002241,APP003,2025-06-12,2026-02-16 07:00:00,1395,11365,389,295.79,11365,10976
AM002242,APP004,2025-06-14,2025-03-24 19:00:00,1405,41282,729,85.54,41282,40553
AM002243,APP003,2025-11-19,2025-07-20 01:00:00,1396,13057,453,299.81,13057,12604
AM002244,APP005,2025-06-30,2026-02-18 07:00:00,1430,40709,546,193.35,40709,40163
AM002245,APP003,2026-10-02,2025-02-08 02:00:00,1381,19625,24,94.51,19625,19601
AM002246,APP005,2025-09-12,2025-12-01 14:00:00,1438,37567,1197,27.17,37567,36370
AM002247,APP008,2025-12-24,2026-10-13 14:00:00,1424,37892,1439,188.98,37892,36453
AM002248,APP004,2026-11-19,2026-06-21 05:00:00,1411,19251,956,111.46,19251,18295
AM002249,APP002,2025-03-23,2025-09-17 02:00:00,1393,7261,266,88.01,7261,6995
AM002250,APP007,2026-07-18,2026-05-30 22:00:00,1387,11557,95,83.65,11557,11462
AM002251,APP007,2026-05-15,2026-05-13 16:00:00,1404,6815,166,88.17,6815,6649
AM002252,APP008,2026-11-20,2025-05-19 04:00:00,1418,14166,498,342.94,14166,13668
AM002253,APP007,2026-05-21,2026-04-23 13:00:00,1399,32789,1553,202.09,32789,31236
AM002254,APP003,2026-10-15,2026-01-27 06:00:00,1385,29478,182,115.54,29478,29296
AM002255,APP006,2025-06-10,2025-02-01 11:00:00,1405,47509,2154,98.72,47509,45355
AM002256,APP007,2026-01-17,2025-01-31 00:00:00,1380,22290,1040,343.49,22290,21250
AM002257,APP002,2025-03-03,2026-01-04 15:00:00,1393,36089,820,126.41,36089,35269
AM002258,APP008,2026-09-24,2025-10-02 04:00:00,1407,26649,843,47.03,26649,25806
AM002259,APP003,2025-07-22,2025-04-26 00:00:00,1394,28404,1076,68.75,28404,27328
AM002260,APP006,2025-05-26,2025-10-22 04:00:00,1392,34177,1410,305.09,34177,32767
AM002261,APP007,2025-01-13,2025-03-21 12:00:00,1397,48441,446,31.2,48441,47995
AM002262,APP003,2026-08-02,2026-12-19 08:00:00,1408,15394,105,23.16,15394,15289
AM002263,APP007,2025-05-29,2026-04-08 05:00:00,1424,35937,175,187.57,35937,35762
AM002264,APP005,2026-02-24,2025-10-06 22:00:00,1425,44724,2045,229.83,44724,42679
AM002265,APP004,2025-04-25,2026-07-30 22:00:00,1433,45352,1716,297.55,45352,43636
AM002266,APP001,2025-07-17,2026-05-28 07:00:00,1429,20483,492,29.79,20483,19991
AM002267,APP001,2026-04-07,2026-01-02 21:00:00,1387,28356,1103,148.0,28356,27253
AM002268,APP006,2025-04-26,2025-08-07 05:00:00,1383,44581,1324,130.68,44581,43257
AM002269,APP007,2026-07-13,2025-06-17 03:00:00,1393,19168,238,180.91,19168,18930
AM002270,APP005,2025-09-08,2025-11-01 18:00:00,1409,25896,1268,322.13,25896,24628
AM002271,APP003,2026-01-22,2026-03-02 12:00:00,1436,24423,400,277.25,24423,24023
AM002272,APP001,2026-11-22,2025-09-03 21:00:00,1433,5317,189,80.66,5317,5128
AM002273,APP005,2025-03-04,2025-06-17 08:00:00,1388,30907,1456,51.08,30907,29451
AM002274,APP005,2026-02-12,2025-12-06 22:00:00,1423,20367,267,153.36,20367,20100
AM002275,APP008,2025-01-11,2026-12-07 18:00:00,1395,48854,2064,109.02,48854,46790
AM002276,APP003,2025-08-25,2025-11-25 01:00:00,1397,42610,704,73.01,42610,41906
AM002277,APP006,2026-08-22,2026-08-24 14:00:00,1397,22295,816,302.65,22295,21479
AM002278,APP001,2026-08-29,2025-04-29 18:00:00,1386,24133,245,181.53,24133,23888
AM002279,APP001,2025-10-18,2026-07-27 09:00:00,1414,2546,119,150.12,2546,2427
AM002280,APP002,2026-01-08,2025-04-10 23:00:00,1431,49695,929,278.52,49695,48766
AM002281,APP006,2026-01-25,2025-10-16 02:00:00,1387,6562,16,79.03,6562,6546
AM002282,APP001,2026-12-25,2025-08-06 22:00:00,1405,31106,734,202.13,31106,30372
AM002283,APP002,2025-04-09,2026-07-22 22:00:00,1430,1603,80,169.55,1603,1523
AM002284,APP008,2025-06-07,2025-01-08 21:00:00,1414,3166,45,245.52,3166,3121
AM002285,APP001,2025-06-01,2025-06-27 13:00:00,1399,8178,63,48.58,8178,8115
AM002286,APP006,2025-03-19,2025-11-17 23:00:00,1407,28248,207,180.46,28248,28041
AM002287,APP004,2025-11-13,2025-06-21 20:00:00,1404,36871,156,339.61,36871,36715
AM002288,APP006,2025-12-21,2026-01-26 09:00:00,1380,37752,1055,64.43,37752,36697
AM002289,APP008,2026-10-24,2026-02-01 17:00:00,1402,26693,575,67.07,26693,26118
AM002290,APP001,2025-07-01,2025-05-21 05:00:00,1406,47076,890,176.56,47076,46186
AM002291,APP003,2026-11-14,2026-12-01 22:00:00,1397,14243,105,178.64,14243,14138
AM002292,APP004,2026-11-17,2026-05-19 14:00:00,1415,20013,264,33.75,20013,19749
AM002293,APP001,2025-09-12,2025-06-27 07:00:00,1396,21755,442,260.38,21755,21313
AM002294,APP002,2026-08-28,2026-02-04 08:00:00,1421,9115,154,103.29,9115,8961
AM002295,APP003,2026-10-24,2025-05-25 09:00:00,1417,35826,764,85.55,35826,35062
AM002296,APP007,2025-05-16,2026-02-16 19:00:00,1390,39837,1050,149.43,39837,38787
AM002297,APP008,2026-11-26,2025-06-15 08:00:00,1409,39422,1219,233.06,39422,38203
AM002298,APP006,2026-06-30,2026-06-08 12:00:00,1422,48568,1181,224.58,48568,47387
AM002299,APP006,2025-02-22,2025-05-24 02:00:00,1390,27400,101,200.18,27400,27299
AM002300,APP006,2025-02-21,2025-12-20 00:00:00,1405,41022,580,197.79,41022,40442
AM002301,APP007,2026-10-22,2025-02-14 07:00:00,1383,37507,924,144.95,37507,36583
AM002302,APP001,2025-03-15,2025-09-03 04:00:00,1394,41374,506,231.61,41374,40868
AM002303,APP007,2026-06-07,2025-10-23 14:00:00,1434,40208,1331,129.81,40208,38877
AM002304,APP007,2025-01-13,2026-07-02 14:00:00,1412,11793,297,261.58,11793,11496
AM002305,APP008,2025-11-05,2026-03-03 23:00:00,1394,5993,274,232.76,5993,5719
AM002306,APP002,2026-10-26,2025-09-25 22:00:00,1381,4810,58,237.28,4810,4752
AM002307,APP004,2026-06-12,2025-12-03 12:00:00,1407,24759,302,86.59,24759,24457
AM002308,APP004,2026-07-07,2025-11-23 13:00:00,1408,49116,521,118.59,49116,48595
AM002309,APP005,2026-10-10,2026-06-05 02:00:00,1436,42684,1064,285.31,42684,41620
AM002310,APP003,2025-09-10,2026-02-20 16:00:00,1411,14550,615,109.41,14550,13935
AM002311,APP007,2026-04-12,2026-10-16 09:00:00,1417,5328,39,146.42,5328,5289
AM002312,APP008,2026-06-05,2025-11-03 04:00:00,1403,37814,934,347.1,37814,36880
AM002313,APP005,2026-06-27,2025-01-24 03:00:00,1394,19123,694,60.26,19123,18429
AM002314,APP003,2026-12-22,2026-08-19 05:00:00,1421,34474,701,181.98,34474,33773
AM002315,APP008,2025-04-17,2025-05-07 01:00:00,1386,22061,1042,213.46,22061,21019
AM002316,APP006,2026-07-04,2025-06-08 05:00:00,1404,22502,633,265.22,22502,21869
AM002317,APP007,2025-09-05,2025-08-19 14:00:00,1403,20472,143,71.22,20472,20329
AM002318,APP002,2026-03-10,2026-06-13 00:00:00,1409,25566,578,46.72,25566,24988
AM002319,APP005,2025-01-09,2026-06-13 01:00:00,1432,38150,1150,297.25,38150,37000
AM002320,APP001,2025-09-19,2026-08-20 12:00:00,1410,40920,2008,201.05,40920,38912
AM002321,APP007,2026-02-19,2025-08-29 16:00:00,1398,15870,227,235.87,15870,15643
AM002322,APP005,2026-09-25,2026-07-01 20:00:00,1385,13411,146,47.03,13411,13265
AM002323,APP005,2026-09-19,2025-01-23 09:00:00,1380,42454,318,232.03,42454,42136
AM002324,APP002,2025-08-28,2025-02-22 21:00:00,1393,44700,1580,165.39,44700,43120
AM002325,APP008,2025-08-15,2025-10-29 08:00:00,1411,8227,320,123.57,8227,7907
AM002326,APP006,2025-12-31,2025-05-16 20:00:00,1420,41727,1221,123.12,41727,40506
AM002327,APP001,2026-04-17,2025-04-25 22:00:00,1432,47608,402,255.63,47608,47206
AM002328,APP003,2025-01-07,2025-11-23 09:00:00,1384,4142,85,47.05,4142,4057
AM002329,APP005,2026-09-08,2025-08-12 15:00:00,1409,12404,467,273.51,12404,11937
AM002330,APP005,2025-08-09,2025-10-22 12:00:00,1405,48843,185,290.82,48843,48658
AM002331,APP006,2025-10-20,2025-01-08 00:00:00,1419,40236,440,267.64,40236,39796
AM002332,APP008,2026-03-29,2025-07-28 20:00:00,1421,38162,1300,122.89,38162,36862
AM002333,APP007,2025-09-29,2026-12-18 08:00:00,1415,28392,1131,206.08,28392,27261
AM002334,APP007,2026-04-01,2026-03-12 05:00:00,1410,21922,536,236.26,21922,21386
AM002335,APP003,2025-10-16,2026-02-12 12:00:00,1439,9722,75,267.24,9722,9647
AM002336,APP005,2025-07-02,2025-12-17 09:00:00,1391,44140,1443,126.92,44140,42697
AM002337,APP004,2026-09-21,2026-03-13 13:00:00,1385,1545,35,261.37,1545,1510
AM002338,APP005,2025-08-07,2025-10-29 22:00:00,1438,45029,1275,173.62,45029,43754
AM002339,APP004,2025-01-12,2026-04-11 17:00:00,1409,46038,1157,205.22,46038,44881
AM002340,APP008,2025-03-10,2025-02-25 21:00:00,1413,28205,1335,181.45,28205,26870
AM002341,APP001,2026-05-16,2025-06-03 19:00:00,1439,25361,140,155.43,25361,25221
AM002342,APP007,2025-06-23,2026-11-02 05:00:00,1389,2910,127,254.66,2910,2783
AM002343,APP002,2025-10-03,2025-05-31 18:00:00,1386,35797,1565,97.66,35797,34232
AM002344,APP005,2026-03-12,2025-12-24 06:00:00,1423,11648,111,209.09,11648,11537
AM002345,APP008,2026-02-19,2025-08-05 03:00:00,1414,39481,255,239.45,39481,39226
AM002346,APP007,2026-03-10,2026-01-02 02:00:00,1382,13361,58,36.29,13361,13303
AM002347,APP008,2025-10-31,2025-12-03 06:00:00,1422,49901,1064,293.22,49901,48837
AM002348,APP006,2026-11-20,2025-03-31 15:00:00,1421,30499,708,98.07,30499,29791
AM002349,APP008,2026-01-25,2025-09-26 20:00:00,1382,4656,34,22.89,4656,4622
AM002350,APP004,2025-01-07,2025-07-17 20:00:00,1437,31446,150,322.14,31446,31296
AM002351,APP006,2026-10-02,2025-04-05 21:00:00,1402,42274,1057,121.97,42274,41217
AM002352,APP004,2026-04-11,2026-07-22 06:00:00,1416,36308,451,42.35,36308,35857
AM002353,APP006,2026-01-06,2025-12-20 21:00:00,1436,7362,162,175.09,7362,7200
AM002354,APP005,2025-07-24,2026-11-12 06:00:00,1394,48358,2407,318.09,48358,45951
AM002355,APP003,2026-10-27,2025-03-05 19:00:00,1433,2248,5,303.44,2248,2243
AM002356,APP001,2025-01-15,2025-03-12 17:00:00,1386,36815,1508,255.49,36815,35307
AM002357,APP005,2025-11-16,2025-10-27 18:00:00,1398,15870,645,200.0,15870,15225
AM002358,APP002,2026-06-05,2026-08-25 03:00:00,1419,18432,299,343.18,18432,18133
AM002359,APP006,2025-11-21,2026-07-06 10:00:00,1423,39375,1635,57.85,39375,37740
AM002360,APP008,2025-03-03,2025-09-14 20:00:00,1408,28038,147,331.62,28038,27891
AM002361,APP007,2025-02-01,2026-04-06 21:00:00,1381,22281,409,159.7,22281,21872
AM002362,APP001,2026-12-11,2026-12-25 00:00:00,1389,8891,201,15.53,8891,8690
AM002363,APP007,2025-10-18,2026-05-04 11:00:00,1410,19869,971,22.36,19869,18898
AM002364,APP007,2025-04-18,2026-09-13 10:00:00,1428,39159,1267,147.45,39159,37892
AM002365,APP008,2026-01-04,2026-06-08 13:00:00,1435,35486,723,192.64,35486,34763
AM002366,APP005,2025-04-01,2025-07-19 13:00:00,1423,39197,65,143.37,39197,39132
AM002367,APP007,2026-01-08,2025-02-11 00:00:00,1428,10280,223,155.15,10280,10057
AM002368,APP004,2025-10-15,2025-01-18 11:00:00,1429,37947,1428,108.24,37947,36519
AM002369,APP001,2026-11-04,2026-12-22 12:00:00,1406,19678,333,92.13,19678,19345
AM002370,APP008,2026-04-04,2026-04-22 03:00:00,1421,13763,565,188.89,13763,13198
AM002371,APP004,2025-05-04,2026-05-25 06:00:00,1393,31574,1259,268.91,31574,30315
AM002372,APP004,2026-07-12,2026-09-22 14:00:00,1413,49923,511,188.54,49923,49412
AM002373,APP005,2025-04-08,2025-08-23 14:00:00,1409,35670,1734,69.71,35670,33936
AM002374,APP002,2025-03-22,2026-11-25 18:00:00,1404,7550,345,117.17,7550,7205
AM002375,APP008,2025-12-10,2025-10-01 11:00:00,1411,14596,261,307.44,14596,14335
AM002376,APP003,2026-04-16,2026-07-03 12:00:00,1389,46160,459,164.25,46160,45701
AM002377,APP002,2025-10-23,2025-11-20 15:00:00,1425,42159,1034,139.55,42159,41125
AM002378,APP007,2026-07-23,2025-09-04 10:00:00,1436,17725,735,289.75,17725,16990
AM002379,APP007,2025-05-30,2025-09-03 07:00:00,1411,27890,377,334.56,27890,27513
AM002380,APP003,2025-04-09,2025-07-08 18:00:00,1399,1581,14,146.36,1581,1567
AM002381,APP006,2026-04-15,2026-08-01 11:00:00,1403,21707,389,27.69,21707,21318
AM002382,APP002,2026-03-02,2026-01-19 07:00:00,1412,28177,1380,236.05,28177,26797
AM002383,APP002,2026-12-24,2026-08-02 11:00:00,1394,37343,1324,184.81,37343,36019
AM002384,APP005,2025-01-25,2026-01-23 08:00:00,1385,48318,1991,35.24,48318,46327
AM002385,APP008,2026-03-11,2026-02-28 08:00:00,1395,46646,229,154.35,46646,46417
AM002386,APP005,2025-07-04,2025-12-16 11:00:00,1439,22487,304,208.7,22487,22183
AM002387,APP007,2025-03-25,2025-07-10 04:00:00,1426,36761,1547,67.59,36761,35214
AM002388,APP006,2026-03-04,2026-02-01 17:00:00,1381,20151,398,342.91,20151,19753
AM002389,APP005,2025-09-23,2025-02-03 05:00:00,1425,32280,1500,189.54,32280,30780
AM002390,APP006,2025-10-07,2026-12-11 02:00:00,1415,28374,565,197.13,28374,27809
AM002391,APP001,2026-05-30,2025-01-27 07:00:00,1403,46894,1932,348.31,46894,44962
AM002392,APP006,2026-05-17,2025-09-17 20:00:00,1418,48570,604,152.96,48570,47966
AM002393,APP002,2026-08-13,2025-10-09 10:00:00,1437,8118,229,57.02,8118,7889
AM002394,APP008,2025-08-07,2025-12-25 06:00:00,1426,19080,754,232.73,19080,18326
AM002395,APP006,2026-03-16,2026-12-09 22:00:00,1429,41228,1987,22.7,41228,39241
AM002396,APP001,2026-01-12,2025-09-01 17:00:00,1430,33332,1093,59.47,33332,32239
AM002397,APP001,2026-03-16,2026-12-04 09:00:00,1428,34586,42,116.58,34586,34544
AM002398,APP008,2025-09-10,2026-10-09 22:00:00,1420,3992,136,114.59,3992,3856
AM002399,APP008,2025-08-23,2025-07-14 23:00:00,1420,11836,469,281.53,11836,11367
AM002400,APP005,2026-08-27,2026-08-04 18:00:00,1385,37387,755,142.26,37387,36632
AM002401,APP005,2025-05-12,2025-07-05 22:00:00,1424,33502,997,191.33,33502,32505
AM002402,APP004,2026-10-02,2026-12-19 16:00:00,1389,26784,427,69.02,26784,26357
AM002403,APP006,2026-02-20,2026-07-30 14:00:00,1406,22373,579,153.68,22373,21794
AM002404,APP001,2025-07-27,2025-07-03 13:00:00,1432,38396,1479,88.55,38396,36917
AM002405,APP001,2025-09-30,2025-10-02 23:00:00,1403,3530,30,175.88,3530,3500
AM002406,APP002,2026-03-25,2026-09-09 06:00:00,1399,44366,905,28.44,44366,43461
AM002407,APP005,2025-02-01,2025-08-22 19:00:00,1418,20473,656,273.91,20473,19817
AM002408,APP006,2025-06-04,2026-11-29 05:00:00,1416,36330,1202,194.37,36330,35128
AM002409,APP001,2026-06-16,2025-06-08 05:00:00,1410,31523,175,220.89,31523,31348
AM002410,APP006,2026-09-21,2026-05-11 21:00:00,1394,36596,881,89.44,36596,35715
AM002411,APP008,2025-03-05,2026-11-14 06:00:00,1416,16353,107,118.36,16353,16246
AM002412,APP005,2026-04-24,2025-06-06 18:00:00,1416,18018,699,59.41,18018,17319
AM002413,APP004,2025-07-29,2025-12-19 19:00:00,1384,12962,249,282.06,12962,12713
AM002414,APP002,2025-04-28,2026-06-29 19:00:00,1420,24895,169,126.37,24895,24726
AM002415,APP003,2026-05-16,2025-03-24 01:00:00,1429,34257,1195,127.55,34257,33062
AM002416,APP001,2026-03-17,2026-04-15 08:00:00,1389,30200,1362,60.01,30200,28838
AM002417,APP004,2026-06-25,2026-01-24 02:00:00,1432,19396,391,185.04,19396,19005
AM002418,APP005,2025-03-22,2025-10-24 22:00:00,1412,28492,753,92.09,28492,27739
AM002419,APP001,2026-08-23,2025-09-23 09:00:00,1420,29882,1265,31.52,29882,28617
AM002420,APP003,2026-06-23,2025-07-27 03:00:00,1400,39288,1821,51.11,39288,37467
AM002421,APP008,2025-02-25,2025-06-19 04:00:00,1382,23425,1080,259.79,23425,22345
AM002422,APP005,2025-08-31,2026-12-26 02:00:00,1406,7625,177,120.88,7625,7448
AM002423,APP001,2026-12-23,2026-05-30 17:00:00,1389,45585,1031,39.5,45585,44554
AM002424,APP001,2026-02-26,2025-11-12 13:00:00,1419,3158,124,230.87,3158,3034
AM002425,APP002,2025-08-16,2025-02-28 20:00:00,1422,14653,417,238.34,14653,14236
AM002426,APP005,2026-01-16,2025-03-16 23:00:00,1393,15665,712,342.15,15665,14953
AM002427,APP003,2025-04-14,2026-08-02 19:00:00,1410,49269,848,125.66,49269,48421
AM002428,APP004,2025-12-01,2026-06-12 11:00:00,1436,42752,667,57.76,42752,42085
AM002429,APP004,2026-07-02,2026-12-26 06:00:00,1405,32293,174,296.54,32293,32119
AM002430,APP003,2026-09-29,2025-04-01 02:00:00,1431,17345,415,70.25,17345,16930
AM002431,APP001,2026-04-16,2026-07-03 10:00:00,1383,44732,2032,277.94,44732,42700
AM002432,APP002,2026-11-04,2025-06-03 13:00:00,1401,36603,497,233.07,36603,36106
AM002433,APP007,2026-05-18,2025-11-28 00:00:00,1409,21096,303,61.18,21096,20793
AM002434,APP007,2025-07-24,2025-12-18 15:00:00,1415,47799,1543,104.53,47799,46256
AM002435,APP008,2025-05-05,2026-03-06 00:00:00,1437,24518,1158,178.86,24518,23360
AM002436,APP005,2026-01-03,2025-01-30 02:00:00,1434,14919,439,101.26,14919,14480
AM002437,APP003,2026-05-07,2026-08-25 17:00:00,1394,7871,186,226.76,7871,7685
AM002438,APP007,2025-06-17,2025-10-07 03:00:00,1391,23205,856,276.69,23205,22349
AM002439,APP003,2026-01-27,2025-05-23 04:00:00,1429,36318,1317,119.08,36318,35001
AM002440,APP003,2025-06-12,2025-11-07 09:00:00,1412,43338,1422,219.57,43338,41916
AM002441,APP002,2025-09-22,2025-05-15 22:00:00,1415,11317,70,223.11,11317,11247
AM002442,APP003,2026-05-19,2026-01-09 21:00:00,1380,29538,1189,91.34,29538,28349
AM002443,APP003,2025-08-04,2025-09-10 13:00:00,1417,14126,480,326.12,14126,13646
AM002444,APP003,2025-12-13,2026-12-15 22:00:00,1389,30961,736,270.04,30961,30225
AM002445,APP006,2025-06-27,2026-02-25 16:00:00,1421,41248,1149,283.22,41248,40099
AM002446,APP005,2026-07-07,2026-10-12 04:00:00,1390,11536,388,193.21,11536,11148
AM002447,APP003,2025-05-09,2026-08-19 23:00:00,1388,10555,285,305.39,10555,10270
AM002448,APP006,2025-10-01,2026-02-23 12:00:00,1414,15980,467,171.37,15980,15513
AM002449,APP003,2025-11-18,2026-06-19 04:00:00,1427,37664,714,192.06,37664,36950
AM002450,APP005,2026-08-16,2025-05-04 19:00:00,1426,36668,729,290.07,36668,35939
AM002451,APP003,2026-05-10,2025-07-23 16:00:00,1421,13528,264,39.26,13528,13264
AM002452,APP002,2025-05-09,2025-07-25 04:00:00,1398,7118,325,313.72,7118,6793
AM002453,APP002,2025-11-07,2025-09-12 10:00:00,1438,37531,1062,39.29,37531,36469
AM002454,APP007,2026-03-20,2026-04-23 11:00:00,1382,23993,732,122.14,23993,23261
AM002455,APP001,2026-06-01,2026-01-15 06:00:00,1416,4660,164,218.35,4660,4496
AM002456,APP005,2026-12-09,2026-06-06 00:00:00,1382,10750,382,280.73,10750,10368
AM002457,APP005,2026-05-16,2026-04-10 20:00:00,1408,36418,819,287.77,36418,35599
AM002458,APP005,2025-04-23,2026-04-06 06:00:00,1394,7121,217,77.74,7121,6904
AM002459,APP008,2026-08-30,2025-12-22 15:00:00,1383,44724,164,322.32,44724,44560
AM002460,APP002,2026-02-14,2025-10-24 18:00:00,1423,36893,715,58.49,36893,36178
AM002461,APP001,2026-07-05,2026-02-12 03:00:00,1405,40769,1058,266.63,40769,39711
AM002462,APP008,2026-05-26,2026-04-02 18:00:00,1425,35350,1022,249.17,35350,34328
AM002463,APP006,2025-03-23,2025-02-16 10:00:00,1414,21990,113,192.26,21990,21877
AM002464,APP004,2025-06-25,2026-08-06 20:00:00,1396,40277,1064,56.68,40277,39213
AM002465,APP007,2026-02-09,2026-10-01 00:00:00,1391,9958,78,279.58,9958,9880
AM002466,APP008,2025-09-11,2025-02-25 13:00:00,1416,42372,1067,256.42,42372,41305
AM002467,APP003,2026-09-05,2026-05-28 11:00:00,1398,1264,40,207.61,1264,1224
AM002468,APP008,2026-09-21,2025-10-25 19:00:00,1439,16003,545,232.7,16003,15458
AM002469,APP006,2026-03-28,2025-03-09 21:00:00,1388,4485,161,40.59,4485,4324
AM002470,APP007,2025-10-04,2025-11-08 11:00:00,1392,15612,495,320.3,15612,15117
AM002471,APP006,2026-11-03,2026-02-28 10:00:00,1428,6502,220,247.91,6502,6282
AM002472,APP003,2025-07-25,2025-09-26 21:00:00,1438,33627,1094,176.38,33627,32533
AM002473,APP004,2025-09-28,2026-05-15 15:00:00,1410,24620,1041,304.48,24620,23579
AM002474,APP005,2025-02-16,2026-05-18 18:00:00,1410,13235,45,159.16,13235,13190
AM002475,APP002,2025-02-02,2025-08-28 00:00:00,1424,12247,495,298.84,12247,11752
AM002476,APP007,2026-11-25,2025-06-30 01:00:00,1405,1701,47,51.58,1701,1654
AM002477,APP004,2026-12-28,2025-11-21 08:00:00,1399,24352,915,247.91,24352,23437
AM002478,APP004,2026-05-13,2025-10-11 13:00:00,1389,11241,395,166.08,11241,10846
AM002479,APP001,2025-11-26,2026-05-16 13:00:00,1429,16934,478,193.58,16934,16456
AM002480,APP005,2026-01-07,2026-07-26 07:00:00,1414,41107,281,51.76,41107,40826
AM002481,APP004,2026-07-24,2025-05-28 05:00:00,1409,48671,1144,154.48,48671,47527
AM002482,APP006,2025-08-19,2025-01-14 23:00:00,1420,42589,1106,51.14,42589,41483
AM002483,APP001,2025-05-19,2026-09-11 05:00:00,1421,3657,26,85.63,3657,3631
AM002484,APP008,2025-08-16,2025-12-02 20:00:00,1386,47782,450,300.35,47782,47332
AM002485,APP007,2026-07-25,2026-02-09 04:00:00,1396,43649,825,52.89,43649,42824
AM002486,APP002,2025-10-02,2026-12-09 07:00:00,1398,30068,968,261.06,30068,29100
AM002487,APP008,2026-11-21,2026-02-01 15:00:00,1437,23768,190,275.26,23768,23578
AM002488,APP002,2025-04-16,2026-10-28 20:00:00,1389,44560,1766,264.6,44560,42794
AM002489,APP004,2026-05-30,2025-10-27 22:00:00,1405,28863,202,111.95,28863,28661
AM002490,APP005,2025-03-08,2026-09-16 14:00:00,1427,36056,123,45.92,36056,35933
AM002491,APP006,2026-08-28,2025-01-05 02:00:00,1404,35597,1548,249.31,35597,34049
AM002492,APP001,2025-05-30,2026-08-24 23:00:00,1406,20433,751,17.07,20433,19682
AM002493,APP003,2026-09-02,2026-05-03 14:00:00,1438,14746,659,73.34,14746,14087
AM002494,APP008,2025-09-25,2025-07-20 14:00:00,1434,12606,65,191.13,12606,12541
AM002495,APP001,2026-08-01,2025-01-22 00:00:00,1419,39645,819,68.15,39645,38826
AM002496,APP007,2025-01-08,2025-01-26 13:00:00,1416,34145,917,307.38,34145,33228
AM002497,APP007,2026-03-30,2025-03-19 20:00:00,1414,23053,395,279.65,23053,22658
AM002498,APP003,2025-10-14,2026-01-19 18:00:00,1403,28881,1406,283.67,28881,27475
AM002499,APP003,2026-08-19,2025-09-30 05:00:00,1403,11760,333,238.24,11760,11427
AM002500,APP007,2026-04-06,2025-08-24 13:00:00,1422,37051,998,255.3,37051,36053
AM002501,APP008,2026-12-25,2026-06-20 11:00:00,1398,36164,658,311.53,36164,35506
AM002502,APP007,2026-02-26,2026-08-31 00:00:00,1427,49522,514,173.54,49522,49008
AM002503,APP002,2026-12-12,2026-11-30 18:00:00,1381,49072,802,298.57,49072,48270
AM002504,APP004,2026-04-27,2026-01-14 10:00:00,1427,32434,991,113.3,32434,31443
AM002505,APP002,2026-03-24,2025-03-17 15:00:00,1435,11932,414,46.22,11932,11518
AM002506,APP005,2025-05-15,2026-01-02 04:00:00,1437,34077,744,53.34,34077,33333
AM002507,APP002,2025-04-16,2025-03-01 03:00:00,1422,14007,507,275.94,14007,13500
AM002508,APP008,2025-06-18,2026-07-30 17:00:00,1419,34381,1275,289.38,34381,33106
AM002509,APP001,2025-11-02,2026-05-24 05:00:00,1396,31064,743,218.1,31064,30321
AM002510,APP008,2025-01-19,2026-12-31 08:00:00,1396,19492,141,327.91,19492,19351
AM002511,APP006,2026-11-07,2025-04-13 11:00:00,1411,11873,425,70.84,11873,11448
AM002512,APP008,2026-01-23,2026-08-14 15:00:00,1382,30528,82,154.16,30528,30446
AM002513,APP005,2026-03-20,2026-12-09 15:00:00,1387,26078,1246,154.51,26078,24832
AM002514,APP008,2025-10-01,2026-03-21 06:00:00,1422,46291,1026,318.9,46291,45265
AM002515,APP006,2026-10-29,2026-02-14 18:00:00,1386,36830,1778,130.83,36830,35052
AM002516,APP005,2025-05-13,2025-04-16 16:00:00,1402,37741,874,110.47,37741,36867
AM002517,APP002,2026-05-06,2026-11-22 23:00:00,1428,5484,171,137.11,5484,5313
AM002518,APP006,2025-10-18,2025-12-22 13:00:00,1400,35060,1496,158.14,35060,33564
AM002519,APP005,2025-11-25,2025-09-20 07:00:00,1401,34216,289,305.86,34216,33927
AM002520,APP008,2025-05-05,2026-08-31 07:00:00,1413,12262,350,60.06,12262,11912
AM002521,APP005,2026-02-08,2026-11-21 11:00:00,1413,9681,435,334.17,9681,9246
AM002522,APP006,2026-05-07,2025-03-28 23:00:00,1388,49220,605,331.33,49220,48615
AM002523,APP004,2025-01-24,2026-06-24 00:00:00,1437,38805,807,103.7,38805,37998
AM002524,APP005,2025-01-04,2026-05-21 13:00:00,1414,31061,676,262.0,31061,30385
AM002525,APP005,2026-02-14,2025-09-06 05:00:00,1417,22760,583,86.02,22760,22177
AM002526,APP001,2025-04-21,2026-04-03 17:00:00,1432,24022,581,190.34,24022,23441
AM002527,APP008,2026-06-12,2026-02-14 21:00:00,1416,41106,738,208.42,41106,40368
AM002528,APP008,2025-01-21,2026-03-05 14:00:00,1431,17671,120,124.84,17671,17551
AM002529,APP007,2026-01-13,2026-08-31 00:00:00,1396,34439,997,38.67,34439,33442
AM002530,APP002,2025-04-16,2025-07-12 00:00:00,1424,29923,93,296.32,29923,29830
AM002531,APP008,2026-01-16,2025-10-23 02:00:00,1432,34891,1281,244.55,34891,33610
AM002532,APP002,2026-03-07,2026-04-15 18:00:00,1430,23098,909,142.5,23098,22189
AM002533,APP003,2026-12-04,2025-09-30 20:00:00,1414,36819,873,275.57,36819,35946
AM002534,APP005,2026-08-29,2026-04-19 06:00:00,1415,37520,1533,69.47,37520,35987
AM002535,APP005,2026-07-07,2025-07-28 11:00:00,1436,9799,237,256.93,9799,9562
AM002536,APP001,2025-08-12,2026-12-16 15:00:00,1433,27555,190,107.39,27555,27365
AM002537,APP002,2025-02-13,2025-08-23 04:00:00,1396,5860,251,113.93,5860,5609
AM002538,APP005,2025-07-14,2025-11-06 13:00:00,1390,25651,525,79.6,25651,25126
AM002539,APP008,2025-12-06,2025-09-27 02:00:00,1417,7188,273,223.01,7188,6915
AM002540,APP002,2026-10-01,2026-09-11 18:00:00,1416,16046,47,271.33,16046,15999
AM002541,APP001,2026-07-26,2025-08-15 07:00:00,1438,15970,422,301.71,15970,15548
AM002542,APP004,2025-08-19,2025-09-16 14:00:00,1413,25741,462,79.42,25741,25279
AM002543,APP002,2026-05-02,2025-10-06 22:00:00,1389,1182,45,148.22,1182,1137
AM002544,APP006,2025-04-15,2025-10-04 05:00:00,1426,41315,517,55.88,41315,40798
AM002545,APP004,2025-10-20,2025-11-28 06:00:00,1435,25755,1040,127.43,25755,24715
AM002546,APP008,2026-12-13,2025-07-21 14:00:00,1408,45036,1620,145.11,45036,43416
AM002547,APP001,2026-12-18,2026-12-06 06:00:00,1409,32005,273,291.29,32005,31732
AM002548,APP008,2025-04-12,2026-04-21 19:00:00,1407,40358,1023,306.83,40358,39335
AM002549,APP008,2026-12-21,2026-07-19 17:00:00,1412,29096,888,68.61,29096,28208
AM002550,APP005,2025-11-24,2026-08-15 23:00:00,1422,14313,247,303.63,14313,14066
AM002551,APP001,2025-08-25,2025-06-11 01:00:00,1419,25131,849,224.52,25131,24282
AM002552,APP007,2026-02-16,2025-01-20 15:00:00,1396,31081,608,129.13,31081,30473
AM002553,APP001,2025-02-12,2025-08-06 16:00:00,1434,18250,228,275.09,18250,18022
AM002554,APP007,2025-12-30,2025-01-24 09:00:00,1393,12952,43,230.47,12952,12909
AM002555,APP007,2025-06-24,2026-11-30 14:00:00,1422,29873,368,228.54,29873,29505
AM002556,APP006,2025-11-26,2026-01-17 20:00:00,1405,17177,199,78.75,17177,16978
AM002557,APP007,2026-03-23,2026-11-20 23:00:00,1409,10359,473,267.6,10359,9886
AM002558,APP006,2026-05-05,2026-05-18 01:00:00,1402,46560,1471,176.89,46560,45089
AM002559,APP001,2025-07-03,2026-08-21 22:00:00,1393,47944,1690,189.02,47944,46254
AM002560,APP007,2026-09-30,2026-08-22 10:00:00,1399,44983,1761,137.36,44983,43222
AM002561,APP006,2026-07-28,2025-03-07 11:00:00,1439,27575,601,186.31,27575,26974
AM002562,APP007,2026-08-07,2025-02-16 19:00:00,1388,5534,147,49.14,5534,5387
AM002563,APP004,2026-12-13,2026-03-14 00:00:00,1425,37154,183,336.57,37154,36971
AM002564,APP002,2026-05-29,2026-03-18 08:00:00,1407,3269,36,269.06,3269,3233
AM002565,APP008,2026-03-27,2025-12-25 21:00:00,1406,39170,696,151.85,39170,38474
AM002566,APP006,2026-11-23,2026-05-23 22:00:00,1407,4196,166,132.72,4196,4030
AM002567,APP002,2025-09-25,2026-07-08 11:00:00,1439,16154,94,299.97,16154,16060
AM002568,APP008,2025-12-28,2025-01-20 11:00:00,1403,5031,52,245.19,5031,4979
AM002569,APP007,2026-01-23,2026-06-25 23:00:00,1396,42773,903,31.96,42773,41870
AM002570,APP008,2026-01-29,2025-02-21 13:00:00,1415,18011,306,137.09,18011,17705
AM002571,APP003,2026-11-09,2026-03-03 20:00:00,1394,2172,93,206.62,2172,2079
AM002572,APP004,2026-11-06,2025-12-02 11:00:00,1400,35042,548,18.8,35042,34494
AM002573,APP001,2026-05-16,2026-04-01 03:00:00,1437,49524,341,333.87,49524,49183
AM002574,APP003,2025-11-27,2026-08-02 19:00:00,1429,2315,26,336.27,2315,2289
AM002575,APP007,2025-12-04,2026-12-08 20:00:00,1385,48691,518,56.75,48691,48173
AM002576,APP003,2025-11-07,2025-12-06 17:00:00,1432,30694,113,66.97,30694,30581
AM002577,APP008,2026-02-21,2025-01-03 01:00:00,1381,5334,58,257.21,5334,5276
AM002578,APP008,2025-12-30,2025-09-06 16:00:00,1421,5886,110,228.32,5886,5776
AM002579,APP007,2026-01-07,2026-11-12 16:00:00,1402,45440,74,194.98,45440,45366
AM002580,APP001,2026-10-29,2025-02-05 15:00:00,1414,6846,292,217.84,6846,6554
AM002581,APP004,2026-05-14,2025-07-24 21:00:00,1417,43055,91,154.23,43055,42964
AM002582,APP001,2026-02-21,2025-11-16 19:00:00,1384,42195,736,327.22,42195,41459
AM002583,APP005,2026-04-20,2025-03-09 03:00:00,1405,25770,741,210.1,25770,25029
AM002584,APP007,2025-09-21,2025-08-30 11:00:00,1405,46909,1399,206.12,46909,45510
AM002585,APP008,2025-05-12,2026-10-02 03:00:00,1402,49518,1128,304.68,49518,48390
AM002586,APP004,2025-12-08,2025-09-26 15:00:00,1438,27769,496,261.38,27769,27273
AM002587,APP006,2025-04-14,2025-02-21 23:00:00,1405,10705,517,84.85,10705,10188
AM002588,APP005,2025-09-20,2025-05-02 21:00:00,1397,44926,1517,183.78,44926,43409
AM002589,APP006,2025-03-09,2026-07-15 19:00:00,1394,29266,674,312.48,29266,28592
AM002590,APP005,2026-02-11,2025-07-18 11:00:00,1387,35090,695,60.38,35090,34395
AM002591,APP003,2026-05-21,2025-05-08 20:00:00,1418,46151,253,149.2,46151,45898
AM002592,APP003,2025-04-27,2025-01-05 13:00:00,1408,7981,36,133.09,7981,7945
AM002593,APP006,2026-04-30,2025-11-03 03:00:00,1439,4609,41,251.31,4609,4568
AM002594,APP002,2025-02-13,2025-08-12 12:00:00,1385,3781,168,60.47,3781,3613
AM002595,APP003,2026-09-09,2025-10-23 06:00:00,1426,41906,1357,84.44,41906,40549
AM002596,APP006,2025-11-29,2026-04-02 20:00:00,1388,27717,1092,73.73,27717,26625
AM002597,APP003,2025-04-02,2025-12-25 20:00:00,1381,44232,1653,243.66,44232,42579
AM002598,APP008,2025-08-29,2026-08-21 08:00:00,1423,5181,19,258.41,5181,5162
AM002599,APP008,2026-08-26,2025-11-24 05:00:00,1427,8675,36,276.54,8675,8639
AM002600,APP005,2025-08-01,2026-03-11 10:00:00,1402,17699,514,309.27,17699,17185
AM002601,APP002,2026-08-29,2025-05-04 20:00:00,1386,44440,445,149.55,44440,43995
AM002602,APP003,2026-11-09,2025-10-03 17:00:00,1435,16049,785,335.65,16049,15264
AM002603,APP005,2025-12-02,2025-08-05 22:00:00,1391,1696,5,311.46,1696,1691
AM002604,APP005,2025-07-21,2026-09-15 01:00:00,1424,49125,2266,152.28,49125,46859
AM002605,APP007,2026-01-17,2025-04-10 00:00:00,1410,20413,507,263.69,20413,19906
AM002606,APP006,2025-04-23,2025-06-03 00:00:00,1411,43704,387,17.19,43704,43317
AM002607,APP004,2025-09-26,2025-10-05 07:00:00,1385,8800,239,183.64,8800,8561
AM002608,APP003,2026-10-30,2026-05-20 09:00:00,1381,2799,126,46.27,2799,2673
AM002609,APP002,2026-10-27,2026-03-05 09:00:00,1419,20706,607,146.04,20706,20099
AM002610,APP008,2025-04-01,2025-08-07 06:00:00,1399,6769,102,139.25,6769,6667
AM002611,APP005,2026-03-02,2025-02-24 02:00:00,1395,4000,186,241.63,4000,3814
AM002612,APP004,2025-12-24,2025-12-20 12:00:00,1393,21730,1002,23.09,21730,20728
AM002613,APP001,2025-01-13,2025-11-25 02:00:00,1432,24587,426,167.44,24587,24161
AM002614,APP005,2026-06-08,2026-12-10 17:00:00,1419,39881,637,87.39,39881,39244
AM002615,APP007,2026-02-22,2026-06-28 09:00:00,1409,30731,758,51.2,30731,29973
AM002616,APP005,2026-11-15,2026-05-03 14:00:00,1414,44499,155,322.52,44499,44344
AM002617,APP003,2025-04-11,2026-01-20 22:00:00,1421,26993,110,18.27,26993,26883
AM002618,APP002,2025-04-22,2026-06-12 02:00:00,1401,23363,730,46.87,23363,22633
AM002619,APP004,2025-07-01,2025-08-24 03:00:00,1396,43689,73,116.45,43689,43616
AM002620,APP003,2025-10-24,2026-03-02 07:00:00,1394,22003,949,96.15,22003,21054
AM002621,APP008,2026-09-17,2025-10-11 18:00:00,1402,7751,174,65.34,7751,7577
AM002622,APP004,2026-05-14,2026-12-26 01:00:00,1394,14012,20,174.95,14012,13992
AM002623,APP007,2025-04-11,2026-12-23 05:00:00,1415,36341,1177,282.12,36341,35164
AM002624,APP007,2026-06-23,2026-10-19 21:00:00,1403,31740,1534,279.21,31740,30206
AM002625,APP005,2025-10-27,2026-10-31 21:00:00,1427,1713,41,40.01,1713,1672
AM002626,APP004,2026-09-04,2026-05-17 12:00:00,1429,18563,729,284.85,18563,17834
AM002627,APP008,2026-06-18,2026-05-17 14:00:00,1406,40413,1936,18.95,40413,38477
AM002628,APP001,2026-11-19,2025-10-24 01:00:00,1409,38553,469,110.16,38553,38084
AM002629,APP003,2026-06-26,2025-04-07 11:00:00,1403,42697,1584,57.98,42697,41113
AM002630,APP003,2026-01-08,2025-11-13 14:00:00,1401,43352,281,275.38,43352,43071
AM002631,APP002,2026-05-07,2026-11-09 17:00:00,1423,1514,44,348.2,1514,1470
AM002632,APP007,2025-06-12,2025-06-26 14:00:00,1393,38748,744,207.79,38748,38004
AM002633,APP005,2026-06-11,2026-08-30 21:00:00,1424,35845,136,76.28,35845,35709
AM002634,APP002,2026-06-21,2025-08-17 00:00:00,1396,24223,1089,348.75,24223,23134
AM002635,APP002,2025-05-01,2026-03-16 04:00:00,1383,28934,1095,256.47,28934,27839
AM002636,APP003,2026-04-15,2025-01-12 10:00:00,1383,17100,728,40.4,17100,16372
AM002637,APP005,2026-10-21,2025-02-17 09:00:00,1415,39872,1975,143.56,39872,37897
AM002638,APP005,2026-01-01,2025-05-23 16:00:00,1383,39612,1260,208.32,39612,38352
AM002639,APP006,2026-07-10,2026-01-06 09:00:00,1397,26646,534,262.05,26646,26112
AM002640,APP008,2025-12-18,2025-02-04 22:00:00,1430,19526,566,240.86,19526,18960
AM002641,APP003,2025-12-10,2026-03-01 07:00:00,1421,10600,279,130.87,10600,10321
AM002642,APP001,2026-03-25,2025-10-03 10:00:00,1434,18060,444,344.53,18060,17616
AM002643,APP002,2025-02-07,2026-04-19 13:00:00,1406,44196,1993,29.75,44196,42203
AM002644,APP005,2026-09-07,2026-05-07 16:00:00,1414,12268,414,182.06,12268,11854
AM002645,APP004,2025-12-30,2026-09-19 08:00:00,1430,11301,545,48.28,11301,10756
AM002646,APP006,2026-10-29,2025-03-30 18:00:00,1434,29673,145,218.33,29673,29528
AM002647,APP008,2026-07-28,2026-04-11 05:00:00,1388,8809,143,44.5,8809,8666
AM002648,APP006,2025-03-18,2025-11-13 00:00:00,1434,3652,132,325.91,3652,3520
AM002649,APP008,2026-08-09,2025-09-05 06:00:00,1411,15244,163,218.52,15244,15081
AM002650,APP004,2026-01-09,2025-10-05 05:00:00,1412,14521,420,36.03,14521,14101
AM002651,APP002,2026-07-04,2025-11-20 07:00:00,1380,28443,467,43.82,28443,27976
AM002652,APP008,2025-09-26,2025-12-10 02:00:00,1435,23159,783,182.94,23159,22376
AM002653,APP005,2026-02-13,2026-04-06 17:00:00,1412,35175,124,184.96,35175,35051
AM002654,APP001,2026-07-12,2026-10-27 17:00:00,1387,39713,494,15.26,39713,39219
AM002655,APP002,2026-06-27,2025-05-02 05:00:00,1439,13450,458,330.74,13450,12992
AM002656,APP006,2025-07-15,2025-12-27 16:00:00,1438,7494,166,293.07,7494,7328
AM002657,APP001,2025-12-15,2025-12-29 11:00:00,1438,1194,11,93.21,1194,1183
AM002658,APP008,2026-05-18,2026-01-30 09:00:00,1416,34909,1582,118.45,34909,33327
AM002659,APP008,2026-03-24,2025-05-04 17:00:00,1407,29310,1359,312.54,29310,27951
AM002660,APP006,2025-08-08,2026-04-23 17:00:00,1432,1111,13,145.06,1111,1098
AM002661,APP005,2026-11-08,2026-12-06 12:00:00,1405,19615,597,155.73,19615,19018
AM002662,APP002,2025-02-02,2025-06-23 20:00:00,1395,27755,525,193.91,27755,27230
AM002663,APP008,2025-04-28,2026-08-31 20:00:00,1438,30302,301,116.01,30302,30001
AM002664,APP004,2025-05-24,2026-02-17 15:00:00,1405,33924,125,337.02,33924,33799
AM002665,APP004,2025-12-16,2026-11-08 04:00:00,1399,24555,1090,347.07,24555,23465
AM002666,APP008,2025-06-16,2026-06-30 04:00:00,1386,33881,292,164.07,33881,33589
AM002667,APP001,2025-11-30,2025-07-16 23:00:00,1433,30706,486,117.49,30706,30220
AM002668,APP007,2025-11-19,2025-06-16 06:00:00,1430,16601,601,331.82,16601,16000
AM002669,APP006,2025-12-01,2026-02-26 09:00:00,1406,26158,1199,105.2,26158,24959
AM002670,APP001,2025-08-04,2026-05-10 23:00:00,1381,37967,203,328.66,37967,37764
AM002671,APP004,2025-06-08,2025-11-30 14:00:00,1401,18269,666,235.52,18269,17603
AM002672,APP005,2025-05-20,2026-11-03 18:00:00,1433,35938,1396,71.24,35938,34542
AM002673,APP008,2025-08-14,2026-02-21 05:00:00,1422,14241,276,41.44,14241,13965
AM002674,APP008,2026-04-18,2025-08-14 00:00:00,1431,1616,3,92.29,1616,1613
AM002675,APP003,2025-06-28,2026-01-24 14:00:00,1430,28791,475,177.44,28791,28316
AM002676,APP006,2025-05-01,2026-03-04 12:00:00,1406,44046,349,110.45,44046,43697
AM002677,APP004,2026-07-11,2025-08-27 17:00:00,1421,35159,666,316.89,35159,34493
AM002678,APP002,2026-05-28,2026-02-13 07:00:00,1425,34065,1431,104.25,34065,32634
AM002679,APP005,2025-11-19,2025-11-17 01:00:00,1433,28219,91,133.95,28219,28128
AM002680,APP002,2025-07-11,2026-07-21 10:00:00,1383,4447,48,22.4,4447,4399
AM002681,APP006,2026-02-27,2025-11-10 13:00:00,1411,6143,278,154.33,6143,5865
AM002682,APP004,2026-07-14,2026-06-24 11:00:00,1381,44889,472,168.24,44889,44417
AM002683,APP004,2026-06-03,2026-09-03 14:00:00,1402,8910,257,228.82,8910,8653
AM002684,APP006,2025-04-21,2025-11-01 04:00:00,1435,42055,901,293.86,42055,41154
AM002685,APP003,2025-08-30,2026-06-09 18:00:00,1403,29206,1387,32.92,29206,27819
AM002686,APP003,2026-06-09,2026-11-26 13:00:00,1425,39736,434,111.33,39736,39302
AM002687,APP008,2026-09-27,2026-01-11 03:00:00,1436,22641,782,319.65,22641,21859
AM002688,APP007,2026-03-26,2026-01-11 05:00:00,1421,48000,1897,174.95,48000,46103
AM002689,APP005,2025-12-17,2026-10-10 10:00:00,1387,7707,121,294.78,7707,7586
AM002690,APP001,2026-09-20,2025-11-04 02:00:00,1409,29269,191,123.63,29269,29078
AM002691,APP005,2025-10-09,2026-07-05 19:00:00,1380,44980,711,327.81,44980,44269
AM002692,APP002,2025-04-08,2025-04-29 14:00:00,1422,20132,279,211.76,20132,19853
AM002693,APP002,2026-11-20,2026-02-03 18:00:00,1388,40272,730,349.52,40272,39542
AM002694,APP008,2026-08-16,2025-05-12 07:00:00,1381,32437,915,27.7,32437,31522
AM002695,APP001,2026-12-20,2025-03-17 07:00:00,1417,13502,613,315.24,13502,12889
AM002696,APP001,2025-04-15,2026-02-28 00:00:00,1391,23470,226,68.18,23470,23244
AM002697,APP002,2025-09-01,2025-07-04 18:00:00,1385,18001,406,136.13,18001,17595
AM002698,APP007,2026-12-25,2025-07-03 08:00:00,1398,31328,129,185.6,31328,31199
AM002699,APP004,2026-04-03,2026-05-31 10:00:00,1438,18160,383,113.43,18160,17777
AM002700,APP008,2025-08-14,2026-08-05 16:00:00,1398,46854,2085,237.89,46854,44769
AM002701,APP005,2026-12-11,2025-12-24 16:00:00,1383,2442,52,326.04,2442,2390
AM002702,APP006,2025-12-05,2026-10-08 01:00:00,1405,5752,14,284.14,5752,5738
AM002703,APP001,2026-08-13,2026-08-17 13:00:00,1438,36186,490,59.58,36186,35696
AM002704,APP005,2026-09-26,2026-07-26 07:00:00,1424,25694,410,168.19,25694,25284
AM002705,APP004,2025-01-29,2025-11-24 05:00:00,1403,7571,187,41.15,7571,7384
AM002706,APP002,2025-10-30,2025-01-11 13:00:00,1432,21844,430,225.3,21844,21414
AM002707,APP006,2025-11-01,2025-08-14 13:00:00,1398,23443,1094,31.7,23443,22349
AM002708,APP003,2026-03-01,2025-11-21 10:00:00,1414,49771,2064,243.37,49771,47707
AM002709,APP007,2026-04-02,2025-10-05 17:00:00,1407,19124,922,23.17,19124,18202
AM002710,APP003,2025-02-28,2025-08-06 13:00:00,1418,49616,2296,244.15,49616,47320
AM002711,APP003,2025-08-10,2025-11-28 08:00:00,1427,40934,1632,284.07,40934,39302
AM002712,APP006,2026-11-29,2026-07-14 18:00:00,1396,39823,770,202.96,39823,39053
AM002713,APP001,2026-07-20,2026-01-17 06:00:00,1431,19926,370,240.0,19926,19556
AM002714,APP006,2025-03-10,2025-09-10 17:00:00,1394,30676,841,193.31,30676,29835
AM002715,APP007,2026-02-23,2026-09-20 07:00:00,1421,34871,1499,62.9,34871,33372
AM002716,APP004,2026-10-11,2026-12-19 01:00:00,1433,36704,281,128.21,36704,36423
AM002717,APP005,2026-05-26,2026-05-02 06:00:00,1438,2944,106,280.36,2944,2838
AM002718,APP004,2025-09-14,2026-03-15 12:00:00,1408,38766,1133,126.4,38766,37633
AM002719,APP003,2026-05-15,2025-04-28 08:00:00,1433,37329,572,53.6,37329,36757
AM002720,APP003,2025-02-25,2026-12-04 10:00:00,1434,8983,135,223.4,8983,8848
AM002721,APP006,2025-06-15,2026-07-15 11:00:00,1424,2799,27,292.36,2799,2772
AM002722,APP002,2026-01-26,2025-04-14 06:00:00,1385,23681,348,54.44,23681,23333
AM002723,APP001,2025-02-02,2025-12-15 17:00:00,1398,37324,381,116.66,37324,36943
AM002724,APP001,2026-12-24,2026-08-12 01:00:00,1410,38175,1538,317.73,38175,36637
AM002725,APP002,2026-04-04,2026-01-23 00:00:00,1423,15785,744,122.14,15785,15041
AM002726,APP008,2026-05-01,2025-05-22 16:00:00,1404,23693,610,325.72,23693,23083
AM002727,APP005,2025-09-23,2025-05-13 22:00:00,1410,25495,847,75.2,25495,24648
AM002728,APP003,2025-02-21,2026-10-28 13:00:00,1410,11440,538,24.84,11440,10902
AM002729,APP007,2025-10-20,2025-06-03 18:00:00,1413,16436,718,326.27,16436,15718
AM002730,APP005,2025-07-26,2026-03-24 23:00:00,1385,15060,415,77.83,15060,14645
AM002731,APP007,2025-03-11,2025-07-28 14:00:00,1392,34887,731,225.66,34887,34156
AM002732,APP006,2025-03-27,2026-01-12 23:00:00,1432,40684,1500,193.69,40684,39184
AM002733,APP007,2025-01-02,2026-12-27 12:00:00,1404,5725,191,309.0,5725,5534
AM002734,APP003,2026-05-10,2025-11-05 04:00:00,1413,6463,49,238.45,6463,6414
AM002735,APP004,2025-08-14,2026-08-02 12:00:00,1413,23948,784,50.56,23948,23164
AM002736,APP006,2025-06-27,2026-02-26 02:00:00,1388,46823,2220,76.56,46823,44603
AM002737,APP008,2026-02-23,2025-11-09 22:00:00,1399,30029,485,134.82,30029,29544
AM002738,APP006,2026-11-24,2025-12-08 19:00:00,1413,42574,2084,88.91,42574,40490
AM002739,APP003,2025-08-14,2026-01-14 18:00:00,1392,13450,301,54.78,13450,13149
AM002740,APP007,2026-02-22,2025-07-29 22:00:00,1425,30047,1071,269.56,30047,28976
AM002741,APP001,2026-12-19,2026-02-12 12:00:00,1383,21819,329,82.04,21819,21490
AM002742,APP008,2025-08-19,2025-09-04 00:00:00,1416,40787,854,308.0,40787,39933
AM002743,APP004,2026-07-25,2026-12-02 07:00:00,1434,6811,311,161.45,6811,6500
AM002744,APP004,2025-11-15,2025-05-25 22:00:00,1435,2098,18,239.97,2098,2080
AM002745,APP005,2026-11-10,2025-05-25 14:00:00,1411,38903,61,145.62,38903,38842
AM002746,APP003,2026-04-11,2026-12-23 03:00:00,1399,20089,276,155.47,20089,19813
AM002747,APP007,2026-11-03,2025-01-23 02:00:00,1407,3082,18,161.71,3082,3064
AM002748,APP008,2026-02-15,2025-02-28 05:00:00,1439,15998,212,109.84,15998,15786
AM002749,APP008,2025-12-27,2026-03-13 13:00:00,1423,32636,977,127.72,32636,31659
AM002750,APP004,2025-02-05,2026-04-06 06:00:00,1435,38444,1016,112.06,38444,37428
AM002751,APP005,2026-05-07,2026-06-01 11:00:00,1391,22522,359,281.17,22522,22163
AM002752,APP002,2025-09-17,2025-03-18 09:00:00,1424,7555,286,312.53,7555,7269
AM002753,APP003,2025-12-28,2026-05-24 05:00:00,1422,49657,1855,233.59,49657,47802
AM002754,APP006,2026-07-30,2026-01-23 07:00:00,1407,34842,1554,155.12,34842,33288
AM002755,APP008,2026-12-15,2026-07-02 09:00:00,1420,37567,1633,303.96,37567,35934
AM002756,APP002,2026-12-11,2026-09-25 18:00:00,1436,36134,1097,29.92,36134,35037
AM002757,APP005,2025-08-15,2026-11-04 05:00:00,1422,31920,107,171.2,31920,31813
AM002758,APP006,2025-12-14,2025-06-21 06:00:00,1390,44183,461,342.66,44183,43722
AM002759,APP003,2025-09-03,2026-01-26 02:00:00,1413,26585,242,286.08,26585,26343
AM002760,APP005,2026-09-16,2026-12-02 14:00:00,1401,38153,1601,173.63,38153,36552
AM002761,APP004,2025-12-29,2025-05-05 21:00:00,1428,45572,601,101.2,45572,44971
AM002762,APP002,2026-12-23,2026-11-22 16:00:00,1430,13006,95,143.3,13006,12911
AM002763,APP005,2026-08-23,2025-07-27 15:00:00,1415,11298,68,148.26,11298,11230
AM002764,APP005,2025-08-13,2026-02-21 17:00:00,1404,33735,139,204.03,33735,33596
AM002765,APP003,2025-08-27,2025-06-02 15:00:00,1415,33598,260,242.54,33598,33338
AM002766,APP003,2026-12-21,2026-03-25 05:00:00,1399,17653,197,279.18,17653,17456
AM002767,APP001,2025-12-14,2026-06-01 12:00:00,1402,36439,588,260.95,36439,35851
AM002768,APP006,2025-02-21,2026-07-30 06:00:00,1416,41636,879,297.0,41636,40757
AM002769,APP003,2025-10-01,2026-10-16 13:00:00,1389,18409,272,126.2,18409,18137
AM002770,APP004,2026-08-08,2025-11-10 10:00:00,1426,36285,1193,234.85,36285,35092
AM002771,APP004,2025-10-21,2025-05-12 21:00:00,1383,11096,382,116.12,11096,10714
AM002772,APP006,2025-10-15,2026-07-24 16:00:00,1426,37657,1604,15.36,37657,36053
AM002773,APP007,2025-06-29,2026-05-20 14:00:00,1386,24604,193,312.65,24604,24411
AM002774,APP006,2026-07-15,2026-12-31 16:00:00,1437,19146,326,75.06,19146,18820
AM002775,APP001,2025-11-06,2025-08-07 21:00:00,1380,38217,654,188.32,38217,37563
AM002776,APP007,2025-01-21,2026-08-02 01:00:00,1421,21146,894,307.71,21146,20252
AM002777,APP004,2025-10-19,2026-06-06 09:00:00,1398,38762,1671,81.39,38762,37091
AM002778,APP001,2026-10-17,2026-12-09 22:00:00,1396,33976,938,220.79,33976,33038
AM002779,APP005,2025-08-10,2025-12-06 13:00:00,1425,46587,1010,224.29,46587,45577
AM002780,APP003,2025-07-09,2026-04-19 13:00:00,1394,46304,1432,133.57,46304,44872
AM002781,APP008,2025-08-20,2025-05-12 12:00:00,1435,26616,307,189.93,26616,26309
AM002782,APP006,2025-12-10,2025-08-29 10:00:00,1422,12281,84,146.64,12281,12197
AM002783,APP003,2026-10-06,2026-04-15 19:00:00,1438,18393,506,76.61,18393,17887
AM002784,APP007,2026-10-26,2025-06-12 18:00:00,1384,1789,60,206.23,1789,1729
AM002785,APP005,2025-12-19,2026-01-12 06:00:00,1437,27095,622,341.74,27095,26473
AM002786,APP003,2026-02-16,2026-07-28 01:00:00,1415,16989,263,69.33,16989,16726
AM002787,APP003,2026-10-20,2025-12-09 14:00:00,1383,2811,122,30.54,2811,2689
AM002788,APP004,2026-06-29,2026-02-14 10:00:00,1393,33017,544,210.21,33017,32473
AM002789,APP004,2026-03-25,2025-05-26 01:00:00,1418,39774,1966,146.08,39774,37808
AM002790,APP005,2025-08-25,2025-07-12 08:00:00,1390,33958,463,43.68,33958,33495
AM002791,APP001,2025-11-06,2025-02-08 23:00:00,1418,16553,435,274.7,16553,16118
AM002792,APP001,2026-12-07,2025-03-25 08:00:00,1389,46063,1018,272.51,46063,45045
AM002793,APP007,2025-07-23,2025-03-03 19:00:00,1385,38363,987,37.97,38363,37376
AM002794,APP008,2026-05-10,2026-06-23 22:00:00,1398,7769,325,296.59,7769,7444
AM002795,APP006,2025-02-24,2025-09-20 19:00:00,1400,4732,168,44.56,4732,4564
AM002796,APP008,2025-12-20,2025-12-14 23:00:00,1429,24935,911,26.24,24935,24024
AM002797,APP008,2025-05-23,2026-02-21 00:00:00,1430,4206,85,169.74,4206,4121
AM002798,APP003,2026-12-15,2025-12-31 08:00:00,1421,13081,615,216.48,13081,12466
AM002799,APP002,2026-06-17,2026-03-25 13:00:00,1393,25431,719,25.05,25431,24712
AM002800,APP004,2026-02-04,2025-10-01 04:00:00,1386,32160,948,153.58,32160,31212
AM002801,APP001,2025-12-19,2025-01-14 19:00:00,1400,8580,145,336.66,8580,8435
AM002802,APP003,2026-07-02,2026-04-27 07:00:00,1439,11436,272,106.59,11436,11164
AM002803,APP001,2025-07-05,2026-09-17 01:00:00,1424,30136,1106,88.87,30136,29030
AM002804,APP006,2025-05-08,2026-10-09 18:00:00,1420,23270,115,334.1,23270,23155
AM002805,APP006,2025-02-02,2025-08-23 20:00:00,1413,20020,230,305.77,20020,19790
AM002806,APP001,2026-06-17,2026-11-24 06:00:00,1418,17514,397,132.08,17514,17117
AM002807,APP001,2026-09-22,2026-04-07 07:00:00,1412,11008,75,139.15,11008,10933
AM002808,APP006,2026-09-18,2026-07-22 21:00:00,1425,3031,3,336.02,3031,3028
AM002809,APP001,2025-06-05,2026-03-24 17:00:00,1430,22037,261,181.04,22037,21776
AM002810,APP007,2025-10-26,2025-02-05 08:00:00,1416,33928,464,130.95,33928,33464
AM002811,APP002,2026-04-12,2026-06-22 11:00:00,1431,4303,52,126.93,4303,4251
AM002812,APP003,2025-08-10,2026-06-13 12:00:00,1389,49017,2088,73.03,49017,46929
AM002813,APP001,2025-10-19,2025-02-09 11:00:00,1388,6704,301,185.8,6704,6403
AM002814,APP001,2025-09-05,2025-09-06 14:00:00,1416,8464,314,277.23,8464,8150
AM002815,APP007,2025-10-03,2025-02-21 23:00:00,1416,34687,1609,61.82,34687,33078
AM002816,APP004,2026-10-11,2026-05-30 09:00:00,1412,10437,259,27.35,10437,10178
AM002817,APP007,2026-07-12,2026-09-22 14:00:00,1396,30108,416,91.86,30108,29692
AM002818,APP008,2026-03-03,2026-01-08 10:00:00,1432,4198,84,197.53,4198,4114
AM002819,APP008,2025-03-24,2025-03-26 18:00:00,1397,37859,938,101.17,37859,36921
AM002820,APP001,2025-05-24,2026-11-25 14:00:00,1424,40722,1066,276.56,40722,39656
AM002821,APP001,2026-10-08,2025-08-25 03:00:00,1401,2246,20,83.16,2246,2226
AM002822,APP002,2025-05-01,2025-03-09 04:00:00,1400,49118,1272,331.7,49118,47846
AM002823,APP005,2026-08-19,2026-07-13 04:00:00,1431,46905,2291,299.13,46905,44614
AM002824,APP004,2026-08-30,2026-01-10 23:00:00,1392,12375,183,327.86,12375,12192
AM002825,APP001,2026-12-13,2026-08-18 20:00:00,1432,7688,83,347.59,7688,7605
AM002826,APP005,2026-01-02,2026-03-23 04:00:00,1392,6083,79,309.47,6083,6004
AM002827,APP001,2025-04-12,2026-10-18 13:00:00,1415,43357,1033,192.35,43357,42324
AM002828,APP007,2026-01-25,2025-04-21 19:00:00,1389,46876,1742,32.7,46876,45134
AM002829,APP001,2026-06-30,2025-09-18 15:00:00,1415,37232,891,294.41,37232,36341
AM002830,APP008,2025-10-18,2026-12-02 07:00:00,1412,37812,1146,341.97,37812,36666
AM002831,APP008,2026-02-03,2026-09-30 08:00:00,1437,38303,128,132.82,38303,38175
AM002832,APP002,2025-01-18,2026-05-15 11:00:00,1388,37471,361,129.18,37471,37110
AM002833,APP006,2025-05-06,2025-04-05 06:00:00,1400,46902,1322,323.98,46902,45580
AM002834,APP002,2025-09-21,2025-11-27 06:00:00,1424,1655,60,333.68,1655,1595
AM002835,APP001,2026-06-05,2025-01-14 11:00:00,1387,44282,876,230.59,44282,43406
AM002836,APP001,2025-01-08,2026-02-11 13:00:00,1394,18077,619,86.89,18077,17458
AM002837,APP001,2026-12-21,2026-11-04 08:00:00,1438,44223,405,323.36,44223,43818
AM002838,APP002,2026-12-14,2026-05-05 01:00:00,1408,47266,2201,334.88,47266,45065
AM002839,APP002,2025-04-05,2025-05-07 16:00:00,1410,8417,199,320.86,8417,8218
AM002840,APP006,2026-12-14,2025-07-07 13:00:00,1421,2129,75,208.49,2129,2054
AM002841,APP008,2025-07-21,2025-01-12 18:00:00,1408,37926,1780,169.59,37926,36146
AM002842,APP003,2025-02-20,2026-04-06 16:00:00,1395,36450,352,109.16,36450,36098
AM002843,APP007,2025-03-19,2026-12-16 02:00:00,1403,35789,1528,137.87,35789,34261
AM002844,APP004,2025-01-25,2026-03-23 17:00:00,1409,36648,1005,143.63,36648,35643
AM002845,APP003,2026-07-13,2026-12-07 05:00:00,1396,22446,588,69.37,22446,21858
AM002846,APP003,2026-06-02,2026-09-24 23:00:00,1402,3051,125,269.26,3051,2926
AM002847,APP005,2026-05-29,2025-02-28 06:00:00,1408,22099,565,90.29,22099,21534
AM002848,APP008,2026-12-19,2025-12-04 10:00:00,1397,31126,708,220.05,31126,30418
AM002849,APP007,2025-05-20,2026-11-29 10:00:00,1424,8047,298,42.05,8047,7749
AM002850,APP001,2025-12-30,2025-03-06 21:00:00,1390,11699,158,233.37,11699,11541
AM002851,APP003,2026-02-11,2026-01-05 14:00:00,1406,41593,1742,208.12,41593,39851
AM002852,APP001,2025-05-31,2026-03-10 21:00:00,1421,49080,362,344.28,49080,48718
AM002853,APP007,2026-10-28,2025-08-31 08:00:00,1398,35742,1479,203.88,35742,34263
AM002854,APP005,2026-04-26,2025-05-10 11:00:00,1381,3625,136,213.77,3625,3489
AM002855,APP005,2026-11-26,2026-02-04 14:00:00,1388,44960,2235,304.72,44960,42725
AM002856,APP002,2025-01-19,2025-03-28 18:00:00,1408,49138,382,160.07,49138,48756
AM002857,APP007,2025-05-10,2026-06-30 17:00:00,1438,6051,170,234.52,6051,5881
AM002858,APP005,2025-03-01,2026-06-14 16:00:00,1419,48846,2261,107.73,48846,46585
AM002859,APP002,2026-04-17,2026-01-10 04:00:00,1389,31805,1534,335.16,31805,30271
AM002860,APP005,2026-02-04,2025-09-25 16:00:00,1396,29776,503,345.0,29776,29273
AM002861,APP003,2026-10-15,2026-10-11 16:00:00,1394,31406,383,126.49,31406,31023
AM002862,APP005,2025-07-18,2025-10-17 22:00:00,1415,12157,230,161.44,12157,11927
AM002863,APP001,2026-09-16,2026-07-29 00:00:00,1412,17070,250,19.66,17070,16820
AM002864,APP004,2025-11-25,2025-06-06 09:00:00,1435,42648,1256,293.88,42648,41392
AM002865,APP006,2026-08-28,2026-06-27 21:00:00,1422,14925,648,20.8,14925,14277
AM002866,APP003,2025-11-17,2026-03-24 22:00:00,1424,49684,1479,193.87,49684,48205
AM002867,APP003,2025-03-16,2025-08-03 19:00:00,1437,28585,157,169.58,28585,28428
AM002868,APP006,2026-09-04,2026-10-12 06:00:00,1415,28337,967,162.13,28337,27370
AM002869,APP007,2025-07-29,2026-11-27 20:00:00,1413,29543,605,312.91,29543,28938
AM002870,APP004,2026-11-01,2026-10-23 14:00:00,1418,15630,741,125.23,15630,14889
AM002871,APP004,2026-01-17,2026-02-01 11:00:00,1437,45195,1636,217.56,45195,43559
AM002872,APP002,2026-08-04,2025-09-23 14:00:00,1404,10882,393,89.71,10882,10489
AM002873,APP005,2026-09-26,2026-12-12 08:00:00,1399,37516,327,159.56,37516,37189
AM002874,APP003,2026-12-17,2026-06-30 08:00:00,1421,9009,395,304.93,9009,8614
AM002875,APP003,2026-04-18,2026-07-02 18:00:00,1435,46221,2280,336.02,46221,43941
AM002876,APP002,2025-12-13,2026-07-11 18:00:00,1390,7540,89,144.54,7540,7451
AM002877,APP008,2026-03-28,2025-11-10 18:00:00,1407,17128,500,349.26,17128,16628
AM002878,APP006,2025-02-27,2025-11-11 21:00:00,1406,38605,1774,281.54,38605,36831
AM002879,APP005,2025-01-02,2025-07-07 22:00:00,1404,10119,301,273.98,10119,9818
AM002880,APP005,2026-06-15,2025-11-02 11:00:00,1394,6822,14,270.39,6822,6808
AM002881,APP002,2025-12-24,2026-06-12 16:00:00,1415,22987,611,305.75,22987,22376
AM002882,APP006,2025-01-26,2026-06-06 10:00:00,1389,17873,183,274.4,17873,17690
AM002883,APP001,2025-02-05,2025-12-02 13:00:00,1400,33060,1345,18.69,33060,31715
AM002884,APP008,2026-02-18,2025-01-15 01:00:00,1393,48875,1771,68.39,48875,47104
AM002885,APP004,2026-11-12,2025-09-14 19:00:00,1389,35275,1334,263.64,35275,33941
AM002886,APP001,2026-05-28,2026-08-09 13:00:00,1431,28897,1041,68.68,28897,27856
AM002887,APP004,2026-08-11,2026-04-15 13:00:00,1397,47570,1469,158.95,47570,46101
AM002888,APP005,2026-10-18,2025-04-26 04:00:00,1438,3659,111,17.29,3659,3548
AM002889,APP005,2025-05-01,2025-11-20 08:00:00,1429,1040,30,238.76,1040,1010
AM002890,APP004,2025-02-20,2026-06-05 07:00:00,1388,5734,22,190.82,5734,5712
AM002891,APP006,2025-08-15,2025-12-24 13:00:00,1391,42072,492,140.79,42072,41580
AM002892,APP008,2025-02-06,2026-12-01 23:00:00,1418,6414,123,105.7,6414,6291
AM002893,APP001,2026-07-13,2026-06-23 07:00:00,1416,16200,141,128.95,16200,16059
AM002894,APP002,2025-09-26,2026-09-04 23:00:00,1434,27378,1063,75.85,27378,26315
AM002895,APP008,2026-11-30,2025-08-23 10:00:00,1428,46635,1605,92.99,46635,45030
AM002896,APP005,2025-09-13,2026-03-06 20:00:00,1437,43525,1498,173.0,43525,42027
AM002897,APP005,2025-07-29,2026-10-27 18:00:00,1397,7055,98,31.1,7055,6957
AM002898,APP006,2026-05-06,2026-07-25 12:00:00,1429,34710,748,251.02,34710,33962
AM002899,APP003,2025-06-12,2025-01-09 20:00:00,1380,24412,771,289.93,24412,23641
AM002900,APP003,2025-03-08,2026-08-24 22:00:00,1392,22906,68,244.38,22906,22838
AM002901,APP007,2025-07-10,2026-08-31 23:00:00,1424,23306,72,304.64,23306,23234
AM002902,APP004,2025-12-01,2025-08-29 19:00:00,1419,34256,991,179.0,34256,33265
AM002903,APP004,2025-03-27,2026-04-21 03:00:00,1386,29470,1430,257.27,29470,28040
AM002904,APP001,2026-07-24,2026-09-06 01:00:00,1416,41139,946,216.02,41139,40193
AM002905,APP003,2025-02-06,2025-10-11 07:00:00,1431,44165,281,251.33,44165,43884
AM002906,APP002,2025-05-13,2025-11-27 10:00:00,1417,17229,506,329.78,17229,16723
AM002907,APP002,2026-08-26,2025-09-04 18:00:00,1438,22528,666,58.48,22528,21862
AM002908,APP007,2025-02-26,2025-09-17 00:00:00,1430,18806,132,31.49,18806,18674
AM002909,APP005,2026-12-01,2025-09-13 15:00:00,1423,10991,211,203.43,10991,10780
AM002910,APP003,2026-08-08,2026-12-15 14:00:00,1428,9979,293,186.26,9979,9686
AM002911,APP005,2025-01-13,2025-08-08 22:00:00,1423,20871,38,41.41,20871,20833
AM002912,APP005,2025-04-24,2025-02-13 23:00:00,1427,16258,181,292.36,16258,16077
AM002913,APP005,2026-10-31,2026-04-20 00:00:00,1432,24626,825,194.65,24626,23801
AM002914,APP006,2025-11-22,2025-12-30 22:00:00,1429,33614,1100,138.3,33614,32514
AM002915,APP004,2025-04-08,2025-06-11 08:00:00,1429,28965,1070,211.31,28965,27895
AM002916,APP005,2025-10-02,2025-07-30 18:00:00,1400,25858,610,28.1,25858,25248
AM002917,APP007,2025-10-27,2025-11-02 13:00:00,1392,22369,681,65.12,22369,21688
AM002918,APP002,2025-06-21,2025-12-12 03:00:00,1389,20700,938,290.3,20700,19762
AM002919,APP004,2025-12-13,2025-05-06 15:00:00,1404,16976,277,263.29,16976,16699
AM002920,APP008,2025-12-04,2025-04-30 14:00:00,1389,8686,247,18.01,8686,8439
AM002921,APP003,2026-05-20,2025-10-13 13:00:00,1401,16913,734,301.64,16913,16179
AM002922,APP007,2026-04-03,2025-02-27 10:00:00,1398,43579,1066,185.79,43579,42513
AM002923,APP003,2026-03-12,2026-04-08 12:00:00,1434,41046,955,142.57,41046,40091
AM002924,APP003,2026-09-09,2025-02-03 14:00:00,1427,9751,160,18.43,9751,9591
AM002925,APP007,2026-10-11,2026-01-04 07:00:00,1390,40241,1913,40.2,40241,38328
AM002926,APP007,2026-03-19,2025-03-20 05:00:00,1438,30091,198,306.81,30091,29893
AM002927,APP007,2026-04-27,2025-06-03 23:00:00,1385,22631,886,230.51,22631,21745
AM002928,APP001,2026-12-19,2026-09-11 19:00:00,1411,22539,1058,293.88,22539,21481
AM002929,APP004,2025-06-25,2025-02-19 13:00:00,1400,2624,104,236.46,2624,2520
AM002930,APP005,2025-02-14,2026-10-02 07:00:00,1390,40663,634,85.87,40663,40029
AM002931,APP001,2025-04-03,2025-05-01 22:00:00,1411,11781,440,216.78,11781,11341
AM002932,APP002,2026-06-07,2025-12-06 08:00:00,1407,15251,61,261.35,15251,15190
AM002933,APP003,2026-09-06,2025-04-15 19:00:00,1409,13652,470,100.38,13652,13182
AM002934,APP008,2026-08-30,2026-04-02 11:00:00,1435,18070,744,138.76,18070,17326
AM002935,APP007,2025-11-26,2025-07-20 15:00:00,1399,20284,272,295.09,20284,20012
AM002936,APP004,2026-05-19,2026-02-07 09:00:00,1412,3937,66,149.47,3937,3871
AM002937,APP007,2026-08-22,2025-08-28 18:00:00,1396,29543,1094,160.33,29543,28449
AM002938,APP001,2026-04-11,2025-01-06 19:00:00,1405,45958,1435,155.94,45958,44523
AM002939,APP007,2026-04-20,2025-11-18 08:00:00,1397,37222,61,248.13,37222,37161
AM002940,APP004,2026-07-09,2026-09-03 22:00:00,1407,25446,1159,265.78,25446,24287
AM002941,APP007,2026-08-02,2026-10-11 22:00:00,1395,39596,837,345.11,39596,38759
AM002942,APP003,2025-08-23,2026-11-23 16:00:00,1410,18612,565,207.17,18612,18047
AM002943,APP008,2026-06-04,2025-09-16 05:00:00,1396,4213,97,149.52,4213,4116
AM002944,APP007,2025-01-11,2026-10-09 19:00:00,1427,5270,14,158.45,5270,5256
AM002945,APP004,2026-01-17,2026-05-31 09:00:00,1426,38809,871,58.36,38809,37938
AM002946,APP002,2025-10-19,2026-07-01 17:00:00,1406,2778,14,299.47,2778,2764
AM002947,APP003,2026-12-31,2026-01-04 19:00:00,1406,15450,526,250.78,15450,14924
AM002948,APP002,2025-08-06,2026-01-30 20:00:00,1429,20760,219,108.98,20760,20541
AM002949,APP003,2025-06-10,2025-05-29 21:00:00,1435,47646,1624,312.05,47646,46022
AM002950,APP008,2026-06-14,2026-12-01 06:00:00,1432,15838,166,185.47,15838,15672
AM002951,APP005,2026-11-10,2026-12-24 00:00:00,1430,20131,900,230.54,20131,19231
AM002952,APP008,2025-07-12,2025-04-04 13:00:00,1420,27981,907,347.42,27981,27074
AM002953,APP005,2026-07-15,2026-12-15 01:00:00,1416,12533,74,35.96,12533,12459
AM002954,APP005,2025-09-14,2026-11-26 06:00:00,1425,9645,110,307.04,9645,9535
AM002955,APP002,2025-06-24,2026-11-08 17:00:00,1410,4219,178,168.48,4219,4041
AM002956,APP002,2025-10-05,2026-01-26 02:00:00,1427,32541,1288,56.87,32541,31253
AM002957,APP002,2025-12-06,2025-01-16 21:00:00,1421,23603,853,264.19,23603,22750
AM002958,APP001,2026-07-02,2026-09-03 22:00:00,1422,32184,32,93.53,32184,32152
AM002959,APP001,2025-01-25,2025-08-10 18:00:00,1431,4250,44,183.41,4250,4206
AM002960,APP002,2026-09-14,2026-01-02 00:00:00,1439,6313,132,142.56,6313,6181
AM002961,APP003,2025-05-09,2025-03-06 11:00:00,1392,9983,61,114.87,9983,9922
AM002962,APP002,2025-06-29,2026-09-24 20:00:00,1420,4776,196,23.27,4776,4580
AM002963,APP001,2025-06-25,2025-11-30 09:00:00,1421,27885,497,160.53,27885,27388
AM002964,APP001,2025-11-14,2025-04-05 07:00:00,1404,13659,268,175.35,13659,13391
AM002965,APP005,2025-05-01,2026-02-09 13:00:00,1435,24225,503,310.23,24225,23722
AM002966,APP005,2026-04-26,2026-02-17 19:00:00,1386,31155,837,241.52,31155,30318
AM002967,APP006,2025-04-20,2026-01-19 18:00:00,1422,7952,105,214.83,7952,7847
AM002968,APP008,2025-05-23,2025-12-07 13:00:00,1387,36311,1215,315.4,36311,35096
AM002969,APP007,2025-03-26,2026-12-22 18:00:00,1438,48794,2099,107.69,48794,46695
AM002970,APP006,2026-11-18,2026-10-22 04:00:00,1405,36619,1681,311.83,36619,34938
AM002971,APP007,2026-11-17,2025-08-18 16:00:00,1411,8209,128,198.8,8209,8081
AM002972,APP008,2025-12-23,2026-04-23 13:00:00,1386,37892,113,126.69,37892,37779
AM002973,APP006,2026-06-26,2025-11-13 14:00:00,1385,44412,2083,79.92,44412,42329
AM002974,APP001,2025-02-21,2025-11-07 15:00:00,1394,38417,1181,249.5,38417,37236
AM002975,APP001,2025-11-25,2026-02-10 17:00:00,1420,13164,539,65.73,13164,12625
AM002976,APP003,2026-06-07,2026-05-09 07:00:00,1419,6681,110,318.02,6681,6571
AM002977,APP007,2026-12-11,2026-05-06 08:00:00,1408,24885,830,320.36,24885,24055
AM002978,APP001,2026-02-20,2025-01-05 08:00:00,1404,32567,440,44.24,32567,32127
AM002979,APP004,2025-10-02,2026-11-20 22:00:00,1394,35808,830,124.6,35808,34978
AM002980,APP007,2026-01-24,2025-11-04 22:00:00,1392,31595,1229,305.81,31595,30366
AM002981,APP005,2026-02-26,2025-12-02 10:00:00,1408,21155,251,189.34,21155,20904
AM002982,APP008,2025-12-15,2026-02-26 12:00:00,1408,34820,1407,248.25,34820,33413
AM002983,APP004,2025-01-06,2025-12-12 02:00:00,1408,42636,2039,199.81,42636,40597
AM002984,APP003,2026-09-08,2026-01-06 20:00:00,1380,40024,565,49.62,40024,39459
AM002985,APP002,2026-03-22,2026-10-19 19:00:00,1402,13012,200,166.63,13012,12812
AM002986,APP002,2025-07-05,2026-06-02 00:00:00,1426,20249,485,338.22,20249,19764
AM002987,APP006,2026-09-22,2026-01-16 06:00:00,1381,13135,41,292.88,13135,13094
AM002988,APP005,2025-04-07,2026-10-09 21:00:00,1407,19507,750,226.3,19507,18757
AM002989,APP007,2026-04-11,2025-09-06 01:00:00,1437,41291,1141,269.62,41291,40150
AM002990,APP006,2025-11-08,2025-03-15 10:00:00,1397,7408,86,17.99,7408,7322
AM002991,APP007,2025-01-17,2025-03-05 16:00:00,1406,17875,224,341.99,17875,17651
AM002992,APP006,2025-05-13,2026-06-07 08:00:00,1394,12102,520,17.84,12102,11582
AM002993,APP003,2026-08-06,2026-08-20 01:00:00,1382,32666,963,332.75,32666,31703
AM002994,APP008,2026-01-04,2026-02-21 17:00:00,1418,7746,41,103.5,7746,7705
AM002995,APP006,2025-10-10,2026-10-07 08:00:00,1415,8226,92,45.47,8226,8134
AM002996,APP004,2026-08-09,2026-04-25 03:00:00,1397,36535,802,254.85,36535,35733
AM002997,APP006,2025-01-04,2026-10-16 13:00:00,1398,38750,1192,160.44,38750,37558
AM002998,APP005,2026-10-28,2026-01-02 10:00:00,1406,24614,716,44.6,24614,23898
AM002999,APP006,2026-12-23,2025-06-28 21:00:00,1425,35047,129,269.16,35047,34918
AM003000,APP004,2025-12-11,2025-05-17 23:00:00,1417,10001,183,315.77,10001,9818
AM003001,APP001,2025-08-03,2025-10-25 01:00:00,1385,34184,1394,318.66,34184,32790
AM003002,APP002,2026-03-19,2025-10-19 07:00:00,1382,14500,582,308.97,14500,13918
AM003003,APP008,2025-03-06,2026-10-21 11:00:00,1414,25912,981,149.96,25912,24931
AM003004,APP003,2025-12-28,2025-06-10 07:00:00,1421,17091,69,96.18,17091,17022
AM003005,APP004,2026-03-30,2026-02-07 01:00:00,1420,15448,687,151.19,15448,14761
AM003006,APP001,2025-01-23,2025-07-17 08:00:00,1401,33814,478,272.06,33814,33336
AM003007,APP002,2025-08-15,2025-08-24 12:00:00,1416,42083,158,109.07,42083,41925
AM003008,APP005,2025-01-08,2025-03-21 08:00:00,1433,25986,1245,182.41,25986,24741
AM003009,APP001,2025-06-23,2026-04-22 13:00:00,1405,45136,1782,169.36,45136,43354
AM003010,APP004,2026-04-11,2025-12-14 20:00:00,1392,37677,1560,31.24,37677,36117
AM003011,APP001,2025-01-09,2025-01-25 14:00:00,1412,5874,122,213.97,5874,5752
AM003012,APP004,2026-04-12,2026-02-27 05:00:00,1427,29941,525,304.41,29941,29416
AM003013,APP005,2025-11-18,2025-01-25 09:00:00,1412,28990,1204,16.45,28990,27786
AM003014,APP007,2025-09-21,2025-06-06 06:00:00,1390,40477,1598,225.37,40477,38879
AM003015,APP006,2026-07-28,2025-11-22 05:00:00,1401,39684,726,339.87,39684,38958
AM003016,APP002,2026-10-30,2026-09-18 02:00:00,1399,13361,68,281.96,13361,13293
AM003017,APP008,2025-10-09,2026-06-19 16:00:00,1384,19274,403,317.72,19274,18871
AM003018,APP001,2026-11-30,2026-07-04 00:00:00,1390,5929,135,243.53,5929,5794
AM003019,APP006,2026-08-27,2025-07-02 14:00:00,1409,29871,737,31.09,29871,29134
AM003020,APP007,2026-05-05,2026-05-20 16:00:00,1439,11063,142,160.72,11063,10921
AM003021,APP003,2025-07-03,2026-02-07 18:00:00,1420,11900,268,322.54,11900,11632
AM003022,APP004,2025-06-13,2026-10-13 04:00:00,1439,11770,315,236.7,11770,11455
AM003023,APP008,2025-08-04,2026-04-25 12:00:00,1383,22325,729,135.79,22325,21596
AM003024,APP003,2025-03-31,2026-09-18 11:00:00,1424,14910,449,172.59,14910,14461
AM003025,APP007,2026-01-09,2025-11-04 05:00:00,1383,5720,284,32.72,5720,5436
AM003026,APP008,2025-12-28,2026-06-15 17:00:00,1438,4028,20,346.32,4028,4008
AM003027,APP006,2026-11-07,2025-05-23 00:00:00,1416,45577,1346,326.06,45577,44231
AM003028,APP005,2025-11-08,2026-09-22 17:00:00,1432,24191,784,253.97,24191,23407
AM003029,APP003,2025-11-02,2025-02-06 08:00:00,1429,9839,88,201.99,9839,9751
AM003030,APP002,2025-09-27,2025-09-22 11:00:00,1386,19434,60,145.56,19434,19374
AM003031,APP003,2026-10-22,2025-10-09 16:00:00,1401,41361,1328,129.44,41361,40033
AM003032,APP005,2025-03-27,2025-10-07 15:00:00,1427,19781,482,290.7,19781,19299
AM003033,APP006,2026-09-05,2025-06-23 06:00:00,1418,29564,506,262.53,29564,29058
AM003034,APP005,2026-11-05,2025-01-30 07:00:00,1407,1898,75,74.68,1898,1823
AM003035,APP001,2025-06-19,2025-08-26 06:00:00,1415,38001,296,36.48,38001,37705
AM003036,APP001,2025-11-08,2026-07-02 01:00:00,1407,24583,376,291.06,24583,24207
AM003037,APP006,2025-06-09,2026-08-08 11:00:00,1398,33035,1449,324.14,33035,31586
AM003038,APP005,2026-09-11,2025-09-09 18:00:00,1410,48250,335,106.03,48250,47915
AM003039,APP001,2025-09-11,2026-07-04 15:00:00,1437,44675,1975,76.09,44675,42700
AM003040,APP003,2025-11-22,2026-08-06 17:00:00,1428,30279,709,336.31,30279,29570
AM003041,APP007,2025-08-23,2025-07-27 16:00:00,1438,7098,293,216.84,7098,6805
AM003042,APP008,2025-05-05,2026-01-22 18:00:00,1438,49780,2213,308.05,49780,47567
AM003043,APP007,2026-02-04,2025-04-28 02:00:00,1403,17649,647,103.35,17649,17002
AM003044,APP008,2025-07-30,2026-02-03 16:00:00,1380,43871,1065,170.55,43871,42806
AM003045,APP008,2025-12-26,2026-07-26 03:00:00,1405,22882,852,218.27,22882,22030
AM003046,APP002,2026-09-09,2025-11-23 16:00:00,1405,46422,87,160.09,46422,46335
AM003047,APP004,2026-06-27,2025-12-17 22:00:00,1386,11939,198,203.86,11939,11741
AM003048,APP002,2025-05-04,2026-03-20 23:00:00,1411,15864,526,207.58,15864,15338
AM003049,APP003,2026-04-15,2025-08-03 10:00:00,1421,36936,654,282.3,36936,36282
AM003050,APP005,2025-05-22,2025-01-30 12:00:00,1408,37873,360,123.92,37873,37513
AM003051,APP003,2026-11-17,2025-05-24 20:00:00,1415,25486,1105,140.71,25486,24381
AM003052,APP003,2025-08-29,2025-07-28 03:00:00,1426,45953,778,87.59,45953,45175
AM003053,APP001,2025-11-13,2025-03-02 21:00:00,1403,3935,95,181.56,3935,3840
AM003054,APP008,2025-03-24,2025-08-18 20:00:00,1401,48466,608,219.45,48466,47858
AM003055,APP008,2026-09-21,2025-07-17 12:00:00,1387,29627,864,44.35,29627,28763
AM003056,APP008,2026-06-08,2026-07-20 08:00:00,1426,41051,1632,196.58,41051,39419
AM003057,APP006,2026-11-16,2026-04-01 14:00:00,1421,3156,152,55.99,3156,3004
AM003058,APP006,2026-01-16,2025-04-08 18:00:00,1392,3464,14,271.87,3464,3450
AM003059,APP002,2026-12-02,2025-02-18 16:00:00,1421,5850,118,238.86,5850,5732
AM003060,APP001,2026-10-11,2025-04-18 14:00:00,1384,17072,782,344.65,17072,16290
AM003061,APP006,2026-12-15,2025-07-15 20:00:00,1430,5822,86,29.99,5822,5736
AM003062,APP001,2026-09-22,2026-11-17 03:00:00,1417,13303,191,253.81,13303,13112
AM003063,APP001,2026-08-25,2026-10-12 19:00:00,1380,30285,624,228.24,30285,29661
AM003064,APP005,2026-09-06,2026-11-26 01:00:00,1399,11858,273,31.27,11858,11585
AM003065,APP004,2026-09-26,2025-08-07 19:00:00,1387,19784,195,179.18,19784,19589
AM003066,APP003,2025-12-28,2026-08-18 17:00:00,1387,34944,1295,283.97,34944,33649
AM003067,APP007,2025-07-09,2026-05-28 12:00:00,1392,16877,783,344.14,16877,16094
AM003068,APP008,2025-10-28,2025-09-27 10:00:00,1393,34529,726,184.68,34529,33803
AM003069,APP005,2026-12-07,2026-07-18 17:00:00,1389,13521,148,135.78,13521,13373
AM003070,APP003,2025-05-29,2025-05-19 10:00:00,1384,40471,1959,293.19,40471,38512
AM003071,APP006,2025-11-11,2026-02-04 22:00:00,1404,21944,401,244.67,21944,21543
AM003072,APP003,2025-03-29,2026-11-02 18:00:00,1392,39624,504,120.11,39624,39120
AM003073,APP004,2025-04-12,2025-08-08 10:00:00,1421,22548,312,29.97,22548,22236
AM003074,APP003,2026-02-14,2026-03-31 09:00:00,1436,46752,1736,332.76,46752,45016
AM003075,APP003,2026-04-26,2025-06-08 14:00:00,1384,38366,1552,189.8,38366,36814
AM003076,APP002,2026-03-28,2025-03-01 01:00:00,1439,11054,302,246.48,11054,10752
AM003077,APP008,2026-06-27,2026-03-22 03:00:00,1417,29123,1129,231.04,29123,27994
AM003078,APP003,2026-05-01,2025-09-28 09:00:00,1432,33651,360,115.82,33651,33291
AM003079,APP008,2025-12-06,2025-12-12 13:00:00,1400,32698,1132,192.12,32698,31566
AM003080,APP003,2026-03-30,2025-07-01 19:00:00,1423,26775,1315,170.67,26775,25460
AM003081,APP005,2026-05-09,2025-07-28 05:00:00,1383,2609,99,322.4,2609,2510
AM003082,APP002,2026-11-24,2026-12-02 17:00:00,1414,1852,17,260.03,1852,1835
AM003083,APP005,2026-07-26,2025-08-18 19:00:00,1438,25165,400,264.17,25165,24765
AM003084,APP008,2026-02-12,2026-12-24 16:00:00,1427,11439,424,26.09,11439,11015
AM003085,APP006,2025-11-01,2025-05-12 02:00:00,1388,45848,1343,174.15,45848,44505
AM003086,APP006,2026-04-06,2025-07-03 18:00:00,1428,39285,614,268.12,39285,38671
AM003087,APP006,2025-10-29,2026-06-13 10:00:00,1426,17188,182,258.25,17188,17006
AM003088,APP003,2025-11-03,2025-04-25 08:00:00,1409,15474,368,292.38,15474,15106
AM003089,APP007,2026-02-05,2026-04-29 03:00:00,1390,21471,740,43.2,21471,20731
AM003090,APP007,2026-01-04,2026-09-20 20:00:00,1418,38986,751,74.69,38986,38235
AM003091,APP008,2025-08-13,2025-02-24 19:00:00,1437,46006,1777,41.39,46006,44229
AM003092,APP001,2026-02-16,2026-10-26 22:00:00,1429,20401,36,96.89,20401,20365
AM003093,APP004,2026-06-02,2026-04-01 16:00:00,1437,48313,1304,346.98,48313,47009
AM003094,APP003,2026-12-24,2025-06-15 01:00:00,1419,24708,899,101.36,24708,23809
AM003095,APP007,2025-04-23,2025-07-04 15:00:00,1414,46194,939,190.79,46194,45255
AM003096,APP001,2025-06-11,2025-04-10 04:00:00,1407,26288,998,126.13,26288,25290
AM003097,APP002,2026-12-21,2026-03-10 13:00:00,1432,16452,515,67.81,16452,15937
AM003098,APP005,2026-04-10,2026-08-26 05:00:00,1412,39949,66,293.72,39949,39883
AM003099,APP004,2026-05-06,2026-04-10 17:00:00,1382,26187,821,299.61,26187,25366
AM003100,APP004,2026-08-08,2026-05-17 06:00:00,1438,10166,447,138.91,10166,9719
AM003101,APP007,2025-02-04,2026-01-21 12:00:00,1427,40537,1447,73.53,40537,39090
AM003102,APP007,2025-11-19,2026-02-17 17:00:00,1390,14236,619,265.62,14236,13617
AM003103,APP001,2026-11-07,2025-03-03 23:00:00,1413,5357,62,307.84,5357,5295
AM003104,APP007,2026-06-20,2026-06-18 05:00:00,1416,11490,348,39.44,11490,11142
AM003105,APP006,2025-04-04,2025-01-01 23:00:00,1383,17755,29,265.65,17755,17726
AM003106,APP005,2025-03-18,2025-04-13 20:00:00,1411,48470,213,289.6,48470,48257
AM003107,APP007,2026-11-01,2025-08-29 18:00:00,1408,45506,503,191.73,45506,45003
AM003108,APP005,2026-09-26,2026-05-31 20:00:00,1405,28525,708,28.15,28525,27817
AM003109,APP003,2025-07-04,2026-10-24 17:00:00,1385,14245,236,165.66,14245,14009
AM003110,APP003,2025-11-28,2026-02-02 23:00:00,1385,6371,138,265.79,6371,6233
AM003111,APP004,2025-03-27,2025-11-02 15:00:00,1428,17572,476,155.33,17572,17096
AM003112,APP007,2025-10-28,2025-04-07 06:00:00,1403,1778,39,168.38,1778,1739
AM003113,APP002,2026-02-20,2025-09-04 20:00:00,1412,47564,561,119.05,47564,47003
AM003114,APP002,2025-08-27,2025-06-15 17:00:00,1421,12929,125,234.57,12929,12804
AM003115,APP003,2025-05-12,2025-02-14 16:00:00,1414,44519,1475,113.85,44519,43044
AM003116,APP006,2026-07-08,2025-01-28 18:00:00,1380,34522,303,236.22,34522,34219
AM003117,APP007,2025-05-22,2026-06-30 16:00:00,1390,44563,1413,170.97,44563,43150
AM003118,APP004,2025-08-22,2026-12-16 01:00:00,1425,29043,553,56.52,29043,28490
AM003119,APP004,2026-01-19,2025-09-04 06:00:00,1409,5501,254,344.74,5501,5247
AM003120,APP006,2026-07-03,2026-10-06 05:00:00,1387,28649,931,280.23,28649,27718
AM003121,APP002,2025-01-19,2025-06-05 17:00:00,1400,7383,96,349.32,7383,7287
AM003122,APP005,2026-01-01,2026-12-09 10:00:00,1395,6026,172,26.69,6026,5854
AM003123,APP005,2025-01-27,2026-08-18 05:00:00,1382,8765,144,186.56,8765,8621
AM003124,APP006,2025-09-30,2026-01-21 22:00:00,1416,16425,385,97.53,16425,16040
AM003125,APP003,2026-02-19,2026-01-06 18:00:00,1399,42697,1424,284.02,42697,41273
AM003126,APP002,2026-01-19,2026-09-03 05:00:00,1380,24242,647,38.71,24242,23595
AM003127,APP004,2025-10-01,2026-12-13 06:00:00,1388,9897,440,215.6,9897,9457
AM003128,APP008,2026-10-16,2026-08-27 21:00:00,1402,32255,657,146.56,32255,31598
AM003129,APP003,2026-01-23,2026-08-12 17:00:00,1439,31745,432,32.0,31745,31313
AM003130,APP008,2026-05-14,2026-03-14 11:00:00,1433,20789,974,214.29,20789,19815
AM003131,APP008,2026-04-21,2025-04-22 13:00:00,1438,29916,744,332.84,29916,29172
AM003132,APP006,2026-10-11,2025-09-29 03:00:00,1403,25068,1097,180.13,25068,23971
AM003133,APP005,2026-07-02,2025-05-02 10:00:00,1408,35119,49,119.54,35119,35070
AM003134,APP001,2025-10-31,2025-06-16 03:00:00,1426,41787,1799,97.69,41787,39988
AM003135,APP006,2026-08-06,2026-09-19 11:00:00,1399,28652,1079,68.72,28652,27573
AM003136,APP005,2026-03-10,2025-01-12 10:00:00,1399,20461,425,82.88,20461,20036
AM003137,APP007,2025-12-12,2025-01-21 19:00:00,1401,33196,79,131.4,33196,33117
AM003138,APP008,2026-02-15,2026-05-24 13:00:00,1417,33797,367,114.43,33797,33430
AM003139,APP007,2026-12-11,2025-02-21 11:00:00,1418,23752,85,74.57,23752,23667
AM003140,APP008,2026-10-15,2026-09-28 09:00:00,1404,27417,477,124.09,27417,26940
AM003141,APP007,2025-09-25,2025-03-30 14:00:00,1414,23158,1131,141.6,23158,22027
AM003142,APP005,2026-08-02,2026-10-22 01:00:00,1427,24037,460,158.22,24037,23577
AM003143,APP007,2026-08-17,2026-05-27 06:00:00,1404,35365,83,77.76,35365,35282
AM003144,APP004,2026-03-02,2026-03-28 16:00:00,1417,19452,110,39.19,19452,19342
AM003145,APP006,2025-09-19,2026-07-12 18:00:00,1436,45502,259,107.88,45502,45243
AM003146,APP007,2026-12-04,2026-01-19 03:00:00,1411,32537,1053,115.05,32537,31484
AM003147,APP007,2025-09-24,2026-03-28 15:00:00,1381,1347,38,59.79,1347,1309
AM003148,APP004,2026-05-19,2026-08-15 20:00:00,1420,44286,1843,146.53,44286,42443
AM003149,APP003,2025-12-30,2026-04-12 15:00:00,1432,46977,1607,183.33,46977,45370
AM003150,APP006,2026-04-16,2025-09-10 12:00:00,1425,30002,563,72.6,30002,29439
AM003151,APP001,2026-02-06,2026-07-25 22:00:00,1407,35754,1186,180.92,35754,34568
AM003152,APP006,2025-03-18,2026-09-22 16:00:00,1391,37925,643,78.55,37925,37282
AM003153,APP004,2026-04-07,2026-08-14 08:00:00,1413,3213,102,65.74,3213,3111
AM003154,APP002,2026-11-25,2025-07-09 03:00:00,1383,38984,1712,226.56,38984,37272
AM003155,APP004,2025-09-20,2026-06-02 08:00:00,1436,49987,1817,47.98,49987,48170
AM003156,APP007,2025-12-14,2026-09-16 21:00:00,1438,22127,37,262.77,22127,22090
AM003157,APP004,2026-11-24,2026-07-23 12:00:00,1397,45468,2158,209.43,45468,43310
AM003158,APP001,2026-10-21,2026-05-25 20:00:00,1412,31893,517,341.39,31893,31376
AM003159,APP001,2025-10-05,2026-09-01 21:00:00,1392,15387,30,321.59,15387,15357
AM003160,APP002,2025-04-18,2025-04-14 17:00:00,1390,1442,49,183.58,1442,1393
AM003161,APP005,2025-02-10,2025-06-15 02:00:00,1396,45802,121,124.52,45802,45681
AM003162,APP002,2025-12-10,2025-09-10 03:00:00,1386,10113,187,155.51,10113,9926
AM003163,APP001,2025-09-18,2026-08-03 02:00:00,1422,15820,137,163.26,15820,15683
AM003164,APP007,2025-12-27,2025-06-10 16:00:00,1416,25128,1229,298.38,25128,23899
AM003165,APP008,2026-08-24,2026-01-21 00:00:00,1413,33601,1557,219.67,33601,32044
AM003166,APP001,2025-06-11,2026-03-31 21:00:00,1403,45814,106,216.75,45814,45708
AM003167,APP002,2025-07-12,2026-03-04 08:00:00,1423,40054,1428,280.88,40054,38626
AM003168,APP006,2025-05-19,2025-07-31 19:00:00,1418,18238,878,228.46,18238,17360
AM003169,APP004,2026-03-11,2026-12-08 14:00:00,1382,1062,51,97.9,1062,1011
AM003170,APP003,2025-07-13,2025-12-20 15:00:00,1426,28533,129,335.66,28533,28404
AM003171,APP005,2025-10-28,2026-07-15 16:00:00,1417,27238,741,283.4,27238,26497
AM003172,APP002,2026-11-17,2025-05-09 23:00:00,1424,6785,250,118.23,6785,6535
AM003173,APP008,2026-06-29,2025-09-02 13:00:00,1435,41705,261,332.44,41705,41444
AM003174,APP003,2026-02-20,2026-02-24 19:00:00,1396,6976,267,319.33,6976,6709
AM003175,APP001,2026-01-21,2025-05-19 09:00:00,1435,16439,585,96.65,16439,15854
AM003176,APP006,2025-09-26,2026-03-14 11:00:00,1433,11363,217,108.81,11363,11146
AM003177,APP006,2026-10-13,2025-06-03 00:00:00,1392,6177,302,148.08,6177,5875
AM003178,APP001,2025-09-20,2025-08-05 15:00:00,1430,16535,692,206.77,16535,15843
AM003179,APP005,2026-11-06,2026-02-05 10:00:00,1390,9298,160,165.38,9298,9138
AM003180,APP001,2026-10-21,2025-12-15 10:00:00,1434,48942,1434,218.76,48942,47508
AM003181,APP002,2026-12-19,2025-04-07 06:00:00,1429,43415,590,156.28,43415,42825
AM003182,APP004,2026-06-05,2026-06-13 05:00:00,1414,30206,587,150.66,30206,29619
AM003183,APP001,2026-03-26,2025-05-22 12:00:00,1406,26326,976,164.09,26326,25350
AM003184,APP008,2025-04-28,2025-07-30 15:00:00,1439,2695,99,77.51,2695,2596
AM003185,APP007,2026-11-02,2025-10-17 09:00:00,1421,34794,1319,181.57,34794,33475
AM003186,APP008,2025-03-16,2025-10-26 12:00:00,1409,34657,951,107.59,34657,33706
AM003187,APP005,2025-04-17,2026-02-28 19:00:00,1439,45239,1232,61.77,45239,44007
AM003188,APP003,2026-12-21,2025-12-19 23:00:00,1419,18261,681,314.59,18261,17580
AM003189,APP008,2025-12-09,2026-08-15 23:00:00,1402,39121,933,235.9,39121,38188
AM003190,APP006,2025-10-24,2025-10-16 03:00:00,1380,20107,906,277.5,20107,19201
AM003191,APP001,2026-05-14,2026-04-19 20:00:00,1420,13939,541,220.9,13939,13398
AM003192,APP002,2025-11-13,2025-12-26 00:00:00,1408,24942,1222,52.01,24942,23720
AM003193,APP001,2026-10-12,2026-12-22 10:00:00,1390,41616,1963,129.57,41616,39653
AM003194,APP005,2025-02-04,2025-05-24 22:00:00,1414,14692,661,342.46,14692,14031
AM003195,APP003,2025-03-02,2026-02-08 02:00:00,1431,38772,44,292.83,38772,38728
AM003196,APP007,2025-10-28,2025-02-12 16:00:00,1435,33535,1202,118.02,33535,32333
AM003197,APP006,2026-06-18,2026-04-25 17:00:00,1404,26094,1299,77.45,26094,24795
AM003198,APP004,2026-01-30,2025-04-28 03:00:00,1428,19735,450,151.7,19735,19285
AM003199,APP002,2026-08-17,2026-10-14 01:00:00,1393,28463,1276,236.77,28463,27187
AM003200,APP003,2026-10-15,2025-01-13 20:00:00,1426,35575,858,279.8,35575,34717
AM003201,APP003,2025-02-12,2026-07-05 20:00:00,1434,37406,747,52.58,37406,36659
AM003202,APP001,2026-02-15,2026-06-05 21:00:00,1424,42337,447,291.66,42337,41890
AM003203,APP006,2025-03-06,2025-05-12 13:00:00,1432,18852,357,152.09,18852,18495
AM003204,APP002,2025-02-05,2026-07-01 04:00:00,1436,29642,469,344.62,29642,29173
AM003205,APP003,2025-06-16,2026-07-22 12:00:00,1404,14056,67,140.66,14056,13989
AM003206,APP005,2025-07-26,2026-09-27 11:00:00,1421,46229,400,112.63,46229,45829
AM003207,APP003,2026-03-13,2025-12-14 19:00:00,1399,21969,605,325.42,21969,21364
AM003208,APP001,2025-04-17,2026-09-10 07:00:00,1390,22656,687,25.66,22656,21969
AM003209,APP001,2026-08-20,2026-08-24 17:00:00,1395,16290,103,337.81,16290,16187
AM003210,APP007,2026-12-04,2025-01-28 21:00:00,1424,48734,147,263.83,48734,48587
AM003211,APP005,2025-06-24,2025-06-18 15:00:00,1430,20815,529,49.96,20815,20286
AM003212,APP002,2025-09-09,2025-08-13 21:00:00,1439,29617,751,34.38,29617,28866
AM003213,APP002,2026-11-21,2025-01-17 01:00:00,1380,11984,422,72.73,11984,11562
AM003214,APP003,2026-05-03,2025-12-17 02:00:00,1392,1772,24,251.93,1772,1748
AM003215,APP008,2026-08-10,2026-11-09 19:00:00,1400,16236,672,27.12,16236,15564
AM003216,APP002,2025-05-23,2026-07-01 13:00:00,1420,25175,1163,228.48,25175,24012
AM003217,APP005,2026-03-04,2025-11-26 14:00:00,1398,12612,350,75.06,12612,12262
AM003218,APP006,2026-11-15,2026-02-26 16:00:00,1404,6444,267,207.77,6444,6177
AM003219,APP004,2026-11-02,2026-02-01 00:00:00,1402,12039,589,330.02,12039,11450
AM003220,APP002,2026-09-07,2026-12-13 12:00:00,1381,34854,575,66.9,34854,34279
AM003221,APP008,2025-10-15,2025-03-05 20:00:00,1438,5706,225,69.67,5706,5481
AM003222,APP001,2026-05-17,2025-07-17 17:00:00,1402,39013,361,140.8,39013,38652
AM003223,APP004,2025-12-20,2025-04-13 18:00:00,1414,9020,296,103.78,9020,8724
AM003224,APP002,2026-02-05,2026-07-07 13:00:00,1434,4301,49,242.36,4301,4252
AM003225,APP001,2026-07-10,2025-06-25 11:00:00,1400,49099,2186,334.97,49099,46913
AM003226,APP003,2025-09-02,2026-06-27 12:00:00,1389,15473,617,203.26,15473,14856
AM003227,APP003,2026-10-29,2025-07-22 21:00:00,1435,49885,2290,200.64,49885,47595
AM003228,APP007,2026-08-26,2025-03-11 18:00:00,1426,8696,122,213.46,8696,8574
AM003229,APP007,2025-11-18,2025-09-10 11:00:00,1439,37253,591,161.73,37253,36662
AM003230,APP006,2025-10-01,2026-01-24 05:00:00,1393,17783,359,71.89,17783,17424
AM003231,APP008,2025-10-27,2025-12-18 20:00:00,1391,35088,1072,291.57,35088,34016
AM003232,APP008,2025-10-19,2025-09-16 03:00:00,1403,40050,696,197.62,40050,39354
AM003233,APP006,2026-01-18,2025-09-30 00:00:00,1419,1230,43,49.03,1230,1187
AM003234,APP007,2025-03-29,2026-02-15 17:00:00,1396,22538,987,192.25,22538,21551
AM003235,APP002,2026-05-25,2025-09-08 03:00:00,1427,6159,115,120.44,6159,6044
AM003236,APP002,2025-11-30,2025-02-19 14:00:00,1382,21068,345,281.55,21068,20723
AM003237,APP008,2025-01-08,2025-10-01 05:00:00,1439,7621,241,159.87,7621,7380
AM003238,APP001,2025-09-01,2026-05-10 14:00:00,1438,29505,243,256.45,29505,29262
AM003239,APP001,2026-08-31,2026-01-30 16:00:00,1389,2597,43,276.13,2597,2554
AM003240,APP001,2026-12-21,2026-09-05 01:00:00,1397,41412,490,20.37,41412,40922
AM003241,APP007,2025-03-26,2025-03-17 13:00:00,1381,49905,2392,64.42,49905,47513
AM003242,APP004,2026-07-02,2026-08-18 03:00:00,1436,45930,2105,301.33,45930,43825
AM003243,APP006,2026-02-25,2026-01-20 06:00:00,1429,1254,54,25.31,1254,1200
AM003244,APP007,2025-08-17,2026-08-26 01:00:00,1405,48134,1569,311.27,48134,46565
AM003245,APP003,2026-01-20,2026-05-14 16:00:00,1407,14345,55,58.74,14345,14290
AM003246,APP007,2026-02-17,2026-02-18 11:00:00,1387,48701,227,33.66,48701,48474
AM003247,APP006,2025-07-29,2025-05-25 07:00:00,1391,1134,37,172.66,1134,1097
AM003248,APP006,2025-12-29,2026-10-14 01:00:00,1385,15884,359,338.34,15884,15525
AM003249,APP004,2025-12-01,2025-07-01 11:00:00,1396,16764,240,205.32,16764,16524
AM003250,APP002,2026-06-16,2025-12-13 18:00:00,1431,42712,739,29.6,42712,41973
AM003251,APP005,2026-06-09,2026-02-07 01:00:00,1428,2537,105,261.04,2537,2432
AM003252,APP002,2025-01-26,2026-01-06 07:00:00,1385,13715,447,232.56,13715,13268
AM003253,APP003,2025-07-30,2025-01-10 02:00:00,1439,36130,1535,122.78,36130,34595
AM003254,APP005,2026-09-17,2025-02-04 10:00:00,1396,10271,70,291.42,10271,10201
AM003255,APP004,2025-08-26,2026-04-17 11:00:00,1422,31791,275,318.04,31791,31516
AM003256,APP002,2025-11-27,2026-07-14 05:00:00,1393,29576,928,62.96,29576,28648
AM003257,APP007,2026-09-26,2026-09-20 01:00:00,1396,15621,681,321.45,15621,14940
AM003258,APP007,2026-05-30,2025-01-27 11:00:00,1405,29593,1034,262.42,29593,28559
AM003259,APP002,2025-08-08,2026-08-29 21:00:00,1422,2616,76,272.69,2616,2540
AM003260,APP004,2025-01-13,2025-12-16 05:00:00,1410,38739,1130,336.32,38739,37609
AM003261,APP008,2026-12-18,2025-09-09 14:00:00,1418,16089,631,269.42,16089,15458
AM003262,APP003,2026-01-17,2026-08-22 08:00:00,1399,16343,149,145.5,16343,16194
AM003263,APP005,2026-01-06,2025-07-23 00:00:00,1415,30591,1058,333.23,30591,29533
AM003264,APP004,2025-08-11,2025-04-21 08:00:00,1417,36610,1564,274.14,36610,35046
AM003265,APP006,2026-03-18,2025-03-23 14:00:00,1415,4189,89,265.51,4189,4100
AM003266,APP001,2025-01-18,2025-08-25 18:00:00,1393,20816,263,121.29,20816,20553
AM003267,APP004,2026-07-02,2025-01-07 15:00:00,1413,13244,395,164.34,13244,12849
AM003268,APP006,2026-06-21,2026-10-29 20:00:00,1437,37188,527,253.19,37188,36661
AM003269,APP008,2026-03-29,2025-01-06 21:00:00,1387,41394,421,223.87,41394,40973
AM003270,APP005,2025-06-13,2025-07-09 18:00:00,1432,21292,762,255.48,21292,20530
AM003271,APP008,2025-03-20,2026-01-01 10:00:00,1416,9216,459,199.44,9216,8757
AM003272,APP008,2025-09-18,2025-08-16 05:00:00,1434,35984,776,336.1,35984,35208
AM003273,APP008,2026-05-21,2025-11-13 22:00:00,1413,26676,755,268.16,26676,25921
AM003274,APP002,2026-12-20,2025-04-29 11:00:00,1403,5608,245,239.59,5608,5363
AM003275,APP005,2026-09-20,2026-05-14 10:00:00,1429,21568,906,25.89,21568,20662
AM003276,APP006,2026-04-19,2026-04-12 19:00:00,1406,46174,908,83.13,46174,45266
AM003277,APP002,2025-01-15,2025-02-25 08:00:00,1382,44167,345,106.76,44167,43822
AM003278,APP001,2025-09-24,2025-12-06 00:00:00,1404,36531,1200,113.26,36531,35331
AM003279,APP007,2026-09-07,2025-12-14 03:00:00,1395,34528,559,228.14,34528,33969
AM003280,APP007,2025-06-23,2025-06-10 11:00:00,1424,13121,291,44.03,13121,12830
AM003281,APP004,2025-08-25,2026-10-22 22:00:00,1436,8404,237,210.34,8404,8167
AM003282,APP001,2025-09-15,2026-02-06 04:00:00,1407,20138,548,281.63,20138,19590
AM003283,APP005,2025-07-21,2025-07-25 19:00:00,1429,14761,569,142.26,14761,14192
AM003284,APP002,2026-06-16,2026-02-04 08:00:00,1417,6790,55,257.64,6790,6735
AM003285,APP001,2026-02-11,2026-06-15 04:00:00,1418,28287,1084,94.17,28287,27203
AM003286,APP007,2025-11-22,2026-09-30 14:00:00,1387,2601,94,132.37,2601,2507
AM003287,APP008,2025-07-24,2026-04-13 17:00:00,1423,2786,35,47.67,2786,2751
AM003288,APP005,2025-01-16,2025-10-29 14:00:00,1438,6620,220,342.99,6620,6400
AM003289,APP004,2026-11-25,2026-08-06 01:00:00,1390,35686,353,160.04,35686,35333
AM003290,APP002,2026-06-18,2025-07-10 02:00:00,1385,32371,338,184.58,32371,32033
AM003291,APP002,2025-12-31,2025-11-16 23:00:00,1423,19148,766,134.23,19148,18382
AM003292,APP007,2026-04-16,2025-06-11 20:00:00,1438,34754,304,345.91,34754,34450
AM003293,APP003,2026-07-10,2026-03-01 19:00:00,1413,39333,1222,51.41,39333,38111
AM003294,APP003,2025-07-13,2026-05-26 02:00:00,1403,22167,397,43.36,22167,21770
AM003295,APP004,2025-01-30,2025-05-11 05:00:00,1399,11161,278,136.4,11161,10883
AM003296,APP004,2026-02-04,2026-08-10 04:00:00,1428,8667,158,75.23,8667,8509
AM003297,APP005,2026-02-02,2025-02-15 00:00:00,1429,40353,1617,131.44,40353,38736
AM003298,APP002,2025-07-07,2026-05-08 13:00:00,1401,11297,216,234.73,11297,11081
AM003299,APP003,2025-11-03,2026-11-20 16:00:00,1412,31709,188,167.4,31709,31521
AM003300,APP008,2025-05-05,2025-02-14 12:00:00,1392,26873,457,330.97,26873,26416
AM003301,APP001,2026-06-10,2025-10-11 13:00:00,1435,16946,195,163.79,16946,16751
AM003302,APP001,2025-08-26,2025-03-30 14:00:00,1387,30754,143,262.23,30754,30611
AM003303,APP001,2025-02-21,2025-06-18 12:00:00,1386,45634,1154,100.45,45634,44480
AM003304,APP005,2026-01-13,2025-07-22 13:00:00,1392,38125,1211,131.23,38125,36914
AM003305,APP008,2025-02-07,2025-02-08 20:00:00,1423,38486,73,293.16,38486,38413
AM003306,APP002,2026-10-20,2026-05-02 09:00:00,1411,21394,543,78.51,21394,20851
AM003307,APP004,2026-04-18,2026-05-20 19:00:00,1398,17155,517,332.0,17155,16638
AM003308,APP006,2025-12-16,2025-01-31 12:00:00,1389,14887,737,55.26,14887,14150
AM003309,APP003,2025-08-01,2025-07-11 01:00:00,1399,41219,592,92.48,41219,40627
AM003310,APP007,2026-01-02,2026-07-16 02:00:00,1392,33690,69,107.65,33690,33621
AM003311,APP006,2025-03-04,2026-08-24 02:00:00,1394,41088,1969,232.17,41088,39119
AM003312,APP001,2025-04-16,2026-12-28 08:00:00,1417,8398,278,67.95,8398,8120
AM003313,APP008,2026-01-03,2025-03-01 19:00:00,1415,41259,1431,244.16,41259,39828
AM003314,APP003,2026-07-02,2025-09-23 12:00:00,1391,14928,740,307.11,14928,14188
AM003315,APP006,2025-05-28,2025-07-04 21:00:00,1410,13770,453,119.85,13770,13317
AM003316,APP003,2026-08-31,2025-05-16 16:00:00,1398,36145,705,192.24,36145,35440
AM003317,APP003,2026-10-14,2025-07-20 04:00:00,1413,45086,825,133.37,45086,44261
AM003318,APP002,2025-10-06,2025-11-07 09:00:00,1432,45121,1484,194.77,45121,43637
AM003319,APP006,2026-03-06,2025-09-10 13:00:00,1382,14865,375,331.98,14865,14490
AM003320,APP003,2025-05-20,2025-04-14 14:00:00,1381,29565,811,323.1,29565,28754
AM003321,APP001,2025-12-17,2026-12-27 08:00:00,1409,40064,1038,63.24,40064,39026
AM003322,APP001,2026-06-11,2026-02-06 01:00:00,1421,30177,702,155.2,30177,29475
AM003323,APP003,2026-12-03,2026-11-05 03:00:00,1432,10442,501,101.66,10442,9941
AM003324,APP002,2026-11-14,2026-09-06 02:00:00,1427,49397,777,284.13,49397,48620
AM003325,APP008,2025-04-04,2026-01-15 19:00:00,1439,25538,126,338.03,25538,25412
AM003326,APP001,2026-01-09,2025-04-28 11:00:00,1394,29950,1003,28.58,29950,28947
AM003327,APP005,2025-10-23,2025-06-05 16:00:00,1415,40241,1703,137.64,40241,38538
AM003328,APP007,2025-04-22,2026-02-13 04:00:00,1401,48924,1956,229.29,48924,46968
AM003329,APP005,2026-04-29,2026-12-26 05:00:00,1393,16252,185,25.88,16252,16067
AM003330,APP007,2025-08-02,2025-01-07 09:00:00,1400,35886,1638,112.35,35886,34248
AM003331,APP003,2026-07-08,2025-05-27 08:00:00,1414,31901,622,43.73,31901,31279
AM003332,APP002,2026-04-05,2025-04-21 14:00:00,1381,32405,911,125.05,32405,31494
AM003333,APP004,2025-02-26,2025-09-11 07:00:00,1433,22573,355,338.58,22573,22218
AM003334,APP005,2026-12-13,2026-07-22 23:00:00,1427,45880,2211,60.84,45880,43669
AM003335,APP004,2025-03-21,2026-07-29 01:00:00,1381,29834,1077,307.31,29834,28757
AM003336,APP007,2026-08-01,2026-05-13 00:00:00,1391,9869,293,65.01,9869,9576
AM003337,APP001,2026-02-19,2025-10-11 11:00:00,1410,1261,37,76.72,1261,1224
AM003338,APP003,2025-03-15,2026-01-01 22:00:00,1409,21740,943,135.46,21740,20797
AM003339,APP006,2026-04-20,2026-01-02 22:00:00,1381,27250,621,240.59,27250,26629
AM003340,APP006,2026-10-09,2025-06-15 11:00:00,1393,9982,217,260.1,9982,9765
AM003341,APP001,2026-10-13,2026-09-15 18:00:00,1381,38616,1208,222.67,38616,37408
AM003342,APP006,2026-10-02,2025-12-10 00:00:00,1434,33656,1377,174.18,33656,32279
AM003343,APP002,2025-09-06,2026-04-25 17:00:00,1389,13403,376,258.11,13403,13027
AM003344,APP005,2026-09-29,2025-04-22 06:00:00,1427,20999,632,231.87,20999,20367
AM003345,APP003,2026-03-07,2026-12-02 22:00:00,1399,5393,239,168.15,5393,5154
AM003346,APP007,2026-12-20,2025-03-15 21:00:00,1411,6566,234,144.91,6566,6332
AM003347,APP007,2026-08-27,2026-04-10 14:00:00,1414,42735,1385,101.7,42735,41350
AM003348,APP005,2026-09-04,2025-04-14 11:00:00,1408,15398,372,329.77,15398,15026
AM003349,APP004,2025-04-20,2026-11-08 18:00:00,1411,3147,119,178.22,3147,3028
AM003350,APP004,2025-03-04,2026-12-19 13:00:00,1389,10827,231,82.12,10827,10596
AM003351,APP002,2025-09-08,2026-07-28 00:00:00,1417,2511,67,131.77,2511,2444
AM003352,APP006,2026-05-03,2026-09-16 08:00:00,1402,46547,2170,22.03,46547,44377
AM003353,APP002,2026-06-19,2026-04-03 23:00:00,1382,24222,362,325.57,24222,23860
AM003354,APP005,2026-06-13,2025-09-19 23:00:00,1416,40822,706,160.5,40822,40116
AM003355,APP008,2025-05-20,2026-09-18 08:00:00,1402,30512,86,131.94,30512,30426
AM003356,APP006,2025-11-26,2026-10-02 01:00:00,1395,17921,577,162.99,17921,17344
AM003357,APP004,2026-02-03,2025-10-31 04:00:00,1416,27887,1371,49.77,27887,26516
AM003358,APP004,2026-06-15,2025-03-22 03:00:00,1408,22263,632,173.12,22263,21631
AM003359,APP008,2025-02-02,2025-03-25 14:00:00,1380,22326,822,213.27,22326,21504
AM003360,APP002,2026-02-20,2026-01-15 14:00:00,1397,6263,196,166.94,6263,6067
AM003361,APP005,2026-11-18,2026-10-28 22:00:00,1412,16338,112,114.95,16338,16226
AM003362,APP003,2025-06-12,2026-07-02 17:00:00,1431,32255,818,187.33,32255,31437
AM003363,APP007,2026-06-21,2025-12-10 17:00:00,1421,22467,690,326.16,22467,21777
AM003364,APP008,2025-04-03,2025-09-25 07:00:00,1402,6528,262,243.24,6528,6266
AM003365,APP005,2026-08-30,2026-08-19 16:00:00,1394,21328,989,173.61,21328,20339
AM003366,APP008,2026-01-06,2025-12-24 09:00:00,1382,46011,327,238.76,46011,45684
AM003367,APP003,2025-11-28,2025-12-26 11:00:00,1394,12912,114,74.5,12912,12798
AM003368,APP006,2026-01-19,2025-11-10 23:00:00,1395,28543,1318,193.25,28543,27225
AM003369,APP007,2025-08-25,2025-04-11 17:00:00,1427,26208,794,306.87,26208,25414
AM003370,APP007,2026-04-20,2025-03-12 22:00:00,1400,17047,525,107.04,17047,16522
AM003371,APP005,2026-03-16,2026-05-17 02:00:00,1410,4738,168,28.44,4738,4570
AM003372,APP008,2025-02-04,2025-03-05 07:00:00,1411,9272,156,282.79,9272,9116
AM003373,APP008,2026-06-05,2026-09-09 10:00:00,1405,44961,2070,155.11,44961,42891
AM003374,APP005,2025-08-07,2025-06-29 02:00:00,1429,3658,125,86.8,3658,3533
AM003375,APP005,2025-11-29,2025-09-09 21:00:00,1418,25232,1050,310.71,25232,24182
AM003376,APP007,2026-08-07,2026-04-03 17:00:00,1391,22009,826,290.11,22009,21183
AM003377,APP001,2026-01-06,2025-10-20 14:00:00,1429,2127,22,107.96,2127,2105
AM003378,APP005,2025-06-23,2026-12-13 22:00:00,1407,41076,198,34.48,41076,40878
AM003379,APP003,2026-12-07,2026-01-14 11:00:00,1393,31042,1062,145.93,31042,29980
AM003380,APP002,2026-04-01,2026-10-23 07:00:00,1419,6767,61,284.42,6767,6706
AM003381,APP004,2026-07-28,2025-07-21 15:00:00,1418,40790,1599,338.8,40790,39191
AM003382,APP007,2026-03-04,2026-12-26 10:00:00,1402,20699,200,196.22,20699,20499
AM003383,APP005,2026-11-25,2025-07-03 21:00:00,1418,31410,1160,272.12,31410,30250
AM003384,APP005,2026-08-24,2026-08-20 20:00:00,1386,10165,439,321.23,10165,9726
AM003385,APP006,2026-01-19,2025-10-09 04:00:00,1413,9520,328,280.6,9520,9192
AM003386,APP003,2025-03-11,2026-11-09 08:00:00,1380,33894,1443,337.1,33894,32451
AM003387,APP003,2026-11-07,2025-03-23 02:00:00,1422,26481,1105,285.3,26481,25376
AM003388,APP004,2025-03-08,2026-10-19 14:00:00,1393,48761,132,29.64,48761,48629
AM003389,APP002,2026-04-20,2025-01-08 18:00:00,1392,36934,1604,142.78,36934,35330
AM003390,APP003,2025-09-02,2025-10-15 09:00:00,1419,14093,596,16.09,14093,13497
AM003391,APP001,2025-06-25,2026-09-28 19:00:00,1434,38823,958,93.76,38823,37865
AM003392,APP006,2026-05-22,2025-06-10 13:00:00,1383,19147,165,78.76,19147,18982
AM003393,APP006,2025-02-09,2026-08-28 23:00:00,1417,40075,1444,314.39,40075,38631
AM003394,APP002,2025-01-07,2025-04-22 08:00:00,1416,44764,1703,88.8,44764,43061
AM003395,APP007,2026-07-14,2025-11-04 20:00:00,1425,19327,230,74.58,19327,19097
AM003396,APP005,2026-06-23,2025-10-07 15:00:00,1424,7983,372,88.46,7983,7611
AM003397,APP006,2026-07-31,2025-02-07 10:00:00,1383,26317,463,33.72,26317,25854
AM003398,APP002,2026-07-19,2026-05-24 11:00:00,1425,9687,109,344.11,9687,9578
AM003399,APP002,2026-09-26,2025-12-22 08:00:00,1387,7137,115,43.22,7137,7022
AM003400,APP005,2025-05-16,2026-04-25 13:00:00,1398,24080,741,293.42,24080,23339
AM003401,APP003,2025-12-31,2026-02-25 00:00:00,1431,39909,471,306.05,39909,39438
AM003402,APP005,2026-10-26,2026-03-17 13:00:00,1419,48180,1156,97.45,48180,47024
AM003403,APP001,2026-12-27,2025-08-18 01:00:00,1427,47467,2078,320.78,47467,45389
AM003404,APP002,2025-07-15,2026-04-22 14:00:00,1416,17797,221,63.55,17797,17576
AM003405,APP006,2025-03-14,2026-04-04 14:00:00,1392,42843,71,55.96,42843,42772
AM003406,APP001,2025-04-16,2026-04-20 07:00:00,1411,46327,2312,188.16,46327,44015
AM003407,APP005,2025-06-28,2026-05-12 09:00:00,1414,35946,119,77.47,35946,35827
AM003408,APP008,2026-12-24,2025-06-08 08:00:00,1421,3221,83,195.11,3221,3138
AM003409,APP007,2026-08-09,2026-12-29 02:00:00,1390,17232,307,68.73,17232,16925
AM003410,APP005,2026-06-27,2025-01-18 08:00:00,1425,27622,269,44.79,27622,27353
AM003411,APP005,2025-01-23,2026-10-23 11:00:00,1397,27033,75,191.15,27033,26958
AM003412,APP004,2025-02-27,2025-02-19 20:00:00,1399,2387,13,94.61,2387,2374
AM003413,APP005,2026-03-28,2025-08-06 09:00:00,1438,47092,2247,251.25,47092,44845
AM003414,APP001,2026-05-06,2025-05-01 17:00:00,1434,27003,393,78.45,27003,26610
AM003415,APP004,2025-06-01,2025-09-10 05:00:00,1387,39836,1603,222.76,39836,38233
AM003416,APP003,2026-02-19,2026-02-19 13:00:00,1415,1944,82,285.76,1944,1862
AM003417,APP002,2025-05-26,2025-05-07 11:00:00,1392,46226,566,216.98,46226,45660
AM003418,APP001,2025-01-03,2026-05-08 20:00:00,1381,32136,1375,150.03,32136,30761
AM003419,APP005,2025-12-01,2026-01-21 07:00:00,1428,38452,1034,237.65,38452,37418
AM003420,APP002,2025-06-04,2026-03-12 02:00:00,1386,40722,953,81.17,40722,39769
AM003421,APP004,2025-08-02,2026-06-11 04:00:00,1389,33918,249,120.24,33918,33669
AM003422,APP001,2026-05-14,2026-11-18 14:00:00,1399,12494,121,116.04,12494,12373
AM003423,APP006,2025-03-06,2025-03-21 12:00:00,1384,25144,682,208.79,25144,24462
AM003424,APP004,2025-10-02,2026-03-04 01:00:00,1421,4501,87,189.33,4501,4414
AM003425,APP005,2026-09-20,2026-07-15 16:00:00,1394,3844,10,198.2,3844,3834
AM003426,APP002,2026-03-22,2025-07-31 22:00:00,1423,11703,487,235.58,11703,11216
AM003427,APP004,2025-02-16,2025-09-07 10:00:00,1420,49576,813,168.25,49576,48763
AM003428,APP004,2026-03-26,2025-01-02 12:00:00,1416,28432,887,219.11,28432,27545
AM003429,APP008,2026-07-08,2026-11-29 04:00:00,1425,8992,271,270.35,8992,8721
AM003430,APP002,2025-03-16,2025-02-07 11:00:00,1437,29099,367,86.08,29099,28732
AM003431,APP005,2025-08-05,2026-05-08 09:00:00,1431,15291,762,97.06,15291,14529
AM003432,APP003,2025-12-18,2026-03-16 03:00:00,1413,12652,56,43.74,12652,12596
AM003433,APP003,2025-04-12,2025-09-19 22:00:00,1413,20658,746,316.97,20658,19912
AM003434,APP006,2025-04-11,2026-06-09 17:00:00,1399,33648,147,240.71,33648,33501
AM003435,APP007,2026-12-06,2026-02-08 08:00:00,1422,34006,1066,153.5,34006,32940
AM003436,APP007,2026-03-31,2026-08-05 06:00:00,1389,49594,2158,200.33,49594,47436
AM003437,APP006,2025-04-15,2025-10-03 11:00:00,1396,44763,1762,87.24,44763,43001
AM003438,APP008,2025-01-02,2026-05-21 17:00:00,1425,24829,190,173.24,24829,24639
AM003439,APP006,2026-06-13,2026-06-10 17:00:00,1433,22522,462,199.13,22522,22060
AM003440,APP002,2026-03-24,2026-03-27 00:00:00,1414,43189,289,69.19,43189,42900
AM003441,APP007,2025-10-28,2025-05-29 14:00:00,1384,11866,429,57.57,11866,11437
AM003442,APP007,2026-02-28,2025-11-08 22:00:00,1388,9812,212,215.07,9812,9600
AM003443,APP003,2025-05-26,2025-08-17 02:00:00,1384,1806,81,185.69,1806,1725
AM003444,APP003,2026-07-01,2025-03-01 06:00:00,1420,19391,348,132.53,19391,19043
AM003445,APP004,2025-10-10,2026-04-26 02:00:00,1439,39385,1539,164.3,39385,37846
AM003446,APP008,2025-09-02,2025-07-27 12:00:00,1401,40999,2027,94.51,40999,38972
AM003447,APP006,2025-12-08,2025-08-24 05:00:00,1397,10132,160,318.6,10132,9972
AM003448,APP008,2026-03-13,2026-08-12 00:00:00,1414,12469,165,66.41,12469,12304
AM003449,APP003,2025-02-24,2026-03-22 08:00:00,1431,35037,1656,277.59,35037,33381
AM003450,APP004,2025-10-05,2025-01-27 04:00:00,1422,40192,382,210.59,40192,39810
AM003451,APP003,2025-04-10,2025-06-26 12:00:00,1385,37409,638,157.92,37409,36771
AM003452,APP004,2026-09-27,2025-04-14 00:00:00,1434,28804,34,85.02,28804,28770
AM003453,APP003,2025-09-05,2026-11-06 06:00:00,1395,26473,358,176.34,26473,26115
AM003454,APP001,2025-04-29,2025-06-04 15:00:00,1384,49768,2410,89.55,49768,47358
AM003455,APP008,2025-10-31,2026-08-22 21:00:00,1407,20562,673,79.04,20562,19889
AM003456,APP004,2026-06-22,2026-02-04 08:00:00,1393,39283,260,335.22,39283,39023
AM003457,APP008,2026-03-07,2026-07-29 02:00:00,1436,36526,1205,337.01,36526,35321
AM003458,APP001,2025-05-05,2026-01-02 03:00:00,1386,9098,18,30.0,9098,9080
AM003459,APP005,2026-12-21,2025-06-18 21:00:00,1388,46246,676,221.58,46246,45570
AM003460,APP001,2026-08-04,2025-03-07 17:00:00,1415,4164,183,256.53,4164,3981
AM003461,APP007,2025-08-09,2025-04-11 01:00:00,1428,22293,32,255.88,22293,22261
AM003462,APP004,2025-07-01,2026-10-28 01:00:00,1413,27020,674,206.89,27020,26346
AM003463,APP006,2025-05-09,2025-11-02 13:00:00,1397,18712,546,48.46,18712,18166
AM003464,APP002,2025-01-31,2025-01-10 06:00:00,1433,13677,192,101.96,13677,13485
AM003465,APP002,2025-09-27,2025-04-10 10:00:00,1393,46594,1093,125.21,46594,45501
AM003466,APP008,2025-03-01,2026-06-12 09:00:00,1408,39988,195,107.92,39988,39793
AM003467,APP006,2026-11-17,2025-05-29 07:00:00,1389,39514,317,69.73,39514,39197
AM003468,APP001,2026-03-12,2025-10-22 15:00:00,1430,42314,1393,52.15,42314,40921
AM003469,APP003,2026-05-20,2025-10-18 13:00:00,1399,4611,77,161.85,4611,4534
AM003470,APP004,2026-06-08,2026-09-18 19:00:00,1418,18654,744,277.08,18654,17910
AM003471,APP002,2026-03-31,2026-02-17 12:00:00,1391,44633,1400,259.83,44633,43233
AM003472,APP007,2025-12-29,2026-11-27 11:00:00,1400,15491,489,28.84,15491,15002
AM003473,APP003,2026-04-25,2025-08-23 02:00:00,1395,5703,262,80.81,5703,5441
AM003474,APP001,2025-06-25,2026-01-23 02:00:00,1403,9373,324,234.99,9373,9049
AM003475,APP006,2025-02-25,2026-07-25 01:00:00,1407,38376,1576,85.22,38376,36800
AM003476,APP004,2025-01-31,2025-11-15 00:00:00,1424,9274,44,78.95,9274,9230
AM003477,APP002,2025-07-03,2026-01-12 14:00:00,1434,31785,750,49.11,31785,31035
AM003478,APP006,2026-01-02,2025-11-17 01:00:00,1394,49433,2139,32.91,49433,47294
AM003479,APP002,2025-06-09,2026-03-11 02:00:00,1409,7263,142,55.43,7263,7121
AM003480,APP008,2026-11-12,2026-12-02 12:00:00,1416,45054,1318,91.55,45054,43736
AM003481,APP001,2026-04-06,2025-02-20 13:00:00,1404,31054,304,269.11,31054,30750
AM003482,APP003,2026-09-16,2026-04-28 01:00:00,1402,9830,122,332.69,9830,9708
AM003483,APP007,2026-04-02,2026-03-28 10:00:00,1393,20859,262,123.44,20859,20597
AM003484,APP002,2025-05-14,2025-05-16 10:00:00,1436,10019,118,165.76,10019,9901
AM003485,APP001,2025-01-10,2026-07-28 04:00:00,1431,38647,722,77.16,38647,37925
AM003486,APP003,2026-06-19,2026-07-16 15:00:00,1403,35359,728,167.78,35359,34631
AM003487,APP003,2026-02-14,2025-12-07 04:00:00,1437,22590,833,182.31,22590,21757
AM003488,APP002,2025-05-04,2026-11-03 12:00:00,1400,5161,92,20.15,5161,5069
AM003489,APP008,2025-05-21,2025-05-08 03:00:00,1409,32353,904,258.77,32353,31449
AM003490,APP004,2025-04-07,2025-10-13 10:00:00,1409,31321,237,213.91,31321,31084
AM003491,APP001,2025-09-11,2025-05-31 11:00:00,1423,23118,790,346.43,23118,22328
AM003492,APP008,2026-02-08,2026-07-20 20:00:00,1383,22410,1091,184.33,22410,21319
AM003493,APP001,2025-11-22,2025-06-01 13:00:00,1419,40246,830,318.2,40246,39416
AM003494,APP006,2026-11-06,2026-02-06 10:00:00,1409,20258,110,264.13,20258,20148
AM003495,APP007,2025-01-30,2026-10-17 21:00:00,1392,29468,337,179.08,29468,29131
AM003496,APP008,2025-09-13,2025-11-16 05:00:00,1434,46716,1972,293.71,46716,44744
AM003497,APP005,2026-09-24,2026-04-01 16:00:00,1406,9817,465,244.43,9817,9352
AM003498,APP002,2026-01-06,2025-09-15 23:00:00,1385,17466,589,174.0,17466,16877
AM003499,APP003,2025-11-15,2025-02-19 17:00:00,1430,27720,396,165.77,27720,27324
AM003500,APP007,2025-04-09,2025-04-23 04:00:00,1429,15280,222,302.52,15280,15058
AM003501,APP007,2025-09-22,2026-04-14 05:00:00,1416,28058,484,199.91,28058,27574
AM003502,APP008,2025-09-21,2026-09-26 07:00:00,1404,7141,339,194.21,7141,6802
AM003503,APP005,2025-02-01,2025-05-17 07:00:00,1398,11979,239,289.74,11979,11740
AM003504,APP005,2026-08-31,2026-06-20 06:00:00,1380,16225,521,158.18,16225,15704
AM003505,APP002,2025-12-25,2026-10-09 13:00:00,1420,36768,401,319.57,36768,36367
AM003506,APP005,2026-09-28,2026-07-02 23:00:00,1436,7235,70,343.66,7235,7165
AM003507,APP001,2025-10-30,2026-05-31 16:00:00,1418,43029,411,23.6,43029,42618
AM003508,APP001,2026-05-30,2025-11-28 23:00:00,1436,31006,167,88.65,31006,30839
AM003509,APP005,2026-09-17,2026-02-23 23:00:00,1434,41400,212,295.1,41400,41188
AM003510,APP006,2025-06-17,2026-01-21 00:00:00,1405,20465,93,111.73,20465,20372
AM003511,APP008,2025-02-01,2026-07-04 13:00:00,1390,12339,606,87.07,12339,11733
AM003512,APP003,2026-07-28,2025-06-29 05:00:00,1384,31423,1402,25.27,31423,30021
AM003513,APP002,2025-12-25,2025-02-02 07:00:00,1417,23849,792,226.54,23849,23057
AM003514,APP008,2025-11-24,2026-07-11 12:00:00,1431,49630,715,189.68,49630,48915
AM003515,APP005,2025-06-08,2025-04-26 16:00:00,1429,4044,70,205.05,4044,3974
AM003516,APP002,2025-03-23,2026-07-09 11:00:00,1432,20122,205,176.27,20122,19917
AM003517,APP007,2025-03-27,2025-09-20 10:00:00,1407,18120,54,88.71,18120,18066
AM003518,APP006,2025-08-06,2026-05-25 21:00:00,1407,15648,237,198.76,15648,15411
AM003519,APP008,2026-04-06,2025-02-13 02:00:00,1421,32419,1423,342.55,32419,30996
AM003520,APP004,2025-02-08,2025-04-10 00:00:00,1424,31108,148,157.47,31108,30960
AM003521,APP006,2025-12-17,2025-02-01 06:00:00,1398,14001,380,326.63,14001,13621
AM003522,APP006,2025-07-15,2025-07-26 13:00:00,1418,29649,596,103.46,29649,29053
AM003523,APP004,2026-09-30,2025-05-14 22:00:00,1380,7571,285,216.17,7571,7286
AM003524,APP008,2026-03-10,2025-07-24 03:00:00,1387,47733,98,340.13,47733,47635
AM003525,APP004,2026-10-15,2025-12-24 16:00:00,1415,17799,52,61.88,17799,17747
AM003526,APP004,2025-04-14,2025-09-28 17:00:00,1415,4863,112,296.04,4863,4751
AM003527,APP008,2025-06-27,2025-05-02 00:00:00,1386,24027,1073,342.68,24027,22954
AM003528,APP004,2025-11-09,2026-07-10 19:00:00,1399,47416,2120,19.92,47416,45296
AM003529,APP003,2026-07-11,2025-09-09 18:00:00,1420,19642,387,93.45,19642,19255
AM003530,APP005,2025-09-04,2025-05-02 16:00:00,1420,19837,447,241.78,19837,19390
AM003531,APP004,2026-05-13,2026-02-24 15:00:00,1400,7159,330,245.1,7159,6829
AM003532,APP003,2026-03-08,2025-04-16 15:00:00,1426,28445,311,180.36,28445,28134
AM003533,APP004,2025-12-20,2025-04-11 07:00:00,1422,40782,1657,19.63,40782,39125
AM003534,APP004,2025-07-12,2025-08-29 08:00:00,1381,11451,120,270.79,11451,11331
AM003535,APP005,2025-04-26,2026-06-25 03:00:00,1396,44598,2067,274.55,44598,42531
AM003536,APP004,2025-02-19,2026-03-26 04:00:00,1425,21124,485,189.56,21124,20639
AM003537,APP005,2025-07-20,2026-10-15 12:00:00,1416,44523,58,306.58,44523,44465
AM003538,APP005,2025-04-02,2026-10-12 22:00:00,1382,1107,29,245.03,1107,1078
AM003539,APP001,2025-08-13,2026-08-16 01:00:00,1380,16646,348,296.91,16646,16298
AM003540,APP006,2026-09-03,2026-10-26 18:00:00,1395,20132,207,207.31,20132,19925
AM003541,APP004,2026-07-29,2025-05-28 22:00:00,1437,43837,1984,33.76,43837,41853
AM003542,APP002,2026-10-30,2025-01-16 14:00:00,1401,20186,883,240.18,20186,19303
AM003543,APP001,2026-01-01,2026-04-24 20:00:00,1393,2902,16,19.34,2902,2886
AM003544,APP002,2025-04-17,2025-07-09 17:00:00,1430,30043,691,40.52,30043,29352
AM003545,APP005,2025-05-03,2025-02-02 01:00:00,1435,7928,384,228.58,7928,7544
AM003546,APP002,2025-11-29,2025-02-22 23:00:00,1400,14159,318,28.4,14159,13841
AM003547,APP001,2026-08-18,2025-08-26 11:00:00,1426,44278,1035,161.54,44278,43243
AM003548,APP006,2026-06-06,2025-01-28 03:00:00,1436,32112,1305,135.4,32112,30807
AM003549,APP007,2025-08-15,2026-11-20 15:00:00,1433,4594,12,27.28,4594,4582
AM003550,APP002,2026-05-30,2025-05-01 08:00:00,1426,18998,919,322.84,18998,18079
AM003551,APP007,2026-03-20,2026-02-19 03:00:00,1404,46660,2247,303.12,46660,44413
AM003552,APP008,2025-04-16,2026-12-18 22:00:00,1435,28966,579,150.64,28966,28387
AM003553,APP001,2025-04-27,2025-08-09 05:00:00,1420,28609,1174,25.35,28609,27435
AM003554,APP008,2026-12-08,2026-02-27 04:00:00,1430,14985,593,304.96,14985,14392
AM003555,APP001,2025-08-25,2026-08-23 09:00:00,1397,8289,275,92.41,8289,8014
AM003556,APP006,2025-09-18,2026-04-14 16:00:00,1429,7443,75,334.35,7443,7368
AM003557,APP002,2026-01-17,2026-02-14 20:00:00,1427,13337,281,321.1,13337,13056
AM003558,APP003,2025-02-20,2025-12-31 19:00:00,1387,26477,624,34.54,26477,25853
AM003559,APP004,2026-11-16,2025-11-07 21:00:00,1409,10698,138,204.27,10698,10560
AM003560,APP006,2026-10-27,2025-03-28 12:00:00,1394,9838,466,78.79,9838,9372
AM003561,APP002,2026-08-30,2026-11-13 16:00:00,1404,46486,1378,147.64,46486,45108
AM003562,APP007,2026-04-03,2025-08-09 16:00:00,1393,37741,612,245.71,37741,37129
AM003563,APP002,2025-09-28,2026-01-04 13:00:00,1424,4145,9,238.1,4145,4136
AM003564,APP001,2026-06-26,2026-05-11 00:00:00,1402,20192,961,265.57,20192,19231
AM003565,APP008,2026-06-27,2025-01-30 10:00:00,1429,3774,66,18.1,3774,3708
AM003566,APP002,2025-06-27,2026-11-28 11:00:00,1437,23527,863,159.26,23527,22664
AM003567,APP004,2026-02-02,2026-05-22 12:00:00,1391,15116,695,349.18,15116,14421
AM003568,APP004,2026-05-05,2025-10-20 11:00:00,1380,36378,516,266.5,36378,35862
AM003569,APP006,2026-04-21,2026-04-18 04:00:00,1403,48890,276,319.96,48890,48614
AM003570,APP003,2026-02-14,2025-01-24 22:00:00,1411,48535,541,254.51,48535,47994
AM003571,APP005,2026-06-03,2025-08-19 06:00:00,1397,42749,1923,89.64,42749,40826
AM003572,APP003,2025-01-19,2026-05-13 22:00:00,1423,1819,16,223.6,1819,1803
AM003573,APP006,2025-12-24,2026-09-19 09:00:00,1435,30583,635,177.53,30583,29948
AM003574,APP003,2026-08-25,2025-12-30 16:00:00,1435,35711,541,123.26,35711,35170
AM003575,APP006,2026-04-15,2025-06-28 14:00:00,1403,29960,377,140.88,29960,29583
AM003576,APP002,2026-07-28,2025-03-19 00:00:00,1429,41807,831,207.6,41807,40976
AM003577,APP006,2026-11-26,2026-11-01 15:00:00,1425,29869,575,79.69,29869,29294
AM003578,APP007,2026-01-27,2026-02-06 03:00:00,1423,21485,439,156.86,21485,21046
AM003579,APP008,2025-10-19,2025-07-24 09:00:00,1404,34838,1286,203.9,34838,33552
AM003580,APP007,2026-03-16,2025-09-16 17:00:00,1392,22502,934,229.12,22502,21568
AM003581,APP002,2025-10-29,2026-11-03 22:00:00,1390,47331,841,177.45,47331,46490
AM003582,APP004,2025-12-29,2026-05-26 15:00:00,1397,9443,50,138.81,9443,9393
AM003583,APP002,2026-05-15,2025-06-20 07:00:00,1384,8519,327,296.9,8519,8192
AM003584,APP002,2025-01-10,2026-02-27 23:00:00,1432,38447,1745,16.16,38447,36702
AM003585,APP005,2026-06-25,2025-04-18 15:00:00,1424,21218,606,53.54,21218,20612
AM003586,APP004,2026-07-19,2026-01-23 18:00:00,1433,15161,754,305.58,15161,14407
AM003587,APP003,2026-11-07,2026-08-23 12:00:00,1429,28976,1148,114.57,28976,27828
AM003588,APP002,2026-03-11,2025-10-29 04:00:00,1427,7628,161,236.27,7628,7467
AM003589,APP003,2025-12-17,2026-02-16 03:00:00,1414,23836,900,139.31,23836,22936
AM003590,APP008,2026-10-05,2026-03-25 02:00:00,1435,33406,504,186.38,33406,32902
AM003591,APP006,2026-07-15,2026-10-18 08:00:00,1408,34322,460,156.64,34322,33862
AM003592,APP008,2025-04-09,2025-02-28 13:00:00,1424,27893,34,193.89,27893,27859
AM003593,APP001,2025-09-15,2025-04-11 21:00:00,1429,7570,120,305.91,7570,7450
AM003594,APP001,2025-10-09,2025-07-08 23:00:00,1417,5769,143,287.53,5769,5626
AM003595,APP003,2026-09-15,2025-10-21 18:00:00,1386,15974,203,93.29,15974,15771
AM003596,APP002,2025-03-29,2026-03-13 11:00:00,1425,7136,283,106.96,7136,6853
AM003597,APP004,2025-08-20,2025-08-29 02:00:00,1407,28615,1169,113.77,28615,27446
AM003598,APP003,2025-05-05,2026-04-15 02:00:00,1403,8215,24,43.53,8215,8191
AM003599,APP003,2026-02-06,2025-04-30 00:00:00,1432,1639,22,253.17,1639,1617
AM003600,APP006,2026-01-07,2026-01-06 07:00:00,1416,49863,1183,242.09,49863,48680
AM003601,APP006,2026-07-12,2025-08-06 02:00:00,1413,15399,224,129.31,15399,15175
AM003602,APP001,2025-12-22,2026-06-15 15:00:00,1426,7106,95,270.94,7106,7011
AM003603,APP004,2026-05-17,2026-04-04 12:00:00,1416,8489,49,267.05,8489,8440
AM003604,APP004,2025-04-25,2026-04-15 07:00:00,1439,26480,351,160.37,26480,26129
AM003605,APP004,2025-10-01,2025-06-23 19:00:00,1432,27334,377,155.8,27334,26957
AM003606,APP007,2025-12-02,2026-04-24 20:00:00,1389,42884,724,217.78,42884,42160
AM003607,APP006,2025-09-30,2025-04-05 08:00:00,1388,35693,772,244.69,35693,34921
AM003608,APP004,2026-10-03,2025-08-16 06:00:00,1389,8503,158,87.82,8503,8345
AM003609,APP005,2025-04-18,2026-10-19 19:00:00,1420,30155,965,149.43,30155,29190
AM003610,APP002,2025-09-26,2025-12-20 21:00:00,1428,9456,298,151.45,9456,9158
AM003611,APP003,2025-07-03,2025-08-19 19:00:00,1397,13918,565,35.38,13918,13353
AM003612,APP004,2025-11-15,2026-06-14 08:00:00,1398,17392,519,212.82,17392,16873
AM003613,APP006,2025-03-17,2025-07-16 03:00:00,1395,26633,365,102.69,26633,26268
AM003614,APP004,2025-06-14,2026-12-26 16:00:00,1387,21527,858,274.76,21527,20669
AM003615,APP007,2026-06-29,2025-03-20 02:00:00,1420,43278,779,85.88,43278,42499
AM003616,APP003,2026-03-06,2026-08-31 02:00:00,1404,17138,515,233.49,17138,16623
AM003617,APP004,2025-09-19,2026-01-11 01:00:00,1422,27180,168,121.46,27180,27012
AM003618,APP001,2025-12-09,2025-06-29 10:00:00,1407,29308,1156,183.79,29308,28152
AM003619,APP008,2025-10-18,2025-12-03 19:00:00,1439,22937,207,112.76,22937,22730
AM003620,APP001,2026-02-05,2026-04-11 16:00:00,1385,22862,581,302.61,22862,22281
AM003621,APP006,2026-03-16,2026-01-24 01:00:00,1406,47195,1348,42.46,47195,45847
AM003622,APP006,2026-05-12,2026-10-23 00:00:00,1418,6968,57,35.13,6968,6911
AM003623,APP007,2026-08-31,2026-11-26 16:00:00,1384,25200,226,151.89,25200,24974
AM003624,APP004,2026-05-28,2026-04-26 17:00:00,1396,43536,1458,207.23,43536,42078
AM003625,APP008,2025-07-31,2026-04-03 17:00:00,1421,48493,1785,198.44,48493,46708
AM003626,APP002,2025-02-14,2025-12-27 18:00:00,1401,22213,519,15.84,22213,21694
AM003627,APP004,2025-03-28,2026-07-05 06:00:00,1418,48041,1870,301.14,48041,46171
AM003628,APP006,2025-09-11,2026-07-14 06:00:00,1430,11207,64,41.18,11207,11143
AM003629,APP005,2025-08-14,2026-01-28 01:00:00,1403,18772,175,217.71,18772,18597
AM003630,APP006,2025-10-15,2026-05-18 19:00:00,1387,34853,846,194.31,34853,34007
AM003631,APP005,2026-12-29,2025-04-19 07:00:00,1394,9178,443,267.8,9178,8735
AM003632,APP005,2025-08-21,2025-07-26 01:00:00,1421,14124,609,341.82,14124,13515
AM003633,APP001,2026-04-09,2025-11-19 10:00:00,1434,49806,915,305.87,49806,48891
AM003634,APP001,2026-08-25,2026-04-02 19:00:00,1435,19874,966,208.72,19874,18908
AM003635,APP004,2025-04-28,2026-12-06 01:00:00,1434,36688,957,281.8,36688,35731
AM003636,APP004,2026-10-18,2026-12-29 02:00:00,1382,24889,142,306.52,24889,24747
AM003637,APP007,2026-03-23,2025-06-24 00:00:00,1405,39751,1428,83.7,39751,38323
AM003638,APP005,2026-02-09,2026-01-07 17:00:00,1401,37628,63,263.29,37628,37565
AM003639,APP004,2025-12-14,2025-03-17 13:00:00,1403,33083,901,330.87,33083,32182
AM003640,APP004,2025-09-26,2026-09-13 20:00:00,1437,43675,1622,33.0,43675,42053
AM003641,APP001,2025-08-13,2026-02-16 15:00:00,1386,33358,869,170.62,33358,32489
AM003642,APP005,2026-08-18,2025-10-11 17:00:00,1439,20486,698,121.1,20486,19788
AM003643,APP002,2025-01-05,2025-12-13 13:00:00,1435,17076,194,44.02,17076,16882
AM003644,APP005,2025-01-30,2025-07-06 04:00:00,1383,29114,1227,290.11,29114,27887
AM003645,APP007,2025-02-12,2026-10-21 06:00:00,1403,49378,2444,287.6,49378,46934
AM003646,APP006,2026-04-20,2025-09-12 07:00:00,1384,4534,96,265.66,4534,4438
AM003647,APP007,2026-09-30,2026-11-19 08:00:00,1394,47906,2181,210.88,47906,45725
AM003648,APP004,2026-03-13,2026-01-14 06:00:00,1403,11420,239,95.15,11420,11181
AM003649,APP002,2025-01-19,2025-01-09 12:00:00,1403,29157,1405,44.23,29157,27752
AM003650,APP008,2026-08-04,2025-06-12 02:00:00,1395,15117,350,247.98,15117,14767
AM003651,APP005,2026-05-23,2026-09-04 03:00:00,1394,8708,90,243.12,8708,8618
AM003652,APP004,2026-05-30,2025-02-11 15:00:00,1422,47277,890,150.02,47277,46387
AM003653,APP002,2026-06-19,2026-02-20 01:00:00,1396,43726,550,323.82,43726,43176
AM003654,APP005,2025-01-25,2025-08-16 09:00:00,1409,23463,770,344.94,23463,22693
AM003655,APP001,2025-01-26,2026-07-30 17:00:00,1437,7991,338,315.81,7991,7653
AM003656,APP007,2026-08-30,2025-07-29 17:00:00,1422,4553,51,148.47,4553,4502
AM003657,APP007,2026-10-22,2025-07-02 18:00:00,1435,10641,456,323.32,10641,10185
AM003658,APP008,2026-08-29,2026-06-17 03:00:00,1427,37699,316,207.42,37699,37383
AM003659,APP006,2026-04-23,2026-04-25 00:00:00,1436,9415,170,37.2,9415,9245
AM003660,APP004,2025-02-21,2026-01-12 09:00:00,1394,1892,75,79.77,1892,1817
AM003661,APP008,2025-11-06,2025-07-03 07:00:00,1426,14821,426,90.37,14821,14395
AM003662,APP003,2026-11-19,2025-05-18 21:00:00,1422,31330,832,255.44,31330,30498
AM003663,APP007,2025-03-06,2026-12-08 20:00:00,1384,28537,1391,96.5,28537,27146
AM003664,APP005,2025-07-22,2026-04-26 01:00:00,1425,37456,265,259.29,37456,37191
AM003665,APP008,2026-10-16,2026-08-09 13:00:00,1384,2941,27,106.92,2941,2914
AM003666,APP008,2026-07-29,2026-07-12 18:00:00,1385,12349,482,73.37,12349,11867
AM003667,APP008,2026-05-06,2026-12-05 02:00:00,1424,9875,350,290.95,9875,9525
AM003668,APP006,2026-02-26,2025-03-11 12:00:00,1404,25312,597,124.02,25312,24715
AM003669,APP004,2025-01-03,2025-01-03 00:00:00,1383,17970,117,318.18,17970,17853
AM003670,APP003,2026-07-21,2026-06-15 17:00:00,1417,48758,940,344.92,48758,47818
AM003671,APP008,2025-04-03,2026-06-19 06:00:00,1429,42591,925,162.71,42591,41666
AM003672,APP007,2025-04-15,2026-05-18 06:00:00,1421,11559,554,100.36,11559,11005
AM003673,APP002,2025-09-25,2026-12-30 00:00:00,1382,38213,1243,330.97,38213,36970
AM003674,APP003,2026-12-19,2026-12-30 08:00:00,1412,27711,484,215.83,27711,27227
AM003675,APP008,2025-06-16,2025-10-25 19:00:00,1418,13137,214,259.4,13137,12923
AM003676,APP006,2025-11-10,2026-01-06 17:00:00,1399,18915,374,49.82,18915,18541
AM003677,APP007,2025-06-26,2025-03-05 18:00:00,1435,35353,1755,46.96,35353,33598
AM003678,APP006,2025-12-07,2026-06-27 06:00:00,1387,21004,594,80.33,21004,20410
AM003679,APP006,2025-06-24,2025-10-27 07:00:00,1411,7465,95,101.71,7465,7370
AM003680,APP003,2026-09-22,2026-06-01 15:00:00,1429,45765,612,262.18,45765,45153
AM003681,APP002,2025-09-12,2025-11-06 03:00:00,1412,47451,1440,316.03,47451,46011
AM003682,APP008,2025-10-20,2025-01-05 09:00:00,1406,15758,455,290.39,15758,15303
AM003683,APP008,2026-02-25,2025-03-02 05:00:00,1410,31818,1141,290.64,31818,30677
AM003684,APP003,2026-11-08,2026-06-19 01:00:00,1400,4443,202,28.44,4443,4241
AM003685,APP006,2026-07-16,2025-11-18 09:00:00,1385,33018,514,64.87,33018,32504
AM003686,APP003,2026-08-28,2026-03-04 13:00:00,1385,6606,278,264.13,6606,6328
AM003687,APP008,2026-08-27,2025-12-20 19:00:00,1396,18758,555,44.02,18758,18203
AM003688,APP005,2026-01-28,2026-07-28 10:00:00,1424,48596,1325,293.88,48596,47271
AM003689,APP005,2025-06-06,2026-06-02 21:00:00,1402,7596,218,338.57,7596,7378
AM003690,APP007,2026-05-19,2026-10-08 02:00:00,1419,9069,45,328.29,9069,9024
AM003691,APP006,2026-01-27,2025-11-13 10:00:00,1439,12340,213,257.31,12340,12127
AM003692,APP008,2025-06-14,2026-02-25 21:00:00,1398,41131,477,139.7,41131,40654
AM003693,APP003,2026-06-10,2026-12-25 10:00:00,1400,27029,851,187.08,27029,26178
AM003694,APP008,2026-04-02,2025-03-30 10:00:00,1398,11840,553,140.72,11840,11287
AM003695,APP003,2026-02-22,2025-06-05 11:00:00,1422,42831,1964,93.7,42831,40867
AM003696,APP006,2025-12-13,2026-12-16 15:00:00,1427,6841,92,236.35,6841,6749
AM003697,APP007,2025-02-12,2025-06-15 23:00:00,1435,41471,1812,328.57,41471,39659
AM003698,APP002,2025-04-05,2026-08-19 11:00:00,1433,38186,443,170.09,38186,37743
AM003699,APP005,2026-01-19,2026-01-15 08:00:00,1427,22245,146,210.08,22245,22099
AM003700,APP003,2026-03-19,2026-08-11 13:00:00,1423,15704,409,147.91,15704,15295
AM003701,APP007,2025-12-30,2026-08-26 03:00:00,1407,40155,143,47.0,40155,40012
AM003702,APP005,2026-06-19,2025-02-06 16:00:00,1425,37246,660,60.69,37246,36586
AM003703,APP005,2026-08-23,2026-11-08 10:00:00,1411,16269,391,95.44,16269,15878
AM003704,APP004,2025-03-23,2026-07-03 04:00:00,1403,2561,45,70.12,2561,2516
AM003705,APP002,2025-12-01,2026-05-14 12:00:00,1429,45909,2001,43.21,45909,43908
AM003706,APP001,2026-05-24,2025-09-08 12:00:00,1427,36250,451,229.99,36250,35799
AM003707,APP006,2026-04-15,2025-05-24 15:00:00,1393,11973,166,21.92,11973,11807
AM003708,APP006,2025-07-05,2026-05-02 11:00:00,1393,49419,1096,194.23,49419,48323
AM003709,APP006,2026-11-12,2025-05-18 05:00:00,1386,4101,126,252.57,4101,3975
AM003710,APP006,2025-10-31,2026-02-12 19:00:00,1429,14594,444,310.97,14594,14150
AM003711,APP006,2026-06-28,2025-07-01 00:00:00,1414,1301,53,284.79,1301,1248
AM003712,APP006,2026-08-09,2026-10-14 07:00:00,1412,1821,57,176.63,1821,1764
AM003713,APP008,2025-01-17,2025-12-18 19:00:00,1428,28199,33,20.82,28199,28166
AM003714,APP008,2025-10-10,2025-10-19 08:00:00,1425,12689,215,320.82,12689,12474
AM003715,APP008,2025-10-09,2025-06-28 16:00:00,1425,3118,82,312.66,3118,3036
AM003716,APP004,2025-09-10,2025-10-14 11:00:00,1414,35209,425,141.67,35209,34784
AM003717,APP008,2025-11-24,2025-03-09 23:00:00,1408,3131,12,69.99,3131,3119
AM003718,APP006,2026-05-21,2025-06-18 14:00:00,1431,16074,466,176.95,16074,15608
AM003719,APP002,2025-08-14,2025-02-11 20:00:00,1402,42751,2124,160.22,42751,40627
AM003720,APP007,2026-11-28,2026-05-22 04:00:00,1432,9859,358,76.81,9859,9501
AM003721,APP002,2025-05-10,2026-03-31 11:00:00,1390,15379,145,22.45,15379,15234
AM003722,APP006,2026-08-11,2025-03-22 06:00:00,1433,24859,617,102.31,24859,24242
AM003723,APP004,2025-08-17,2026-06-04 18:00:00,1412,11554,460,137.36,11554,11094
AM003724,APP006,2026-01-21,2025-12-08 10:00:00,1402,42304,2030,31.06,42304,40274
AM003725,APP008,2025-11-03,2026-03-25 18:00:00,1407,20379,640,181.35,20379,19739
AM003726,APP007,2026-10-01,2025-11-07 06:00:00,1434,10601,430,349.75,10601,10171
AM003727,APP006,2026-11-18,2025-08-28 16:00:00,1396,14056,632,225.71,14056,13424
AM003728,APP004,2026-01-31,2025-08-10 04:00:00,1401,16673,558,303.99,16673,16115
AM003729,APP007,2025-12-09,2025-09-07 17:00:00,1382,31555,900,142.77,31555,30655
AM003730,APP005,2026-05-12,2025-03-02 22:00:00,1423,12985,344,126.5,12985,12641
AM003731,APP003,2025-08-31,2026-07-14 14:00:00,1384,10036,346,243.22,10036,9690
AM003732,APP002,2026-11-26,2025-05-10 06:00:00,1391,25428,1164,348.6,25428,24264
AM003733,APP005,2026-07-25,2025-09-05 23:00:00,1391,20735,359,127.59,20735,20376
AM003734,APP001,2026-05-15,2025-06-02 03:00:00,1393,6695,72,180.32,6695,6623
AM003735,APP001,2025-12-25,2026-12-27 05:00:00,1418,48920,437,141.69,48920,48483
AM003736,APP005,2025-04-28,2025-07-23 21:00:00,1389,7888,203,31.8,7888,7685
AM003737,APP006,2025-03-31,2025-06-23 01:00:00,1417,35311,704,310.77,35311,34607
AM003738,APP004,2025-02-09,2025-06-13 22:00:00,1408,2696,71,152.28,2696,2625
AM003739,APP003,2026-05-27,2025-03-26 17:00:00,1425,48565,1130,341.75,48565,47435
AM003740,APP006,2026-03-03,2025-01-07 12:00:00,1383,6099,27,47.95,6099,6072
AM003741,APP004,2025-10-21,2026-06-11 00:00:00,1438,26877,897,290.92,26877,25980
AM003742,APP003,2025-01-20,2025-10-30 03:00:00,1403,30937,1135,204.43,30937,29802
AM003743,APP003,2026-10-06,2025-02-12 21:00:00,1429,17159,702,337.16,17159,16457
AM003744,APP007,2026-04-24,2026-07-16 08:00:00,1419,40198,1116,283.15,40198,39082
AM003745,APP003,2026-03-03,2026-02-24 00:00:00,1394,37606,1242,51.03,37606,36364
AM003746,APP007,2026-08-23,2025-03-01 09:00:00,1402,10469,521,346.59,10469,9948
AM003747,APP006,2025-05-01,2025-04-29 05:00:00,1401,32594,456,246.23,32594,32138
AM003748,APP004,2025-01-23,2025-01-30 12:00:00,1395,14430,420,124.05,14430,14010
AM003749,APP004,2025-06-22,2026-10-08 20:00:00,1383,11019,174,46.57,11019,10845
AM003750,APP003,2025-07-11,2025-03-07 14:00:00,1408,36099,715,267.47,36099,35384
AM003751,APP003,2025-11-02,2025-07-02 01:00:00,1387,15105,176,202.34,15105,14929
AM003752,APP001,2025-08-26,2025-10-25 13:00:00,1395,26947,502,169.56,26947,26445
AM003753,APP004,2026-03-12,2026-04-30 10:00:00,1406,11775,166,209.21,11775,11609
AM003754,APP003,2025-05-14,2025-10-27 15:00:00,1380,20174,761,77.3,20174,19413
AM003755,APP001,2025-03-01,2026-12-18 06:00:00,1385,24801,85,296.34,24801,24716
AM003756,APP008,2026-11-05,2025-02-24 08:00:00,1410,5135,142,46.55,5135,4993
AM003757,APP007,2025-09-04,2026-09-12 23:00:00,1407,34768,1671,339.82,34768,33097
AM003758,APP005,2026-09-06,2026-10-14 09:00:00,1416,48013,1670,286.74,48013,46343
AM003759,APP006,2025-06-30,2025-01-14 14:00:00,1399,18614,493,344.28,18614,18121
AM003760,APP008,2026-03-22,2025-04-17 20:00:00,1427,38240,948,287.38,38240,37292
AM003761,APP006,2025-01-09,2026-11-29 10:00:00,1394,38027,1343,144.17,38027,36684
AM003762,APP007,2026-05-09,2026-09-18 00:00:00,1390,11330,54,127.89,11330,11276
AM003763,APP007,2026-07-08,2026-05-06 23:00:00,1438,30574,925,167.62,30574,29649
AM003764,APP008,2025-07-08,2026-04-21 23:00:00,1417,30029,818,118.89,30029,29211
AM003765,APP006,2025-05-15,2025-03-17 20:00:00,1408,43490,375,218.96,43490,43115
AM003766,APP006,2025-08-13,2026-06-02 13:00:00,1386,10594,215,246.06,10594,10379
AM003767,APP006,2025-08-03,2025-11-08 20:00:00,1406,32898,272,292.84,32898,32626
AM003768,APP002,2026-01-14,2026-05-18 06:00:00,1430,41073,991,109.67,41073,40082
AM003769,APP002,2026-02-17,2025-10-22 02:00:00,1431,4137,194,240.52,4137,3943
AM003770,APP001,2026-04-29,2026-04-11 00:00:00,1433,19856,92,229.81,19856,19764
AM003771,APP005,2026-03-30,2025-12-03 15:00:00,1423,40792,1353,112.55,40792,39439
AM003772,APP006,2026-05-17,2026-12-08 12:00:00,1420,28537,75,110.21,28537,28462
AM003773,APP003,2026-05-08,2026-10-05 16:00:00,1396,49207,1860,191.47,49207,47347
AM003774,APP008,2026-04-28,2026-01-06 01:00:00,1439,1081,42,305.74,1081,1039
AM003775,APP003,2025-10-25,2025-10-15 20:00:00,1433,27014,216,17.18,27014,26798
AM003776,APP001,2026-03-21,2026-05-18 08:00:00,1400,13450,119,239.22,13450,13331
AM003777,APP001,2025-09-03,2026-09-06 01:00:00,1391,21683,89,217.08,21683,21594
AM003778,APP001,2026-06-15,2026-08-13 10:00:00,1437,38996,148,322.44,38996,38848
AM003779,APP006,2025-04-08,2026-05-27 06:00:00,1433,2638,116,139.19,2638,2522
AM003780,APP006,2026-06-27,2026-03-04 11:00:00,1390,37641,416,328.38,37641,37225
AM003781,APP004,2026-02-03,2025-03-31 14:00:00,1417,8351,49,160.42,8351,8302
AM003782,APP007,2025-10-05,2026-05-31 15:00:00,1406,30041,1418,183.72,30041,28623
AM003783,APP001,2025-11-19,2025-12-22 07:00:00,1438,4377,133,201.93,4377,4244
AM003784,APP002,2026-05-15,2026-03-21 13:00:00,1384,21833,676,313.49,21833,21157
AM003785,APP006,2025-09-20,2026-02-26 10:00:00,1407,44043,1172,268.71,44043,42871
AM003786,APP003,2025-10-21,2025-10-22 18:00:00,1429,43923,44,281.51,43923,43879
AM003787,APP008,2026-08-29,2026-01-11 09:00:00,1424,16421,20,272.73,16421,16401
AM003788,APP004,2026-03-30,2025-11-27 08:00:00,1388,8785,189,292.38,8785,8596
AM003789,APP006,2026-01-04,2025-02-18 00:00:00,1424,19640,822,260.3,19640,18818
AM003790,APP004,2025-06-06,2025-12-06 14:00:00,1433,33365,1326,160.74,33365,32039
AM003791,APP007,2026-10-15,2025-04-23 05:00:00,1421,16159,729,334.56,16159,15430
AM003792,APP004,2026-07-21,2026-06-29 23:00:00,1428,43726,1008,165.01,43726,42718
AM003793,APP001,2025-12-27,2026-08-31 04:00:00,1425,7451,50,64.19,7451,7401
AM003794,APP007,2026-11-07,2025-07-04 00:00:00,1430,3500,45,81.26,3500,3455
AM003795,APP004,2026-09-23,2025-03-20 22:00:00,1434,20799,199,305.75,20799,20600
AM003796,APP004,2026-11-27,2026-06-22 05:00:00,1396,44055,1569,255.68,44055,42486
AM003797,APP007,2026-01-13,2026-03-04 08:00:00,1398,11648,138,143.55,11648,11510
AM003798,APP008,2026-11-06,2026-10-06 09:00:00,1427,13184,647,84.05,13184,12537
AM003799,APP001,2026-09-22,2025-09-10 13:00:00,1429,4005,58,197.09,4005,3947
AM003800,APP005,2025-08-23,2026-10-31 19:00:00,1434,31795,439,52.7,31795,31356
AM003801,APP006,2025-01-04,2026-05-30 16:00:00,1432,49739,1710,248.58,49739,48029
AM003802,APP004,2026-04-03,2026-01-01 08:00:00,1421,7819,65,221.39,7819,7754
AM003803,APP005,2025-06-26,2025-01-09 18:00:00,1425,36731,1675,65.71,36731,35056
AM003804,APP005,2025-11-01,2025-08-15 16:00:00,1392,24456,878,134.11,24456,23578
AM003805,APP007,2026-10-30,2026-07-19 04:00:00,1404,1144,48,136.02,1144,1096
AM003806,APP005,2025-05-22,2025-08-23 14:00:00,1410,10683,251,174.92,10683,10432
AM003807,APP002,2025-07-16,2025-07-23 09:00:00,1410,14800,414,51.29,14800,14386
AM003808,APP004,2025-01-23,2025-03-14 06:00:00,1397,17191,96,284.37,17191,17095
AM003809,APP003,2026-07-14,2025-03-15 08:00:00,1410,24647,937,240.2,24647,23710
AM003810,APP005,2026-04-24,2025-05-19 00:00:00,1436,38708,84,238.5,38708,38624
AM003811,APP005,2025-08-17,2025-01-25 15:00:00,1430,35178,1729,213.51,35178,33449
AM003812,APP005,2026-02-09,2026-03-29 20:00:00,1400,6338,277,303.22,6338,6061
AM003813,APP002,2026-05-15,2025-05-29 03:00:00,1407,49969,1297,243.36,49969,48672
AM003814,APP006,2025-09-22,2026-06-15 21:00:00,1420,47516,381,116.08,47516,47135
AM003815,APP005,2025-05-06,2026-03-28 12:00:00,1381,30769,1054,28.86,30769,29715
AM003816,APP004,2025-09-30,2026-06-30 19:00:00,1418,48983,2053,318.29,48983,46930
AM003817,APP005,2025-08-26,2026-04-10 14:00:00,1426,35527,763,254.65,35527,34764
AM003818,APP002,2026-10-10,2025-02-04 14:00:00,1436,18431,477,92.14,18431,17954
AM003819,APP001,2025-03-24,2026-10-10 03:00:00,1390,47045,1561,316.21,47045,45484
AM003820,APP006,2026-10-08,2025-04-09 03:00:00,1411,11745,505,125.94,11745,11240
AM003821,APP005,2026-04-30,2025-10-18 23:00:00,1407,24048,659,160.13,24048,23389
AM003822,APP005,2026-06-10,2025-02-23 21:00:00,1437,28223,1281,179.59,28223,26942
AM003823,APP003,2025-09-06,2026-04-25 08:00:00,1430,46445,744,270.26,46445,45701
AM003824,APP003,2025-09-05,2025-12-12 06:00:00,1402,33636,1226,213.63,33636,32410
AM003825,APP007,2025-03-26,2025-10-20 21:00:00,1393,22751,58,248.15,22751,22693
AM003826,APP008,2025-11-01,2025-03-20 16:00:00,1398,15399,177,237.68,15399,15222
AM003827,APP006,2026-11-28,2025-06-15 01:00:00,1383,34603,432,121.32,34603,34171
AM003828,APP005,2025-07-20,2026-11-06 07:00:00,1394,49316,2393,323.43,49316,46923
AM003829,APP007,2025-10-08,2026-06-01 21:00:00,1389,12222,400,184.09,12222,11822
AM003830,APP004,2026-12-22,2025-05-09 08:00:00,1420,25801,31,231.58,25801,25770
AM003831,APP006,2026-03-16,2026-05-25 15:00:00,1383,30013,752,146.84,30013,29261
AM003832,APP004,2025-08-12,2026-09-20 15:00:00,1430,22759,1048,105.27,22759,21711
AM003833,APP003,2026-09-06,2025-10-25 19:00:00,1408,32884,545,289.89,32884,32339
AM003834,APP004,2026-10-09,2026-08-23 02:00:00,1396,18150,113,195.34,18150,18037
AM003835,APP001,2026-09-01,2026-10-10 13:00:00,1381,22030,1049,341.12,22030,20981
AM003836,APP001,2026-10-18,2026-10-30 12:00:00,1409,24860,889,305.92,24860,23971
AM003837,APP001,2026-11-21,2026-03-23 19:00:00,1389,21961,42,187.78,21961,21919
AM003838,APP005,2025-08-31,2025-11-03 00:00:00,1393,5020,153,84.69,5020,4867
AM003839,APP008,2025-07-02,2025-05-03 03:00:00,1392,32608,757,20.89,32608,31851
AM003840,APP004,2025-09-23,2025-01-18 21:00:00,1418,9975,132,261.23,9975,9843
AM003841,APP001,2026-04-10,2025-12-15 00:00:00,1380,36560,615,97.05,36560,35945
AM003842,APP001,2025-08-21,2025-01-09 11:00:00,1395,35393,1500,232.66,35393,33893
AM003843,APP001,2026-01-19,2026-11-29 03:00:00,1414,38998,359,128.07,38998,38639
AM003844,APP005,2026-08-07,2025-10-13 21:00:00,1380,29404,552,247.78,29404,28852
AM003845,APP002,2026-01-31,2025-01-18 12:00:00,1389,19978,737,76.78,19978,19241
AM003846,APP008,2025-03-23,2025-02-19 05:00:00,1423,2410,64,256.25,2410,2346
AM003847,APP008,2026-06-14,2026-03-17 05:00:00,1422,32359,835,170.45,32359,31524
AM003848,APP004,2025-05-03,2026-08-09 00:00:00,1384,12808,166,101.92,12808,12642
AM003849,APP007,2026-11-08,2026-12-19 01:00:00,1381,30574,351,20.2,30574,30223
AM003850,APP007,2025-10-28,2026-11-21 22:00:00,1402,22150,379,38.93,22150,21771
AM003851,APP004,2025-02-15,2025-08-19 18:00:00,1425,43882,1068,103.35,43882,42814
AM003852,APP008,2025-07-06,2025-01-09 22:00:00,1386,36769,923,274.48,36769,35846
AM003853,APP002,2026-06-26,2025-08-01 06:00:00,1408,9748,107,210.07,9748,9641
AM003854,APP002,2026-04-18,2026-01-17 19:00:00,1426,42519,1898,216.36,42519,40621
AM003855,APP005,2026-02-12,2025-02-27 08:00:00,1406,24984,711,16.02,24984,24273
AM003856,APP002,2026-12-28,2026-02-05 16:00:00,1409,3667,51,175.85,3667,3616
AM003857,APP007,2025-11-10,2025-05-16 13:00:00,1430,12849,110,103.75,12849,12739
AM003858,APP003,2026-02-21,2026-06-14 15:00:00,1393,45258,486,190.06,45258,44772
AM003859,APP005,2025-01-27,2026-03-17 12:00:00,1430,27931,1016,328.01,27931,26915
AM003860,APP006,2026-04-25,2026-05-24 00:00:00,1431,23666,778,228.34,23666,22888
AM003861,APP004,2025-09-10,2026-12-20 00:00:00,1387,1201,44,334.11,1201,1157
AM003862,APP001,2026-11-07,2025-11-08 16:00:00,1439,17829,223,19.37,17829,17606
AM003863,APP005,2025-02-25,2026-01-08 01:00:00,1389,13000,351,78.73,13000,12649
AM003864,APP003,2025-12-20,2025-12-17 12:00:00,1383,8424,364,345.68,8424,8060
AM003865,APP005,2026-10-07,2026-07-27 17:00:00,1430,24093,98,76.94,24093,23995
AM003866,APP001,2026-09-15,2026-12-26 17:00:00,1386,14499,686,105.63,14499,13813
AM003867,APP005,2025-06-08,2026-04-29 19:00:00,1412,28328,137,101.53,28328,28191
AM003868,APP007,2026-07-04,2025-08-27 15:00:00,1386,48443,339,316.07,48443,48104
AM003869,APP001,2025-03-12,2025-06-24 00:00:00,1398,12717,614,58.29,12717,12103
AM003870,APP007,2026-04-18,2025-01-31 23:00:00,1426,4534,54,35.82,4534,4480
AM003871,APP002,2025-10-25,2026-12-21 03:00:00,1425,18141,411,307.88,18141,17730
AM003872,APP008,2025-04-15,2026-09-06 10:00:00,1398,22408,110,215.73,22408,22298
AM003873,APP004,2025-04-24,2025-08-29 19:00:00,1435,48000,1826,163.52,48000,46174
AM003874,APP002,2025-02-13,2026-05-02 20:00:00,1425,24034,1021,113.15,24034,23013
AM003875,APP007,2026-02-17,2025-05-09 03:00:00,1414,1719,31,53.45,1719,1688
AM003876,APP007,2025-07-06,2025-12-26 13:00:00,1381,23568,945,159.27,23568,22623
AM003877,APP004,2026-04-22,2025-01-15 16:00:00,1389,45260,467,288.4,45260,44793
AM003878,APP008,2025-02-14,2026-04-03 03:00:00,1382,45069,323,297.1,45069,44746
AM003879,APP007,2026-10-12,2025-07-18 20:00:00,1381,26416,30,246.45,26416,26386
AM003880,APP001,2026-05-02,2026-10-20 21:00:00,1388,4901,232,123.87,4901,4669
AM003881,APP005,2026-04-22,2025-07-16 06:00:00,1404,10014,159,303.18,10014,9855
AM003882,APP002,2025-12-22,2026-10-25 03:00:00,1397,10945,289,172.5,10945,10656
AM003883,APP004,2025-07-28,2026-07-24 17:00:00,1389,14464,419,287.19,14464,14045
AM003884,APP008,2026-05-19,2025-11-02 04:00:00,1388,29127,1315,126.56,29127,27812
AM003885,APP002,2026-10-03,2025-12-28 00:00:00,1381,20407,940,193.31,20407,19467
AM003886,APP002,2026-08-01,2025-09-19 22:00:00,1405,44043,157,91.82,44043,43886
AM003887,APP004,2026-06-27,2025-06-29 18:00:00,1397,42845,1971,264.0,42845,40874
AM003888,APP007,2026-03-20,2025-11-19 04:00:00,1439,18656,768,102.12,18656,17888
AM003889,APP004,2026-09-19,2025-12-19 07:00:00,1425,20637,516,277.57,20637,20121
AM003890,APP003,2025-04-25,2026-06-08 01:00:00,1426,26870,387,258.03,26870,26483
AM003891,APP003,2025-09-20,2025-08-04 00:00:00,1439,10793,28,17.96,10793,10765
AM003892,APP004,2025-07-30,2025-03-03 09:00:00,1403,14323,213,336.7,14323,14110
AM003893,APP002,2026-02-14,2025-12-13 10:00:00,1399,17276,124,290.74,17276,17152
AM003894,APP007,2025-03-02,2026-12-04 05:00:00,1424,25262,655,154.35,25262,24607
AM003895,APP005,2025-03-02,2026-07-11 13:00:00,1429,40298,578,133.97,40298,39720
AM003896,APP004,2026-02-03,2026-09-08 00:00:00,1405,43898,530,69.29,43898,43368
AM003897,APP001,2026-04-08,2026-12-19 15:00:00,1413,16589,170,206.54,16589,16419
AM003898,APP008,2026-12-25,2025-02-04 18:00:00,1394,1931,21,253.5,1931,1910
AM003899,APP001,2025-09-14,2026-07-22 10:00:00,1399,28147,141,313.55,28147,28006
AM003900,APP001,2025-01-26,2025-06-01 07:00:00,1415,40692,262,74.62,40692,40430
AM003901,APP007,2026-08-23,2025-10-17 18:00:00,1401,10590,349,263.3,10590,10241
AM003902,APP002,2025-11-11,2026-04-10 01:00:00,1406,26204,774,139.92,26204,25430
AM003903,APP008,2025-11-18,2025-12-05 13:00:00,1428,49293,82,157.63,49293,49211
AM003904,APP006,2026-02-28,2026-06-30 16:00:00,1416,15969,236,32.25,15969,15733
AM003905,APP005,2026-09-05,2025-09-26 20:00:00,1391,11505,89,263.45,11505,11416
AM003906,APP006,2025-09-05,2026-06-27 22:00:00,1419,8291,255,166.94,8291,8036
AM003907,APP004,2025-07-05,2026-05-27 03:00:00,1382,9863,243,346.88,9863,9620
AM003908,APP007,2025-09-16,2026-08-21 16:00:00,1400,6614,329,132.35,6614,6285
AM003909,APP004,2025-11-03,2025-04-11 00:00:00,1411,47394,1868,249.23,47394,45526
AM003910,APP003,2026-08-27,2026-12-26 09:00:00,1434,20106,547,154.14,20106,19559
AM003911,APP007,2026-07-22,2026-03-20 15:00:00,1397,37045,1184,49.99,37045,35861
AM003912,APP006,2026-04-04,2025-01-04 22:00:00,1384,40471,900,282.09,40471,39571
AM003913,APP004,2025-02-10,2025-09-06 11:00:00,1411,25575,282,348.73,25575,25293
AM003914,APP002,2025-09-17,2025-04-26 06:00:00,1427,8146,149,207.92,8146,7997
AM003915,APP003,2025-04-02,2025-08-04 05:00:00,1386,23259,646,274.92,23259,22613
AM003916,APP006,2025-10-28,2025-09-08 18:00:00,1423,28039,875,154.17,28039,27164
AM003917,APP001,2026-07-28,2026-10-01 23:00:00,1409,28297,162,275.67,28297,28135
AM003918,APP006,2026-08-13,2026-12-29 16:00:00,1416,15011,168,332.58,15011,14843
AM003919,APP008,2026-02-19,2025-04-28 07:00:00,1390,49448,1770,325.24,49448,47678
AM003920,APP004,2025-06-13,2025-08-18 09:00:00,1406,46749,1369,158.73,46749,45380
AM003921,APP007,2026-11-23,2026-06-02 23:00:00,1396,10783,201,346.55,10783,10582
AM003922,APP006,2025-12-12,2026-11-17 12:00:00,1401,16179,528,34.27,16179,15651
AM003923,APP001,2026-12-15,2025-03-25 18:00:00,1401,17448,421,224.35,17448,17027
AM003924,APP006,2026-08-31,2026-06-29 04:00:00,1427,12641,25,63.04,12641,12616
AM003925,APP004,2025-10-27,2025-05-11 23:00:00,1383,29618,1079,295.98,29618,28539
AM003926,APP008,2025-01-31,2025-02-23 14:00:00,1408,46607,2253,314.79,46607,44354
AM003927,APP002,2025-05-27,2026-05-15 13:00:00,1433,47038,1236,54.09,47038,45802
AM003928,APP004,2026-09-18,2026-03-27 15:00:00,1437,33637,1619,297.91,33637,32018
AM003929,APP006,2026-12-07,2025-08-24 02:00:00,1419,14479,28,144.86,14479,14451
AM003930,APP002,2025-07-12,2026-12-09 10:00:00,1386,4846,203,298.66,4846,4643
AM003931,APP007,2026-04-30,2025-07-20 23:00:00,1418,29208,818,68.16,29208,28390
AM003932,APP005,2025-04-15,2025-05-15 23:00:00,1428,39610,611,261.22,39610,38999
AM003933,APP005,2026-06-25,2026-06-10 05:00:00,1411,13982,106,342.92,13982,13876
AM003934,APP004,2026-06-21,2026-11-18 08:00:00,1412,31494,281,250.53,31494,31213
AM003935,APP002,2026-11-12,2026-11-10 01:00:00,1412,39458,1081,308.28,39458,38377
AM003936,APP006,2025-03-02,2025-12-04 23:00:00,1429,27913,421,135.72,27913,27492
AM003937,APP001,2025-08-02,2026-07-07 07:00:00,1393,26603,714,66.58,26603,25889
AM003938,APP003,2026-07-08,2026-04-18 18:00:00,1387,21859,817,257.0,21859,21042
AM003939,APP005,2025-04-20,2026-12-20 23:00:00,1429,44511,1883,33.97,44511,42628
AM003940,APP008,2026-07-01,2026-07-26 06:00:00,1400,5584,153,319.46,5584,5431
AM003941,APP006,2026-08-16,2026-01-16 08:00:00,1416,45801,1831,329.29,45801,43970
AM003942,APP008,2026-11-27,2026-02-11 23:00:00,1429,31679,988,162.91,31679,30691
AM003943,APP007,2025-01-01,2025-02-05 05:00:00,1382,49928,308,53.66,49928,49620
AM003944,APP002,2025-01-18,2025-03-24 02:00:00,1428,42923,200,160.53,42923,42723
AM003945,APP006,2026-01-04,2025-08-10 20:00:00,1420,27205,561,164.73,27205,26644
AM003946,APP007,2025-10-10,2025-11-18 19:00:00,1400,6489,207,277.33,6489,6282
AM003947,APP005,2026-02-19,2026-01-03 22:00:00,1405,25913,851,190.38,25913,25062
AM003948,APP002,2026-12-26,2026-01-19 03:00:00,1385,3870,58,138.79,3870,3812
AM003949,APP005,2026-03-06,2025-01-30 12:00:00,1399,29976,420,349.92,29976,29556
AM003950,APP002,2026-12-21,2025-05-16 07:00:00,1393,32528,1543,173.37,32528,30985
AM003951,APP005,2026-03-27,2025-01-04 01:00:00,1415,3698,33,274.11,3698,3665
AM003952,APP001,2025-10-05,2026-03-16 21:00:00,1404,15440,95,88.71,15440,15345
AM003953,APP007,2026-09-14,2026-03-16 18:00:00,1388,1835,14,162.8,1835,1821
AM003954,APP002,2026-02-25,2026-12-26 12:00:00,1428,2079,100,168.93,2079,1979
AM003955,APP001,2025-08-21,2025-01-28 06:00:00,1426,30173,886,139.89,30173,29287
AM003956,APP001,2026-10-13,2026-01-23 13:00:00,1396,24968,947,42.46,24968,24021
AM003957,APP006,2026-05-24,2026-04-20 11:00:00,1391,14003,406,91.48,14003,13597
AM003958,APP007,2026-08-10,2025-05-01 07:00:00,1428,14098,372,245.2,14098,13726
AM003959,APP003,2025-11-11,2025-03-24 00:00:00,1424,5226,192,116.85,5226,5034
AM003960,APP005,2025-01-23,2026-05-13 17:00:00,1380,12180,330,222.0,12180,11850
AM003961,APP006,2025-11-11,2025-10-19 19:00:00,1407,38513,592,212.67,38513,37921
AM003962,APP001,2025-04-13,2025-04-04 03:00:00,1415,31218,370,341.69,31218,30848
AM003963,APP001,2025-04-17,2025-10-05 16:00:00,1423,23193,503,135.57,23193,22690
AM003964,APP001,2025-11-04,2026-11-23 08:00:00,1418,11595,113,337.9,11595,11482
AM003965,APP002,2026-05-22,2025-09-12 18:00:00,1428,41836,1345,70.28,41836,40491
AM003966,APP002,2025-05-10,2026-07-11 02:00:00,1437,25700,484,176.01,25700,25216
AM003967,APP003,2025-11-03,2026-10-07 07:00:00,1424,8598,305,349.47,8598,8293
AM003968,APP001,2025-03-10,2025-10-26 11:00:00,1433,44411,1745,339.98,44411,42666
AM003969,APP005,2026-12-29,2025-07-28 16:00:00,1414,49212,1954,33.67,49212,47258
AM003970,APP005,2026-09-27,2025-09-02 15:00:00,1391,10326,320,285.15,10326,10006
AM003971,APP001,2025-11-21,2026-08-26 06:00:00,1401,12055,218,348.17,12055,11837
AM003972,APP004,2026-11-22,2026-01-18 20:00:00,1423,43479,1500,162.22,43479,41979
AM003973,APP006,2026-08-29,2025-04-12 09:00:00,1387,22788,1103,328.57,22788,21685
AM003974,APP001,2026-06-20,2026-01-16 08:00:00,1405,45388,986,111.84,45388,44402
AM003975,APP003,2026-06-13,2025-08-17 02:00:00,1425,10729,76,20.66,10729,10653
AM003976,APP007,2025-07-01,2025-10-22 09:00:00,1413,2327,22,170.15,2327,2305
AM003977,APP006,2026-07-18,2026-11-02 17:00:00,1435,31117,1312,119.55,31117,29805
AM003978,APP008,2025-03-25,2026-05-28 15:00:00,1382,47080,2221,233.63,47080,44859
AM003979,APP007,2025-11-17,2026-02-19 10:00:00,1393,8269,292,120.88,8269,7977
AM003980,APP001,2026-08-06,2026-10-10 12:00:00,1431,19362,214,119.5,19362,19148
AM003981,APP006,2026-04-06,2025-03-05 13:00:00,1409,43396,746,26.81,43396,42650
AM003982,APP007,2026-07-10,2026-02-09 19:00:00,1383,19993,686,314.48,19993,19307
AM003983,APP004,2025-12-02,2025-11-15 12:00:00,1396,11879,199,252.78,11879,11680
AM003984,APP006,2025-10-08,2026-11-07 02:00:00,1380,24535,1121,73.7,24535,23414
AM003985,APP008,2025-05-13,2025-11-06 15:00:00,1385,20134,910,290.23,20134,19224
AM003986,APP008,2025-05-01,2025-06-30 16:00:00,1425,3047,125,80.64,3047,2922
AM003987,APP006,2025-07-14,2026-09-10 12:00:00,1437,10891,237,15.3,10891,10654
AM003988,APP002,2025-06-28,2025-02-02 22:00:00,1400,9574,17,142.43,9574,9557
AM003989,APP006,2026-11-24,2025-01-12 01:00:00,1438,47362,79,92.06,47362,47283
AM003990,APP002,2026-10-29,2025-02-09 22:00:00,1389,27870,958,106.92,27870,26912
AM003991,APP003,2026-03-22,2025-04-03 18:00:00,1411,32986,1361,93.54,32986,31625
AM003992,APP001,2025-01-19,2025-06-23 07:00:00,1383,7931,109,40.72,7931,7822
AM003993,APP002,2026-10-07,2025-10-18 17:00:00,1422,7570,9,68.89,7570,7561
AM003994,APP004,2026-08-13,2026-02-03 03:00:00,1399,39334,1757,348.09,39334,37577
AM003995,APP003,2026-02-01,2025-01-12 00:00:00,1416,12406,481,322.13,12406,11925
AM003996,APP008,2026-04-04,2026-12-29 04:00:00,1424,41698,1115,329.38,41698,40583
AM003997,APP005,2026-06-29,2026-10-06 01:00:00,1388,6717,284,340.85,6717,6433
AM003998,APP006,2025-01-04,2025-11-14 05:00:00,1384,33770,392,184.2,33770,33378
AM003999,APP002,2025-09-15,2026-06-16 09:00:00,1409,27567,609,198.87,27567,26958
AM004000,APP008,2026-06-17,2026-07-23 14:00:00,1437,2973,119,244.07,2973,2854
AM004001,APP001,2026-05-14,2025-05-14 21:00:00,1411,39400,1454,230.06,39400,37946
AM004002,APP006,2026-09-19,2026-12-07 19:00:00,1386,6473,41,72.78,6473,6432
AM004003,APP002,2025-08-23,2026-05-28 04:00:00,1393,14022,467,61.01,14022,13555
AM004004,APP007,2025-04-04,2025-08-17 17:00:00,1434,23097,1035,115.25,23097,22062
AM004005,APP008,2025-08-30,2025-04-23 17:00:00,1430,23269,533,135.1,23269,22736
AM004006,APP003,2025-08-12,2026-09-20 05:00:00,1428,7863,39,269.29,7863,7824
AM004007,APP004,2025-04-01,2025-07-18 15:00:00,1405,27347,120,200.83,27347,27227
AM004008,APP007,2026-10-10,2025-03-18 02:00:00,1407,33461,930,83.63,33461,32531
AM004009,APP004,2026-02-13,2025-12-23 07:00:00,1392,4038,79,290.88,4038,3959
AM004010,APP002,2025-02-03,2025-08-23 03:00:00,1439,10908,122,73.04,10908,10786
AM004011,APP005,2025-07-24,2025-05-28 09:00:00,1415,23856,1119,193.36,23856,22737
AM004012,APP002,2025-03-29,2026-08-01 03:00:00,1385,24243,655,234.6,24243,23588
AM004013,APP004,2026-11-02,2026-04-20 00:00:00,1380,8632,315,166.93,8632,8317
AM004014,APP004,2025-08-21,2026-07-05 23:00:00,1424,43093,950,30.2,43093,42143
AM004015,APP001,2026-02-17,2026-10-02 09:00:00,1426,41309,1440,156.6,41309,39869
AM004016,APP001,2025-11-20,2025-06-28 23:00:00,1434,30926,784,28.95,30926,30142
AM004017,APP007,2026-12-03,2026-04-22 23:00:00,1394,24248,540,219.14,24248,23708
AM004018,APP007,2025-09-08,2025-12-22 16:00:00,1382,7460,40,58.23,7460,7420
AM004019,APP006,2026-12-18,2025-06-09 06:00:00,1422,24551,977,217.54,24551,23574
AM004020,APP003,2025-07-20,2026-01-05 12:00:00,1437,43497,238,221.61,43497,43259
AM004021,APP005,2026-12-21,2025-10-07 06:00:00,1438,8963,185,61.07,8963,8778
AM004022,APP005,2026-12-17,2025-01-10 00:00:00,1404,20552,224,237.47,20552,20328
AM004023,APP002,2026-02-26,2026-09-18 01:00:00,1402,30642,577,122.02,30642,30065
AM004024,APP005,2025-07-22,2026-09-11 07:00:00,1409,5986,167,73.28,5986,5819
AM004025,APP004,2026-07-20,2025-12-11 15:00:00,1400,17377,715,336.09,17377,16662
AM004026,APP004,2025-05-16,2026-09-11 19:00:00,1415,13287,173,238.05,13287,13114
AM004027,APP006,2026-03-24,2026-07-20 03:00:00,1417,6733,139,349.61,6733,6594
AM004028,APP003,2025-06-18,2025-12-07 21:00:00,1390,40146,872,346.08,40146,39274
AM004029,APP002,2025-05-21,2026-07-28 01:00:00,1413,31965,854,289.88,31965,31111
AM004030,APP001,2025-04-23,2026-04-15 05:00:00,1380,43176,1737,207.01,43176,41439
AM004031,APP002,2025-02-24,2025-04-06 12:00:00,1404,49080,1811,193.99,49080,47269
AM004032,APP002,2025-01-21,2026-08-28 05:00:00,1416,44173,520,23.62,44173,43653
AM004033,APP001,2026-12-11,2026-08-01 09:00:00,1383,34155,1689,274.66,34155,32466
AM004034,APP001,2026-10-28,2025-07-06 10:00:00,1399,41458,623,319.36,41458,40835
AM004035,APP008,2025-09-01,2026-10-27 05:00:00,1406,6551,40,206.82,6551,6511
AM004036,APP001,2025-05-28,2026-12-29 23:00:00,1393,37059,1329,248.03,37059,35730
AM004037,APP003,2026-09-16,2026-09-20 06:00:00,1428,16468,397,38.59,16468,16071
AM004038,APP001,2025-01-17,2026-09-02 18:00:00,1414,3520,60,90.95,3520,3460
AM004039,APP002,2025-12-26,2025-09-03 04:00:00,1431,35176,1361,239.94,35176,33815
AM004040,APP006,2025-01-10,2026-07-24 09:00:00,1385,23289,956,272.79,23289,22333
AM004041,APP004,2025-05-09,2025-05-14 05:00:00,1403,49043,1891,269.63,49043,47152
AM004042,APP008,2026-11-02,2025-12-31 07:00:00,1416,16608,181,259.07,16608,16427
AM004043,APP007,2026-05-31,2025-03-16 11:00:00,1421,47814,692,131.03,47814,47122
AM004044,APP006,2026-04-19,2026-08-05 12:00:00,1402,34111,1249,183.06,34111,32862
AM004045,APP004,2025-08-05,2025-03-22 00:00:00,1416,24445,1127,41.2,24445,23318
AM004046,APP003,2026-10-08,2025-11-17 12:00:00,1424,16182,319,87.32,16182,15863
AM004047,APP008,2025-11-20,2026-02-08 17:00:00,1419,41172,98,321.82,41172,41074
AM004048,APP008,2025-03-14,2025-02-01 18:00:00,1394,20089,352,189.18,20089,19737
AM004049,APP006,2025-07-30,2025-12-18 08:00:00,1403,35026,1532,79.83,35026,33494
AM004050,APP007,2026-05-18,2026-05-25 23:00:00,1398,27783,114,90.1,27783,27669
AM004051,APP001,2026-03-15,2025-12-07 11:00:00,1397,31157,990,182.74,31157,30167
AM004052,APP007,2026-12-10,2026-10-19 22:00:00,1391,34031,539,335.0,34031,33492
AM004053,APP002,2025-10-13,2025-05-02 18:00:00,1400,22593,606,190.39,22593,21987
AM004054,APP005,2026-05-15,2026-10-30 15:00:00,1387,34865,990,157.36,34865,33875
AM004055,APP005,2026-04-25,2025-09-26 12:00:00,1426,39500,606,43.19,39500,38894
AM004056,APP001,2026-08-01,2025-05-14 10:00:00,1413,6825,299,137.29,6825,6526
AM004057,APP007,2025-11-01,2025-07-19 00:00:00,1414,18833,39,338.81,18833,18794
AM004058,APP004,2025-06-30,2026-08-01 22:00:00,1407,33126,1566,200.03,33126,31560
AM004059,APP007,2025-09-25,2025-05-23 23:00:00,1408,48862,1749,218.83,48862,47113
AM004060,APP004,2025-02-11,2025-07-17 09:00:00,1429,38455,1662,102.36,38455,36793
AM004061,APP003,2025-06-11,2025-03-17 09:00:00,1421,48664,533,115.05,48664,48131
AM004062,APP004,2026-01-08,2026-09-08 07:00:00,1384,7020,66,339.43,7020,6954
AM004063,APP002,2026-11-25,2025-10-01 14:00:00,1438,6350,14,148.57,6350,6336
AM004064,APP006,2025-12-03,2026-11-27 02:00:00,1428,15803,166,117.95,15803,15637
AM004065,APP007,2025-11-08,2026-09-09 21:00:00,1385,29906,1011,197.52,29906,28895
AM004066,APP005,2026-02-07,2026-12-09 08:00:00,1431,22351,726,316.78,22351,21625
AM004067,APP008,2025-03-19,2025-08-03 18:00:00,1386,24991,798,170.81,24991,24193
AM004068,APP004,2025-05-29,2025-07-15 20:00:00,1394,25439,902,193.66,25439,24537
AM004069,APP005,2025-02-26,2026-06-03 03:00:00,1432,2014,70,290.04,2014,1944
AM004070,APP004,2026-12-21,2026-10-11 05:00:00,1423,14964,625,275.71,14964,14339
AM004071,APP005,2025-04-01,2026-08-09 01:00:00,1402,36581,1784,101.16,36581,34797
AM004072,APP007,2026-05-04,2025-02-15 20:00:00,1407,36482,1514,163.25,36482,34968
AM004073,APP002,2025-04-15,2025-12-25 08:00:00,1419,14011,658,31.3,14011,13353
AM004074,APP004,2025-01-03,2025-07-04 12:00:00,1409,40571,1229,196.61,40571,39342
AM004075,APP005,2025-05-21,2026-01-06 23:00:00,1417,30432,718,227.11,30432,29714
AM004076,APP006,2025-02-04,2026-06-03 12:00:00,1408,2521,33,42.81,2521,2488
AM004077,APP001,2025-07-04,2025-10-28 10:00:00,1428,15370,638,267.32,15370,14732
AM004078,APP005,2026-11-11,2025-09-15 10:00:00,1431,16813,626,257.3,16813,16187
AM004079,APP003,2026-02-02,2026-05-02 20:00:00,1436,2811,124,292.04,2811,2687
AM004080,APP003,2025-08-31,2025-10-15 04:00:00,1424,39907,1268,300.87,39907,38639
AM004081,APP001,2025-01-13,2025-01-20 04:00:00,1388,8375,266,303.45,8375,8109
AM004082,APP003,2025-10-11,2025-02-19 08:00:00,1382,1867,4,307.4,1867,1863
AM004083,APP001,2026-01-26,2025-07-20 01:00:00,1383,11039,236,77.59,11039,10803
AM004084,APP005,2025-12-19,2026-12-17 10:00:00,1389,2700,74,164.7,2700,2626
AM004085,APP008,2026-08-04,2025-06-10 00:00:00,1395,28900,75,23.86,28900,28825
AM004086,APP006,2025-11-21,2025-01-11 20:00:00,1407,3471,155,55.85,3471,3316
AM004087,APP007,2026-06-15,2026-05-24 07:00:00,1439,39526,280,282.74,39526,39246
AM004088,APP006,2025-11-02,2026-12-16 04:00:00,1416,14711,329,221.65,14711,14382
AM004089,APP006,2025-05-01,2025-04-14 18:00:00,1415,6350,78,238.97,6350,6272
AM004090,APP005,2026-02-28,2025-06-15 20:00:00,1408,6482,78,174.77,6482,6404
AM004091,APP005,2025-03-26,2026-12-12 08:00:00,1401,20373,995,141.29,20373,19378
AM004092,APP003,2026-04-21,2026-11-13 00:00:00,1426,28642,1113,63.52,28642,27529
AM004093,APP005,2025-06-20,2025-11-08 10:00:00,1427,48549,868,21.77,48549,47681
AM004094,APP001,2025-09-20,2025-03-07 05:00:00,1397,39239,1131,76.24,39239,38108
AM004095,APP006,2026-05-24,2025-12-19 12:00:00,1420,3318,120,290.42,3318,3198
AM004096,APP008,2026-06-25,2026-11-24 13:00:00,1388,28842,337,317.3,28842,28505
AM004097,APP007,2025-10-18,2025-07-28 14:00:00,1388,27385,667,131.46,27385,26718
AM004098,APP008,2026-05-15,2025-01-15 21:00:00,1383,25451,892,54.82,25451,24559
AM004099,APP005,2026-11-18,2025-05-15 05:00:00,1409,47383,2149,310.16,47383,45234
AM004100,APP006,2025-12-05,2025-09-02 01:00:00,1380,24106,558,133.99,24106,23548
AM004101,APP003,2026-12-05,2026-08-03 22:00:00,1415,40381,656,273.07,40381,39725
AM004102,APP006,2026-01-25,2026-02-18 11:00:00,1432,18437,324,52.0,18437,18113
AM004103,APP008,2025-12-02,2025-07-03 10:00:00,1405,5922,189,53.22,5922,5733
AM004104,APP005,2026-07-04,2025-11-10 12:00:00,1403,28782,1236,141.16,28782,27546
AM004105,APP006,2025-09-29,2025-04-14 06:00:00,1406,29981,1401,33.15,29981,28580
AM004106,APP008,2026-09-15,2026-08-18 14:00:00,1396,25787,302,202.31,25787,25485
AM004107,APP003,2025-12-14,2026-01-29 09:00:00,1411,46049,329,322.65,46049,45720
AM004108,APP001,2025-04-18,2025-05-20 02:00:00,1404,45312,2199,38.97,45312,43113
AM004109,APP003,2026-08-17,2025-09-21 19:00:00,1414,41852,980,287.96,41852,40872
AM004110,APP008,2026-04-06,2026-08-11 05:00:00,1394,35686,1592,57.95,35686,34094
AM004111,APP003,2025-01-24,2026-07-04 23:00:00,1411,9072,82,235.47,9072,8990
AM004112,APP007,2026-12-05,2026-06-13 15:00:00,1395,47892,268,104.5,47892,47624
AM004113,APP006,2026-10-15,2026-07-03 07:00:00,1434,25203,941,283.87,25203,24262
AM004114,APP002,2026-09-27,2026-07-28 17:00:00,1412,23601,516,230.64,23601,23085
AM004115,APP002,2026-05-26,2025-09-09 00:00:00,1406,14518,165,345.48,14518,14353
AM004116,APP002,2026-02-20,2025-05-02 14:00:00,1434,2107,49,192.65,2107,2058
AM004117,APP007,2025-02-21,2026-10-29 18:00:00,1417,31461,828,170.88,31461,30633
AM004118,APP002,2025-05-31,2026-02-06 19:00:00,1433,32420,885,340.38,32420,31535
AM004119,APP002,2025-03-09,2026-08-14 02:00:00,1429,1835,49,266.4,1835,1786
AM004120,APP002,2026-10-19,2026-04-21 04:00:00,1420,31756,72,96.91,31756,31684
AM004121,APP006,2026-02-13,2026-05-11 06:00:00,1429,18864,71,35.52,18864,18793
AM004122,APP004,2025-01-16,2026-06-22 04:00:00,1380,42824,1244,80.82,42824,41580
AM004123,APP008,2025-01-17,2026-04-02 08:00:00,1436,2266,110,159.06,2266,2156
AM004124,APP007,2026-11-02,2026-07-19 00:00:00,1399,5486,22,333.77,5486,5464
AM004125,APP002,2025-06-06,2026-02-14 05:00:00,1380,9077,431,123.95,9077,8646
AM004126,APP002,2026-10-15,2026-12-18 05:00:00,1390,36242,1593,269.71,36242,34649
AM004127,APP004,2026-02-11,2025-01-20 16:00:00,1382,14319,673,329.14,14319,13646
AM004128,APP002,2026-04-16,2026-05-28 10:00:00,1414,45936,2182,163.31,45936,43754
AM004129,APP003,2025-09-15,2026-02-07 22:00:00,1428,20608,352,171.35,20608,20256
AM004130,APP006,2025-03-10,2026-02-16 19:00:00,1397,35515,884,46.51,35515,34631
AM004131,APP001,2026-11-27,2025-11-25 13:00:00,1413,48849,1121,303.48,48849,47728
AM004132,APP006,2025-05-25,2025-08-25 01:00:00,1417,49661,2334,282.39,49661,47327
AM004133,APP003,2026-11-27,2026-10-22 02:00:00,1406,11847,348,261.91,11847,11499
AM004134,APP008,2025-08-04,2025-01-16 17:00:00,1425,44531,2153,293.23,44531,42378
AM004135,APP007,2026-05-19,2025-10-23 06:00:00,1392,42513,1602,190.5,42513,40911
AM004136,APP005,2025-05-03,2026-10-16 07:00:00,1412,13388,154,229.51,13388,13234
AM004137,APP006,2025-04-18,2026-06-29 01:00:00,1429,17073,81,153.49,17073,16992
AM004138,APP007,2026-01-07,2025-12-09 02:00:00,1437,44456,1590,175.62,44456,42866
AM004139,APP007,2026-04-05,2026-04-08 11:00:00,1421,49310,941,228.75,49310,48369
AM004140,APP007,2026-06-16,2025-04-14 08:00:00,1422,49022,317,278.62,49022,48705
AM004141,APP004,2025-07-18,2025-09-29 17:00:00,1399,4912,195,299.62,4912,4717
AM004142,APP002,2025-07-25,2026-07-23 00:00:00,1395,2152,10,72.32,2152,2142
AM004143,APP002,2025-12-27,2026-06-14 04:00:00,1394,15061,561,163.0,15061,14500
AM004144,APP005,2026-09-18,2026-04-28 04:00:00,1395,31480,1157,314.72,31480,30323
AM004145,APP006,2025-07-31,2026-01-01 15:00:00,1398,27057,1123,63.9,27057,25934
AM004146,APP007,2026-12-08,2026-09-16 13:00:00,1413,20799,461,164.4,20799,20338
AM004147,APP006,2026-11-12,2025-10-23 10:00:00,1432,46565,204,129.29,46565,46361
AM004148,APP008,2025-02-27,2025-04-13 20:00:00,1401,17032,686,107.69,17032,16346
AM004149,APP006,2026-06-10,2026-11-03 05:00:00,1433,17956,161,217.63,17956,17795
AM004150,APP005,2026-07-08,2026-08-10 00:00:00,1433,23069,1118,291.72,23069,21951
AM004151,APP003,2026-08-23,2026-12-02 21:00:00,1399,14801,692,327.45,14801,14109
AM004152,APP004,2025-05-22,2026-09-10 15:00:00,1426,19546,184,62.66,19546,19362
AM004153,APP008,2026-10-27,2025-07-17 23:00:00,1418,16985,593,198.35,16985,16392
AM004154,APP001,2026-01-26,2026-04-27 06:00:00,1410,37603,331,320.88,37603,37272
AM004155,APP004,2026-05-04,2026-01-20 00:00:00,1435,20998,1007,291.06,20998,19991
AM004156,APP002,2026-01-25,2026-02-03 09:00:00,1387,31563,484,282.83,31563,31079
AM004157,APP007,2025-06-29,2026-07-03 17:00:00,1437,35777,1658,50.34,35777,34119
AM004158,APP001,2026-06-01,2025-10-19 17:00:00,1422,1151,49,266.46,1151,1102
AM004159,APP001,2026-01-27,2025-07-29 05:00:00,1384,19466,387,228.42,19466,19079
AM004160,APP007,2026-01-30,2026-08-17 13:00:00,1402,3754,26,110.18,3754,3728
AM004161,APP002,2026-08-18,2026-12-17 18:00:00,1410,49870,2243,237.94,49870,47627
AM004162,APP006,2026-04-11,2026-08-01 03:00:00,1429,40781,983,145.3,40781,39798
AM004163,APP008,2026-12-01,2025-05-21 01:00:00,1387,38925,1157,26.51,38925,37768
AM004164,APP002,2026-12-31,2025-05-25 12:00:00,1427,38151,399,137.16,38151,37752
AM004165,APP002,2026-10-26,2026-04-09 16:00:00,1411,19415,462,121.2,19415,18953
AM004166,APP002,2025-07-01,2026-01-05 09:00:00,1399,49830,2301,157.53,49830,47529
AM004167,APP002,2025-02-14,2025-10-23 15:00:00,1395,38846,1288,175.0,38846,37558
AM004168,APP007,2025-12-02,2026-10-18 23:00:00,1399,2638,95,305.24,2638,2543
AM004169,APP001,2026-10-27,2026-08-17 05:00:00,1437,21439,941,90.35,21439,20498
AM004170,APP002,2026-06-17,2026-01-14 13:00:00,1389,19621,573,239.9,19621,19048
AM004171,APP005,2026-06-08,2026-01-18 03:00:00,1398,35627,181,76.59,35627,35446
AM004172,APP005,2025-07-02,2026-05-28 07:00:00,1435,44279,928,61.2,44279,43351
AM004173,APP004,2025-12-06,2026-01-29 17:00:00,1390,20052,153,210.89,20052,19899
AM004174,APP001,2025-05-14,2026-12-25 05:00:00,1399,16575,132,278.94,16575,16443
AM004175,APP003,2026-12-09,2026-02-11 08:00:00,1436,43778,1993,335.21,43778,41785
AM004176,APP006,2026-11-19,2025-09-27 03:00:00,1398,23335,770,178.94,23335,22565
AM004177,APP006,2026-05-07,2025-10-12 05:00:00,1416,42427,802,285.88,42427,41625
AM004178,APP008,2025-07-30,2026-11-16 22:00:00,1428,33132,1243,37.69,33132,31889
AM004179,APP006,2026-11-10,2025-05-16 22:00:00,1384,36903,1725,220.97,36903,35178
AM004180,APP004,2026-11-27,2026-02-28 00:00:00,1409,34636,267,255.17,34636,34369
AM004181,APP005,2026-08-19,2025-06-18 15:00:00,1390,16822,291,38.73,16822,16531
AM004182,APP006,2026-04-09,2025-07-14 03:00:00,1393,30102,1117,179.82,30102,28985
AM004183,APP007,2025-09-06,2026-09-04 04:00:00,1384,7723,258,103.73,7723,7465
AM004184,APP004,2026-11-24,2026-08-06 07:00:00,1391,25871,1136,205.85,25871,24735
AM004185,APP008,2025-12-31,2025-09-13 06:00:00,1417,28921,993,304.18,28921,27928
AM004186,APP008,2025-10-16,2025-09-22 09:00:00,1401,42319,774,272.25,42319,41545
AM004187,APP006,2025-03-04,2025-09-20 18:00:00,1434,4061,100,94.79,4061,3961
AM004188,APP005,2025-02-18,2026-05-01 21:00:00,1405,29456,934,162.4,29456,28522
AM004189,APP004,2026-10-07,2026-09-20 21:00:00,1399,5817,271,321.85,5817,5546
AM004190,APP003,2026-01-26,2025-12-19 06:00:00,1397,28189,240,286.13,28189,27949
AM004191,APP003,2025-09-07,2026-04-14 23:00:00,1395,39829,1623,166.2,39829,38206
AM004192,APP005,2025-08-16,2026-05-24 01:00:00,1421,18949,209,185.72,18949,18740
AM004193,APP005,2026-08-20,2025-10-25 08:00:00,1431,16781,607,233.76,16781,16174
AM004194,APP007,2025-08-14,2025-05-24 06:00:00,1396,5465,22,161.48,5465,5443
AM004195,APP007,2025-05-15,2025-12-25 02:00:00,1422,32055,380,126.74,32055,31675
AM004196,APP004,2025-05-26,2025-05-10 19:00:00,1394,48458,262,165.08,48458,48196
AM004197,APP001,2025-06-19,2026-03-10 13:00:00,1380,11380,396,34.88,11380,10984
AM004198,APP006,2026-11-15,2025-06-25 02:00:00,1412,36430,444,22.49,36430,35986
AM004199,APP004,2025-11-12,2026-07-30 19:00:00,1396,41601,677,51.24,41601,40924
AM004200,APP008,2026-06-04,2026-12-30 20:00:00,1398,47778,1353,45.74,47778,46425
AM004201,APP003,2026-08-04,2026-02-18 12:00:00,1388,39318,142,114.08,39318,39176
AM004202,APP008,2025-11-11,2026-06-10 03:00:00,1388,7974,43,308.28,7974,7931
AM004203,APP008,2025-10-11,2026-06-26 23:00:00,1385,46293,1124,156.18,46293,45169
AM004204,APP007,2025-04-17,2026-12-18 22:00:00,1415,16512,446,63.49,16512,16066
AM004205,APP001,2026-07-08,2025-04-29 00:00:00,1394,44703,2037,294.67,44703,42666
AM004206,APP002,2026-12-13,2026-03-09 18:00:00,1408,5304,66,95.11,5304,5238
AM004207,APP005,2025-04-16,2025-05-06 21:00:00,1416,8455,149,30.03,8455,8306
AM004208,APP005,2026-09-02,2026-03-03 13:00:00,1392,32762,639,64.18,32762,32123
AM004209,APP004,2025-11-09,2025-03-18 21:00:00,1422,6042,280,59.65,6042,5762
AM004210,APP002,2025-11-10,2026-06-16 03:00:00,1395,18185,696,215.9,18185,17489
AM004211,APP007,2026-02-25,2026-06-30 19:00:00,1413,39161,1598,348.74,39161,37563
AM004212,APP006,2026-02-09,2026-12-10 05:00:00,1429,3741,143,106.85,3741,3598
AM004213,APP008,2026-11-05,2025-08-19 00:00:00,1414,46605,1161,79.3,46605,45444
AM004214,APP006,2026-07-06,2025-05-10 05:00:00,1395,42013,1845,98.98,42013,40168
AM004215,APP003,2025-01-03,2025-04-02 18:00:00,1401,16712,485,243.83,16712,16227
AM004216,APP002,2026-10-01,2026-06-06 18:00:00,1399,28807,1273,296.48,28807,27534
AM004217,APP001,2025-04-03,2026-09-24 12:00:00,1396,7450,344,272.11,7450,7106
AM004218,APP002,2026-09-10,2026-01-22 11:00:00,1435,43500,959,304.95,43500,42541
AM004219,APP004,2025-05-24,2025-08-23 17:00:00,1399,45584,756,88.01,45584,44828
AM004220,APP003,2025-08-22,2026-01-24 16:00:00,1425,21605,90,173.08,21605,21515
AM004221,APP006,2026-04-07,2025-12-02 13:00:00,1425,34162,415,88.22,34162,33747
AM004222,APP001,2025-09-02,2025-04-06 11:00:00,1421,18947,581,67.11,18947,18366
AM004223,APP003,2026-11-26,2025-06-05 12:00:00,1410,9165,101,132.42,9165,9064
AM004224,APP001,2026-07-14,2025-10-30 08:00:00,1405,5556,32,266.16,5556,5524
AM004225,APP008,2026-09-20,2025-11-05 05:00:00,1405,20244,361,281.12,20244,19883
AM004226,APP004,2026-08-26,2025-10-05 14:00:00,1437,32161,1329,76.39,32161,30832
AM004227,APP008,2026-10-14,2025-09-01 12:00:00,1435,5883,125,62.45,5883,5758
AM004228,APP001,2026-09-28,2026-11-22 00:00:00,1436,7469,86,181.46,7469,7383
AM004229,APP007,2026-05-27,2025-07-24 14:00:00,1397,8622,395,218.35,8622,8227
AM004230,APP006,2026-11-25,2025-10-25 06:00:00,1409,45785,65,318.59,45785,45720
AM004231,APP004,2026-06-27,2026-05-14 04:00:00,1399,18366,529,232.36,18366,17837
AM004232,APP005,2026-04-16,2026-04-01 12:00:00,1380,33909,867,266.45,33909,33042
AM004233,APP008,2025-12-04,2025-11-29 23:00:00,1436,40800,1500,111.6,40800,39300
AM004234,APP004,2025-10-11,2025-11-10 12:00:00,1418,23951,306,278.37,23951,23645
AM004235,APP007,2025-08-11,2026-03-01 12:00:00,1384,23460,1128,325.54,23460,22332
AM004236,APP008,2026-11-25,2026-01-29 17:00:00,1399,24594,257,32.41,24594,24337
AM004237,APP008,2025-10-24,2026-09-09 01:00:00,1434,18971,948,205.29,18971,18023
AM004238,APP007,2026-08-24,2026-02-01 21:00:00,1436,7370,113,34.61,7370,7257
AM004239,APP006,2026-01-17,2025-09-14 08:00:00,1405,13528,117,293.31,13528,13411
AM004240,APP007,2025-11-05,2026-04-16 12:00:00,1380,17272,857,326.63,17272,16415
AM004241,APP005,2025-10-19,2025-07-18 02:00:00,1431,21539,1010,312.44,21539,20529
AM004242,APP006,2025-01-18,2025-07-11 20:00:00,1386,15862,598,330.42,15862,15264
AM004243,APP002,2026-07-19,2026-07-30 21:00:00,1438,8621,200,221.67,8621,8421
AM004244,APP007,2026-03-25,2025-12-13 09:00:00,1398,47299,1259,159.64,47299,46040
AM004245,APP002,2025-12-01,2026-01-30 01:00:00,1413,43766,611,123.34,43766,43155
AM004246,APP001,2026-11-06,2025-12-08 14:00:00,1426,32738,850,121.5,32738,31888
AM004247,APP001,2025-07-10,2026-10-03 03:00:00,1429,48181,2170,245.8,48181,46011
AM004248,APP008,2025-05-06,2025-02-12 10:00:00,1437,38199,642,294.0,38199,37557
AM004249,APP002,2025-09-08,2025-08-29 11:00:00,1407,27618,49,167.41,27618,27569
AM004250,APP007,2026-11-05,2026-04-09 22:00:00,1430,31558,1566,141.66,31558,29992
AM004251,APP005,2025-10-25,2025-06-03 20:00:00,1387,44457,1008,268.83,44457,43449
AM004252,APP005,2026-02-01,2026-01-24 21:00:00,1437,19231,166,200.23,19231,19065
AM004253,APP006,2025-07-31,2026-08-12 05:00:00,1401,14053,94,207.86,14053,13959
AM004254,APP002,2025-09-29,2026-06-03 08:00:00,1396,38167,1662,226.54,38167,36505
AM004255,APP006,2025-08-12,2026-10-20 15:00:00,1435,32134,1062,209.83,32134,31072
AM004256,APP003,2026-10-29,2026-11-30 20:00:00,1405,10787,52,212.84,10787,10735
AM004257,APP008,2025-05-09,2025-04-16 16:00:00,1394,38059,288,45.68,38059,37771
AM004258,APP006,2025-12-18,2025-04-08 17:00:00,1400,24772,1172,231.57,24772,23600
AM004259,APP002,2025-04-25,2026-02-03 04:00:00,1399,36598,216,253.32,36598,36382
AM004260,APP007,2026-04-25,2025-04-21 05:00:00,1421,39862,1577,223.76,39862,38285
AM004261,APP002,2026-10-22,2026-10-22 20:00:00,1433,18812,21,315.8,18812,18791
AM004262,APP001,2025-04-13,2026-07-22 16:00:00,1391,41672,120,20.59,41672,41552
AM004263,APP003,2025-07-16,2025-07-15 09:00:00,1405,45641,356,98.29,45641,45285
AM004264,APP004,2026-06-01,2026-01-22 20:00:00,1400,6575,288,225.79,6575,6287
AM004265,APP005,2026-09-08,2025-09-23 17:00:00,1401,28819,150,292.74,28819,28669
AM004266,APP005,2025-12-13,2026-09-13 01:00:00,1390,17556,160,68.89,17556,17396
AM004267,APP001,2026-08-14,2026-09-15 10:00:00,1405,22054,308,316.59,22054,21746
AM004268,APP001,2026-12-25,2026-07-30 19:00:00,1395,39262,1807,164.0,39262,37455
AM004269,APP004,2026-07-11,2025-05-14 13:00:00,1420,12435,600,235.94,12435,11835
AM004270,APP001,2026-08-30,2025-03-15 14:00:00,1434,5583,109,79.87,5583,5474
AM004271,APP004,2025-10-22,2025-04-04 03:00:00,1392,7255,86,223.78,7255,7169
AM004272,APP003,2026-03-07,2025-08-08 13:00:00,1435,3015,94,180.2,3015,2921
AM004273,APP007,2025-08-07,2025-05-25 03:00:00,1400,20752,581,312.68,20752,20171
AM004274,APP008,2026-03-18,2025-04-03 09:00:00,1431,32065,607,342.36,32065,31458
AM004275,APP008,2025-06-27,2026-12-16 07:00:00,1438,32788,1012,78.16,32788,31776
AM004276,APP005,2025-01-11,2025-05-07 23:00:00,1409,46911,1872,277.41,46911,45039
AM004277,APP003,2025-09-17,2026-01-10 11:00:00,1422,1415,49,341.6,1415,1366
AM004278,APP007,2025-07-15,2026-05-25 18:00:00,1384,6897,283,272.76,6897,6614
AM004279,APP007,2025-04-30,2025-01-19 05:00:00,1428,42514,622,137.89,42514,41892
AM004280,APP007,2025-10-27,2025-03-06 00:00:00,1389,23699,862,77.39,23699,22837
AM004281,APP003,2025-12-10,2025-02-07 17:00:00,1408,6922,68,61.88,6922,6854
AM004282,APP008,2026-12-01,2026-08-21 19:00:00,1430,45205,1523,238.22,45205,43682
AM004283,APP004,2025-05-03,2025-12-03 03:00:00,1405,36481,969,92.87,36481,35512
AM004284,APP002,2026-10-09,2026-07-21 22:00:00,1417,43022,755,283.41,43022,42267
AM004285,APP006,2026-07-15,2025-04-11 10:00:00,1421,17414,497,30.0,17414,16917
AM004286,APP007,2025-07-05,2026-08-18 15:00:00,1400,39045,1362,343.23,39045,37683
AM004287,APP004,2025-11-08,2025-09-20 04:00:00,1386,18184,464,344.34,18184,17720
AM004288,APP003,2026-10-04,2026-06-28 06:00:00,1409,7913,114,195.38,7913,7799
AM004289,APP004,2025-06-02,2025-07-28 11:00:00,1383,23432,177,108.18,23432,23255
AM004290,APP002,2026-05-26,2026-08-05 18:00:00,1380,13200,289,342.36,13200,12911
AM004291,APP003,2025-02-28,2025-06-10 14:00:00,1407,46210,386,139.89,46210,45824
AM004292,APP008,2025-01-31,2026-05-19 14:00:00,1380,4999,86,212.43,4999,4913
AM004293,APP002,2025-10-04,2025-11-15 02:00:00,1395,32124,676,206.43,32124,31448
AM004294,APP006,2026-03-27,2026-01-20 19:00:00,1395,30414,285,223.06,30414,30129
AM004295,APP002,2026-06-18,2026-01-22 05:00:00,1418,32404,943,266.37,32404,31461
AM004296,APP002,2025-09-13,2025-01-18 21:00:00,1424,2149,89,232.83,2149,2060
AM004297,APP001,2025-04-27,2026-01-15 16:00:00,1402,4978,171,158.66,4978,4807
AM004298,APP005,2025-05-15,2025-01-20 06:00:00,1393,28993,884,339.79,28993,28109
AM004299,APP001,2026-09-12,2026-12-07 23:00:00,1400,18432,681,41.88,18432,17751
AM004300,APP002,2025-08-14,2026-11-10 23:00:00,1415,28151,266,216.79,28151,27885
AM004301,APP004,2026-05-22,2025-06-12 01:00:00,1438,5120,65,143.41,5120,5055
AM004302,APP001,2026-07-14,2025-10-13 14:00:00,1408,41367,603,68.87,41367,40764
AM004303,APP004,2025-09-26,2026-07-12 18:00:00,1433,37238,1004,141.27,37238,36234
AM004304,APP001,2026-11-29,2025-04-17 16:00:00,1425,11820,264,56.91,11820,11556
AM004305,APP005,2025-03-10,2025-09-16 13:00:00,1402,13837,219,97.61,13837,13618
AM004306,APP006,2025-08-21,2025-12-11 20:00:00,1384,23726,190,138.53,23726,23536
AM004307,APP006,2025-09-13,2025-06-13 03:00:00,1413,1999,92,209.37,1999,1907
AM004308,APP001,2025-01-03,2026-11-07 21:00:00,1386,26916,342,57.44,26916,26574
AM004309,APP007,2026-07-06,2026-01-03 18:00:00,1407,44621,430,307.16,44621,44191
AM004310,APP004,2025-08-23,2026-04-06 00:00:00,1428,19586,331,73.52,19586,19255
AM004311,APP006,2026-12-20,2025-12-20 17:00:00,1434,40157,1489,298.58,40157,38668
AM004312,APP005,2026-05-26,2026-09-25 13:00:00,1416,25237,293,106.89,25237,24944
AM004313,APP005,2026-03-14,2026-05-21 09:00:00,1388,9290,198,323.38,9290,9092
AM004314,APP004,2026-09-09,2025-07-11 12:00:00,1407,35811,1178,37.37,35811,34633
AM004315,APP002,2026-06-28,2025-08-25 19:00:00,1438,49599,1333,286.7,49599,48266
AM004316,APP004,2025-04-17,2025-02-09 00:00:00,1399,34286,188,16.39,34286,34098
AM004317,APP007,2025-03-16,2025-11-06 15:00:00,1417,2715,54,219.15,2715,2661
AM004318,APP001,2025-11-11,2026-09-02 03:00:00,1410,37821,1496,256.12,37821,36325
AM004319,APP004,2025-04-30,2026-04-08 07:00:00,1395,34008,976,347.81,34008,33032
AM004320,APP003,2025-01-31,2026-09-25 03:00:00,1404,43023,596,35.64,43023,42427
AM004321,APP007,2025-08-27,2026-07-24 04:00:00,1402,9500,461,341.46,9500,9039
AM004322,APP006,2026-10-08,2026-06-18 09:00:00,1428,18759,266,257.62,18759,18493
AM004323,APP001,2025-06-06,2025-05-22 11:00:00,1388,19580,955,52.85,19580,18625
AM004324,APP004,2026-11-07,2025-02-26 19:00:00,1382,35360,184,201.27,35360,35176
AM004325,APP002,2025-04-15,2026-04-12 23:00:00,1405,42167,443,97.21,42167,41724
AM004326,APP002,2025-09-09,2026-03-10 19:00:00,1391,12409,606,304.41,12409,11803
AM004327,APP004,2025-04-21,2025-11-27 13:00:00,1409,38772,1240,186.29,38772,37532
AM004328,APP003,2025-11-28,2025-11-15 17:00:00,1402,12096,390,320.12,12096,11706
AM004329,APP005,2025-02-18,2025-06-25 00:00:00,1407,47112,1188,78.33,47112,45924
AM004330,APP006,2026-06-17,2026-03-29 04:00:00,1432,1108,18,21.61,1108,1090
AM004331,APP008,2025-01-28,2026-06-29 05:00:00,1424,31061,661,228.14,31061,30400
AM004332,APP006,2026-09-30,2026-11-23 06:00:00,1419,48792,53,213.73,48792,48739
AM004333,APP004,2025-12-14,2026-08-14 17:00:00,1412,43537,1188,27.05,43537,42349
AM004334,APP003,2026-04-05,2026-08-20 10:00:00,1397,7826,44,127.28,7826,7782
AM004335,APP005,2026-10-15,2025-02-02 13:00:00,1433,11224,121,287.92,11224,11103
AM004336,APP001,2025-08-21,2025-05-11 14:00:00,1423,1784,32,265.77,1784,1752
AM004337,APP006,2026-08-05,2025-05-02 11:00:00,1410,25355,45,317.63,25355,25310
AM004338,APP005,2025-09-25,2025-03-17 17:00:00,1429,45999,508,214.25,45999,45491
AM004339,APP005,2026-02-16,2025-03-07 02:00:00,1439,32898,960,154.54,32898,31938
AM004340,APP007,2025-06-09,2026-02-04 21:00:00,1381,4201,113,325.31,4201,4088
AM004341,APP008,2025-10-12,2026-04-13 16:00:00,1422,17704,737,199.71,17704,16967
AM004342,APP005,2025-03-07,2025-03-04 22:00:00,1431,27363,38,198.78,27363,27325
AM004343,APP004,2026-07-19,2026-06-12 07:00:00,1411,2940,94,41.13,2940,2846
AM004344,APP005,2025-07-03,2025-12-18 04:00:00,1404,15635,513,68.2,15635,15122
AM004345,APP004,2026-07-01,2025-12-31 10:00:00,1386,10128,51,32.25,10128,10077
AM004346,APP004,2026-08-05,2025-09-21 18:00:00,1433,1106,35,216.27,1106,1071
AM004347,APP003,2026-05-31,2025-10-21 18:00:00,1435,31329,1289,245.87,31329,30040
AM004348,APP003,2025-03-19,2025-10-23 17:00:00,1390,36197,1505,322.16,36197,34692
AM004349,APP007,2026-07-17,2026-06-15 23:00:00,1386,29640,1396,273.42,29640,28244
AM004350,APP005,2025-10-08,2026-09-09 09:00:00,1434,25693,984,240.6,25693,24709
AM004351,APP001,2026-08-23,2026-04-12 03:00:00,1380,16146,332,178.95,16146,15814
AM004352,APP004,2025-08-23,2026-04-10 23:00:00,1404,1063,36,318.6,1063,1027
AM004353,APP003,2026-03-08,2026-03-14 05:00:00,1418,49906,1402,216.02,49906,48504
AM004354,APP006,2026-11-08,2026-01-02 04:00:00,1404,13774,571,91.8,13774,13203
AM004355,APP007,2025-09-17,2025-02-23 11:00:00,1419,28777,222,44.01,28777,28555
AM004356,APP008,2025-12-10,2026-05-11 07:00:00,1415,22266,77,116.13,22266,22189
AM004357,APP007,2026-07-26,2026-04-28 03:00:00,1425,24534,408,163.81,24534,24126
AM004358,APP001,2026-02-19,2025-06-01 21:00:00,1433,39025,826,106.11,39025,38199
AM004359,APP006,2025-04-08,2025-12-02 15:00:00,1433,1089,6,288.56,1089,1083
AM004360,APP001,2025-01-19,2026-05-02 23:00:00,1397,34269,1042,306.29,34269,33227
AM004361,APP002,2026-07-19,2025-12-28 12:00:00,1399,25895,584,265.72,25895,25311
AM004362,APP004,2026-07-27,2026-02-01 09:00:00,1428,5357,257,278.34,5357,5100
AM004363,APP005,2025-10-20,2025-06-21 06:00:00,1432,37205,1284,90.35,37205,35921
AM004364,APP001,2025-05-03,2025-07-01 11:00:00,1413,38608,819,148.53,38608,37789
AM004365,APP005,2025-11-04,2026-05-28 06:00:00,1414,7104,253,175.6,7104,6851
AM004366,APP006,2025-11-21,2026-10-16 15:00:00,1389,11895,422,182.86,11895,11473
AM004367,APP004,2026-03-09,2026-04-23 23:00:00,1401,10310,321,94.8,10310,9989
AM004368,APP006,2026-07-14,2025-05-06 14:00:00,1390,34628,862,233.27,34628,33766
AM004369,APP001,2025-04-22,2025-07-01 18:00:00,1435,32142,1084,69.42,32142,31058
AM004370,APP001,2025-10-15,2026-12-15 10:00:00,1395,22630,1013,335.68,22630,21617
AM004371,APP001,2026-08-17,2026-05-20 01:00:00,1392,16370,604,177.56,16370,15766
AM004372,APP007,2025-09-25,2026-04-17 01:00:00,1414,9226,441,215.77,9226,8785
AM004373,APP007,2025-07-25,2026-08-11 01:00:00,1405,7362,304,60.88,7362,7058
AM004374,APP001,2025-03-16,2025-02-27 17:00:00,1388,26806,634,42.08,26806,26172
AM004375,APP003,2025-01-06,2026-08-27 20:00:00,1409,22946,645,143.27,22946,22301
AM004376,APP005,2025-04-14,2026-07-12 22:00:00,1428,36930,777,56.48,36930,36153
AM004377,APP001,2025-12-05,2025-10-03 13:00:00,1388,37844,851,132.04,37844,36993
AM004378,APP006,2026-06-20,2026-12-19 23:00:00,1436,8444,155,18.26,8444,8289
AM004379,APP004,2025-08-21,2025-03-26 05:00:00,1422,13550,468,72.54,13550,13082
AM004380,APP001,2025-06-07,2025-03-17 04:00:00,1425,7628,250,77.01,7628,7378
AM004381,APP008,2026-03-25,2026-04-14 06:00:00,1398,49972,1102,345.41,49972,48870
AM004382,APP006,2025-02-14,2025-10-16 12:00:00,1418,47634,2227,42.65,47634,45407
AM004383,APP005,2026-02-20,2025-12-10 00:00:00,1403,20416,82,311.55,20416,20334
AM004384,APP006,2026-03-30,2026-07-29 10:00:00,1419,9107,283,24.06,9107,8824
AM004385,APP006,2025-08-31,2025-12-10 17:00:00,1386,29013,247,140.43,29013,28766
AM004386,APP006,2025-04-10,2025-09-21 06:00:00,1388,11742,302,346.87,11742,11440
AM004387,APP006,2025-02-28,2025-10-01 23:00:00,1428,48388,1400,292.13,48388,46988
AM004388,APP007,2025-04-06,2025-02-05 17:00:00,1439,20104,84,120.7,20104,20020
AM004389,APP006,2025-09-24,2026-10-15 20:00:00,1434,32875,424,34.08,32875,32451
AM004390,APP002,2026-05-18,2025-03-08 13:00:00,1382,49317,744,66.65,49317,48573
AM004391,APP003,2025-05-01,2025-10-14 18:00:00,1428,3633,143,136.3,3633,3490
AM004392,APP001,2025-11-10,2026-10-29 04:00:00,1405,7208,318,186.22,7208,6890
AM004393,APP004,2025-08-19,2026-08-15 14:00:00,1402,10782,92,32.95,10782,10690
AM004394,APP003,2025-08-15,2025-03-03 10:00:00,1437,48889,760,163.0,48889,48129
AM004395,APP004,2025-02-16,2026-09-02 02:00:00,1400,47110,1957,293.02,47110,45153
AM004396,APP004,2025-10-11,2025-05-27 09:00:00,1415,39204,1020,306.49,39204,38184
AM004397,APP008,2026-04-18,2026-05-28 17:00:00,1429,4378,135,77.87,4378,4243
AM004398,APP001,2026-09-10,2025-06-21 08:00:00,1387,32981,1439,346.69,32981,31542
AM004399,APP005,2025-02-11,2026-10-27 18:00:00,1411,44779,1994,45.04,44779,42785
AM004400,APP005,2025-11-10,2025-07-29 18:00:00,1407,4419,142,254.11,4419,4277
AM004401,APP004,2026-09-29,2026-08-24 14:00:00,1434,41652,682,207.18,41652,40970
AM004402,APP005,2025-02-21,2025-03-12 18:00:00,1425,45386,1545,322.85,45386,43841
AM004403,APP006,2025-08-26,2026-01-30 22:00:00,1413,24292,1071,69.96,24292,23221
AM004404,APP003,2025-09-30,2026-08-16 20:00:00,1406,33522,746,184.17,33522,32776
AM004405,APP001,2026-03-08,2026-04-05 03:00:00,1407,34285,865,28.15,34285,33420
AM004406,APP008,2025-05-29,2026-05-17 04:00:00,1389,16014,606,171.83,16014,15408
AM004407,APP006,2026-01-25,2025-02-13 23:00:00,1406,38674,1851,29.61,38674,36823
AM004408,APP006,2026-01-10,2026-08-11 08:00:00,1433,30397,624,181.97,30397,29773
AM004409,APP004,2025-09-26,2025-02-28 23:00:00,1417,31852,1564,21.59,31852,30288
AM004410,APP003,2025-05-04,2026-07-14 10:00:00,1423,4382,155,234.27,4382,4227
AM004411,APP003,2025-02-08,2026-08-29 17:00:00,1416,3992,196,291.91,3992,3796
AM004412,APP001,2025-12-29,2025-03-29 18:00:00,1384,4463,27,25.54,4463,4436
AM004413,APP008,2026-10-09,2025-07-02 03:00:00,1405,8370,135,97.87,8370,8235
AM004414,APP002,2025-11-09,2025-09-24 02:00:00,1413,2822,79,126.55,2822,2743
AM004415,APP001,2026-08-18,2025-03-18 10:00:00,1381,17128,420,262.73,17128,16708
AM004416,APP008,2025-11-05,2025-03-27 21:00:00,1425,48693,1688,39.0,48693,47005
AM004417,APP003,2025-08-30,2025-11-08 21:00:00,1409,5105,170,41.98,5105,4935
AM004418,APP004,2025-04-11,2026-06-23 08:00:00,1434,45270,1382,154.0,45270,43888
AM004419,APP004,2025-12-29,2025-11-26 05:00:00,1404,12678,359,271.99,12678,12319
AM004420,APP004,2025-04-15,2025-07-19 21:00:00,1401,33907,1008,40.8,33907,32899
AM004421,APP001,2026-05-13,2025-05-24 03:00:00,1412,32177,1355,216.48,32177,30822
AM004422,APP006,2026-08-05,2026-08-27 09:00:00,1384,20323,723,255.17,20323,19600
AM004423,APP006,2026-03-13,2026-08-23 15:00:00,1398,12335,105,68.27,12335,12230
AM004424,APP001,2025-09-04,2025-07-03 22:00:00,1392,19208,201,121.27,19208,19007
AM004425,APP007,2026-11-06,2025-11-29 11:00:00,1398,48183,502,44.71,48183,47681
AM004426,APP001,2025-02-20,2026-01-08 18:00:00,1439,18199,438,234.8,18199,17761
AM004427,APP001,2025-09-08,2025-07-18 14:00:00,1416,15409,108,346.48,15409,15301
AM004428,APP006,2026-06-14,2026-08-02 01:00:00,1429,30335,1112,243.17,30335,29223
AM004429,APP001,2025-12-05,2026-05-03 16:00:00,1403,31341,175,347.51,31341,31166
AM004430,APP008,2025-05-23,2025-11-26 13:00:00,1417,25433,648,58.78,25433,24785
AM004431,APP008,2026-08-14,2025-01-16 19:00:00,1423,5922,91,305.79,5922,5831
AM004432,APP002,2026-09-12,2025-10-03 21:00:00,1405,1979,55,235.81,1979,1924
AM004433,APP008,2025-02-02,2026-07-14 05:00:00,1423,16852,642,241.57,16852,16210
AM004434,APP002,2025-11-05,2026-12-26 06:00:00,1433,6423,42,178.35,6423,6381
AM004435,APP002,2026-01-17,2026-05-28 13:00:00,1418,20338,620,323.99,20338,19718
AM004436,APP003,2025-05-13,2026-11-21 15:00:00,1385,42028,1612,171.22,42028,40416
AM004437,APP001,2025-04-26,2026-05-03 20:00:00,1438,42844,332,258.76,42844,42512
AM004438,APP001,2025-05-22,2025-08-23 10:00:00,1407,9101,304,17.12,9101,8797
AM004439,APP007,2025-05-13,2026-08-31 22:00:00,1433,41141,1950,111.45,41141,39191
AM004440,APP005,2026-07-16,2025-02-07 12:00:00,1423,9078,365,221.13,9078,8713
AM004441,APP002,2026-06-06,2025-11-06 13:00:00,1402,12825,118,89.15,12825,12707
AM004442,APP005,2026-10-06,2026-01-30 23:00:00,1412,40302,1745,292.85,40302,38557
AM004443,APP008,2026-06-25,2026-12-26 18:00:00,1395,47891,2007,21.85,47891,45884
AM004444,APP005,2025-05-09,2025-02-16 05:00:00,1401,1321,19,270.04,1321,1302
AM004445,APP007,2025-05-07,2026-09-13 08:00:00,1408,8090,306,203.59,8090,7784
AM004446,APP005,2026-11-14,2025-04-26 10:00:00,1436,21221,729,42.49,21221,20492
AM004447,APP006,2026-08-23,2025-08-25 09:00:00,1403,14736,565,157.2,14736,14171
AM004448,APP008,2026-05-13,2025-05-23 13:00:00,1405,2417,48,263.43,2417,2369
AM004449,APP001,2026-05-08,2026-12-24 10:00:00,1384,33954,128,119.68,33954,33826
AM004450,APP002,2026-10-26,2025-04-19 21:00:00,1412,5575,168,273.2,5575,5407
AM004451,APP003,2025-02-11,2026-10-27 17:00:00,1417,44779,1211,293.74,44779,43568
AM004452,APP008,2025-08-19,2025-09-18 03:00:00,1405,9265,404,92.02,9265,8861
AM004453,APP001,2026-11-01,2026-04-19 07:00:00,1397,30177,1093,116.06,30177,29084
AM004454,APP004,2025-03-12,2026-11-06 06:00:00,1409,5126,250,71.19,5126,4876
AM004455,APP007,2025-05-09,2025-12-23 15:00:00,1407,36485,60,283.06,36485,36425
AM004456,APP001,2025-12-06,2025-12-03 04:00:00,1414,35812,1622,72.33,35812,34190
AM004457,APP001,2025-04-07,2026-06-12 06:00:00,1412,42808,1534,101.16,42808,41274
AM004458,APP001,2026-12-04,2025-12-27 09:00:00,1413,22158,956,136.34,22158,21202
AM004459,APP002,2025-07-28,2026-01-19 20:00:00,1392,45210,1225,303.64,45210,43985
AM004460,APP005,2026-05-02,2025-11-01 17:00:00,1389,31074,31,202.56,31074,31043
AM004461,APP006,2026-10-08,2025-03-26 04:00:00,1390,34207,280,214.05,34207,33927
AM004462,APP004,2025-09-04,2026-06-12 12:00:00,1428,49200,184,28.77,49200,49016
AM004463,APP003,2025-04-19,2025-06-06 15:00:00,1404,35897,867,317.83,35897,35030
AM004464,APP008,2026-01-19,2026-06-21 05:00:00,1397,36203,661,133.93,36203,35542
AM004465,APP004,2025-08-30,2025-05-15 08:00:00,1434,4849,119,110.86,4849,4730
AM004466,APP002,2026-12-07,2025-05-15 03:00:00,1431,5809,57,104.54,5809,5752
AM004467,APP007,2025-09-07,2026-06-30 13:00:00,1384,29606,892,121.5,29606,28714
AM004468,APP005,2026-07-01,2026-07-28 20:00:00,1392,13519,664,242.22,13519,12855
AM004469,APP003,2025-01-20,2025-11-11 18:00:00,1421,24513,293,15.78,24513,24220
AM004470,APP003,2025-11-09,2026-05-25 05:00:00,1387,49805,189,16.33,49805,49616
AM004471,APP003,2026-08-01,2025-09-28 18:00:00,1434,15557,203,236.5,15557,15354
AM004472,APP008,2026-02-01,2025-07-11 04:00:00,1382,24323,159,73.54,24323,24164
AM004473,APP005,2026-11-20,2026-01-03 11:00:00,1409,15854,241,134.19,15854,15613
AM004474,APP003,2026-10-03,2025-10-02 23:00:00,1420,3388,111,108.33,3388,3277
AM004475,APP003,2026-08-25,2026-06-09 21:00:00,1428,2918,36,62.89,2918,2882
AM004476,APP002,2026-08-19,2026-12-31 09:00:00,1421,45410,244,280.84,45410,45166
AM004477,APP006,2026-06-21,2026-12-11 10:00:00,1403,46360,1631,226.71,46360,44729
AM004478,APP002,2026-03-31,2026-09-28 23:00:00,1413,43089,133,217.2,43089,42956
AM004479,APP008,2025-12-08,2025-02-23 15:00:00,1396,36954,917,104.39,36954,36037
AM004480,APP002,2025-10-10,2026-04-22 17:00:00,1382,21844,99,267.92,21844,21745
AM004481,APP005,2025-07-08,2025-04-06 09:00:00,1387,29256,728,252.37,29256,28528
AM004482,APP008,2025-07-13,2026-09-19 19:00:00,1438,13702,124,228.13,13702,13578
AM004483,APP002,2026-03-14,2025-07-23 21:00:00,1404,32406,443,265.48,32406,31963
AM004484,APP005,2026-06-15,2026-07-04 04:00:00,1436,13985,592,192.56,13985,13393
AM004485,APP002,2026-12-15,2025-12-26 01:00:00,1394,35395,53,27.97,35395,35342
AM004486,APP007,2026-01-23,2025-03-01 03:00:00,1411,11284,510,311.28,11284,10774
AM004487,APP006,2025-04-24,2026-01-23 06:00:00,1421,33839,1627,141.97,33839,32212
AM004488,APP007,2026-08-09,2025-02-18 08:00:00,1402,34038,853,302.2,34038,33185
AM004489,APP003,2025-10-04,2026-08-20 22:00:00,1392,45986,882,258.71,45986,45104
AM004490,APP008,2026-10-16,2026-02-10 09:00:00,1425,45906,1165,82.71,45906,44741
AM004491,APP006,2026-04-17,2025-07-24 15:00:00,1429,47721,309,116.69,47721,47412
AM004492,APP008,2026-08-16,2025-08-17 12:00:00,1406,30061,1290,314.36,30061,28771
AM004493,APP007,2026-11-20,2025-06-25 19:00:00,1439,2487,33,299.46,2487,2454
AM004494,APP005,2025-04-14,2025-05-12 21:00:00,1391,24653,955,143.87,24653,23698
AM004495,APP004,2026-07-02,2025-05-08 00:00:00,1391,12937,517,313.66,12937,12420
AM004496,APP002,2025-06-14,2025-05-27 15:00:00,1391,20382,416,295.13,20382,19966
AM004497,APP007,2026-05-05,2025-04-05 18:00:00,1398,17350,412,38.38,17350,16938
AM004498,APP004,2026-10-08,2026-07-27 09:00:00,1396,37553,1872,333.77,37553,35681
AM004499,APP003,2025-06-03,2025-05-12 11:00:00,1384,3947,123,38.68,3947,3824
AM004500,APP002,2026-07-11,2026-08-23 09:00:00,1417,8012,309,288.12,8012,7703
AM004501,APP002,2025-09-02,2025-09-04 22:00:00,1404,2951,79,224.82,2951,2872
AM004502,APP005,2026-06-30,2026-03-29 15:00:00,1386,40119,301,215.13,40119,39818
AM004503,APP004,2026-07-06,2025-06-03 08:00:00,1430,5672,13,259.55,5672,5659
AM004504,APP001,2025-04-27,2026-08-05 05:00:00,1414,36508,1128,49.46,36508,35380
AM004505,APP008,2025-03-11,2025-02-21 02:00:00,1418,21827,701,64.11,21827,21126
AM004506,APP005,2026-08-04,2026-06-02 09:00:00,1437,27806,624,166.73,27806,27182
AM004507,APP006,2026-03-25,2026-01-09 14:00:00,1409,32063,505,104.62,32063,31558
AM004508,APP008,2025-07-27,2025-01-20 19:00:00,1399,9447,152,69.96,9447,9295
AM004509,APP002,2025-07-11,2026-10-01 07:00:00,1400,25469,620,143.72,25469,24849
AM004510,APP003,2025-10-04,2025-08-07 08:00:00,1389,4357,79,274.76,4357,4278
AM004511,APP001,2026-12-30,2025-06-22 02:00:00,1409,42891,163,37.75,42891,42728
AM004512,APP003,2026-09-19,2025-06-27 21:00:00,1410,40895,1259,52.12,40895,39636
AM004513,APP002,2025-03-19,2025-02-28 12:00:00,1411,7716,281,332.11,7716,7435
AM004514,APP005,2026-06-07,2025-08-31 13:00:00,1414,32103,394,166.9,32103,31709
AM004515,APP003,2025-11-04,2025-08-31 23:00:00,1435,18765,716,107.9,18765,18049
AM004516,APP006,2026-02-17,2025-12-19 05:00:00,1393,11782,88,344.51,11782,11694
AM004517,APP005,2026-11-12,2026-03-07 14:00:00,1413,46267,984,97.57,46267,45283
AM004518,APP005,2025-12-05,2025-03-04 13:00:00,1434,3386,21,175.85,3386,3365
AM004519,APP001,2026-06-04,2026-03-22 13:00:00,1409,10862,283,247.79,10862,10579
AM004520,APP001,2025-12-21,2025-04-21 09:00:00,1392,20406,363,168.16,20406,20043
AM004521,APP008,2026-04-24,2025-10-20 17:00:00,1425,15345,737,282.99,15345,14608
AM004522,APP004,2025-04-03,2025-12-02 08:00:00,1424,37814,1018,21.57,37814,36796
AM004523,APP007,2025-06-11,2025-08-02 11:00:00,1435,33066,205,249.47,33066,32861
AM004524,APP008,2026-10-19,2025-12-18 20:00:00,1395,49310,602,81.29,49310,48708
AM004525,APP002,2026-09-17,2026-12-29 04:00:00,1433,15468,258,257.23,15468,15210
AM004526,APP001,2025-12-14,2026-04-05 02:00:00,1388,40689,1648,245.96,40689,39041
AM004527,APP001,2025-10-26,2025-11-21 02:00:00,1425,46186,344,233.12,46186,45842
AM004528,APP005,2026-10-17,2025-02-23 21:00:00,1408,2102,85,341.88,2102,2017
AM004529,APP004,2026-07-21,2026-03-19 08:00:00,1404,7091,81,187.43,7091,7010
AM004530,APP008,2025-05-20,2025-10-11 19:00:00,1393,16662,161,123.98,16662,16501
AM004531,APP008,2025-10-15,2025-09-10 00:00:00,1430,30195,487,346.98,30195,29708
AM004532,APP002,2026-06-02,2026-01-24 14:00:00,1402,21291,56,193.29,21291,21235
AM004533,APP004,2025-06-15,2026-06-24 16:00:00,1409,41799,574,266.78,41799,41225
AM004534,APP003,2026-08-21,2025-10-29 04:00:00,1397,24876,447,20.14,24876,24429
AM004535,APP004,2026-05-11,2026-07-15 12:00:00,1400,11160,307,318.49,11160,10853
AM004536,APP004,2025-04-20,2026-04-21 06:00:00,1383,17778,653,173.59,17778,17125
AM004537,APP008,2025-03-31,2026-11-08 13:00:00,1397,41033,1645,348.63,41033,39388
AM004538,APP001,2025-08-02,2026-04-11 15:00:00,1406,35047,398,324.79,35047,34649
AM004539,APP004,2025-08-24,2026-03-29 07:00:00,1427,20551,54,277.37,20551,20497
AM004540,APP001,2025-11-18,2026-02-09 23:00:00,1413,25801,734,21.84,25801,25067
AM004541,APP008,2025-08-01,2025-08-28 15:00:00,1439,14697,358,188.9,14697,14339
AM004542,APP004,2026-07-15,2025-12-27 09:00:00,1390,42709,1924,205.73,42709,40785
AM004543,APP007,2026-01-15,2025-09-29 11:00:00,1408,35812,1739,225.09,35812,34073
AM004544,APP007,2025-12-20,2026-07-20 05:00:00,1408,10484,467,154.67,10484,10017
AM004545,APP006,2026-11-18,2026-04-17 06:00:00,1380,4006,150,75.71,4006,3856
AM004546,APP001,2026-06-19,2025-05-14 14:00:00,1401,48762,2079,64.28,48762,46683
AM004547,APP001,2026-02-26,2025-08-19 23:00:00,1398,3382,142,127.93,3382,3240
AM004548,APP001,2026-03-22,2025-07-05 14:00:00,1381,49858,121,80.0,49858,49737
AM004549,APP007,2025-09-23,2026-01-29 21:00:00,1428,14448,459,183.04,14448,13989
AM004550,APP008,2026-12-24,2026-02-19 08:00:00,1417,19367,835,286.77,19367,18532
AM004551,APP003,2025-10-19,2025-07-11 07:00:00,1435,38184,1445,111.98,38184,36739
AM004552,APP001,2026-04-28,2025-01-13 01:00:00,1427,11806,526,114.83,11806,11280
AM004553,APP006,2025-03-09,2026-07-17 06:00:00,1398,26873,1022,83.35,26873,25851
AM004554,APP001,2025-12-24,2025-03-18 01:00:00,1391,42018,1962,54.5,42018,40056
AM004555,APP006,2026-08-18,2026-03-01 10:00:00,1400,6753,325,341.65,6753,6428
AM004556,APP008,2025-08-26,2025-08-22 16:00:00,1416,38607,90,200.7,38607,38517
AM004557,APP005,2026-04-20,2026-09-07 00:00:00,1382,49815,960,78.73,49815,48855
AM004558,APP002,2026-12-22,2026-06-04 11:00:00,1400,17329,665,311.06,17329,16664
AM004559,APP003,2025-01-31,2026-06-14 10:00:00,1408,22315,1111,214.29,22315,21204
AM004560,APP002,2025-07-06,2026-10-15 01:00:00,1393,39733,1574,169.06,39733,38159
AM004561,APP008,2026-07-15,2025-02-21 08:00:00,1403,28251,540,126.05,28251,27711
AM004562,APP004,2026-08-12,2025-11-11 13:00:00,1380,36238,1198,319.51,36238,35040
AM004563,APP007,2025-02-20,2026-05-04 12:00:00,1419,43367,1368,195.68,43367,41999
AM004564,APP003,2025-12-16,2025-09-03 16:00:00,1426,46398,1270,279.88,46398,45128
AM004565,APP005,2026-03-27,2026-08-22 16:00:00,1414,36168,377,173.63,36168,35791
AM004566,APP006,2026-04-08,2026-08-18 10:00:00,1404,7974,150,162.63,7974,7824
AM004567,APP003,2025-02-27,2026-01-17 05:00:00,1423,10657,377,104.15,10657,10280
AM004568,APP006,2026-04-03,2025-08-30 03:00:00,1414,38974,1214,25.22,38974,37760
AM004569,APP007,2026-10-31,2025-10-16 21:00:00,1408,35250,499,86.65,35250,34751
AM004570,APP006,2025-08-22,2025-01-30 16:00:00,1428,6547,258,283.76,6547,6289
AM004571,APP001,2026-11-23,2025-10-07 21:00:00,1414,21442,668,274.05,21442,20774
AM004572,APP003,2025-10-13,2025-06-02 06:00:00,1383,23008,310,134.2,23008,22698
AM004573,APP003,2026-05-16,2026-06-09 13:00:00,1414,34021,1524,141.12,34021,32497
AM004574,APP003,2025-10-27,2025-09-30 22:00:00,1429,40234,1188,103.22,40234,39046
AM004575,APP002,2025-07-25,2026-03-05 01:00:00,1399,32654,105,179.42,32654,32549
AM004576,APP003,2025-01-11,2025-08-21 22:00:00,1436,38954,1755,69.6,38954,37199
AM004577,APP003,2026-07-11,2026-12-11 10:00:00,1421,7231,355,116.03,7231,6876
AM004578,APP008,2026-11-13,2025-04-12 11:00:00,1390,36001,966,332.26,36001,35035
AM004579,APP008,2026-11-06,2026-03-17 23:00:00,1420,19230,255,275.07,19230,18975
AM004580,APP005,2025-04-06,2026-11-17 04:00:00,1398,27007,512,36.57,27007,26495
AM004581,APP008,2026-11-01,2026-02-03 17:00:00,1386,2072,70,312.26,2072,2002
AM004582,APP002,2026-03-31,2026-02-26 19:00:00,1400,21408,694,243.83,21408,20714
AM004583,APP008,2025-08-24,2025-10-25 03:00:00,1433,19178,167,256.32,19178,19011
AM004584,APP008,2026-10-24,2026-08-10 10:00:00,1381,24631,652,173.26,24631,23979
AM004585,APP007,2026-01-31,2025-06-28 16:00:00,1424,33145,1292,157.74,33145,31853
AM004586,APP006,2026-06-09,2025-05-25 19:00:00,1431,42869,157,262.29,42869,42712
AM004587,APP006,2026-05-09,2025-06-09 21:00:00,1419,12473,23,243.39,12473,12450
AM004588,APP002,2025-07-10,2026-07-12 22:00:00,1405,3860,25,104.61,3860,3835
AM004589,APP001,2026-12-28,2026-04-11 05:00:00,1385,24649,931,259.42,24649,23718
AM004590,APP005,2026-01-06,2026-02-28 08:00:00,1396,30141,989,140.05,30141,29152
AM004591,APP006,2026-08-17,2026-09-29 14:00:00,1411,17621,159,250.0,17621,17462
AM004592,APP006,2026-12-08,2025-11-06 09:00:00,1409,47061,1282,237.08,47061,45779
AM004593,APP003,2026-03-18,2025-11-29 16:00:00,1389,41424,1947,347.33,41424,39477
AM004594,APP006,2026-06-23,2026-06-07 00:00:00,1433,1642,28,40.16,1642,1614
AM004595,APP001,2025-01-18,2026-06-03 05:00:00,1410,40979,740,229.24,40979,40239
AM004596,APP007,2025-05-26,2026-09-08 09:00:00,1420,48930,1085,226.11,48930,47845
AM004597,APP008,2026-05-24,2026-03-22 08:00:00,1429,46992,1275,323.47,46992,45717
AM004598,APP002,2025-02-01,2025-08-09 19:00:00,1435,25633,769,341.49,25633,24864
AM004599,APP008,2025-12-11,2026-01-26 23:00:00,1431,2887,52,49.83,2887,2835
AM004600,APP007,2025-03-23,2025-07-12 00:00:00,1437,28317,1249,182.86,28317,27068
AM004601,APP008,2025-05-19,2025-05-18 22:00:00,1409,20747,487,218.41,20747,20260
AM004602,APP002,2026-11-10,2026-10-28 08:00:00,1395,46805,678,297.24,46805,46127
AM004603,APP008,2025-09-23,2025-04-05 12:00:00,1413,6545,71,326.08,6545,6474
AM004604,APP004,2026-02-19,2025-02-03 05:00:00,1413,40237,1257,76.64,40237,38980
AM004605,APP003,2026-12-05,2026-08-06 01:00:00,1389,26068,959,258.72,26068,25109
AM004606,APP007,2025-11-27,2025-02-16 00:00:00,1396,12924,119,305.73,12924,12805
AM004607,APP003,2026-01-02,2025-02-13 06:00:00,1414,15343,43,263.59,15343,15300
AM004608,APP006,2025-08-07,2026-09-24 12:00:00,1413,37309,817,308.48,37309,36492
AM004609,APP002,2025-01-15,2025-12-20 06:00:00,1428,43144,1182,150.21,43144,41962
AM004610,APP001,2026-09-12,2026-08-25 12:00:00,1386,25397,753,68.21,25397,24644
AM004611,APP003,2026-10-04,2026-05-21 03:00:00,1398,40918,83,257.31,40918,40835
AM004612,APP004,2026-02-04,2025-06-11 04:00:00,1424,6699,158,83.95,6699,6541
AM004613,APP001,2025-08-10,2025-05-01 02:00:00,1385,36489,1175,307.45,36489,35314
AM004614,APP008,2026-06-21,2026-11-04 02:00:00,1413,5534,268,167.76,5534,5266
AM004615,APP005,2025-02-03,2026-12-21 17:00:00,1408,28211,854,149.32,28211,27357
AM004616,APP002,2026-06-14,2025-01-16 01:00:00,1418,32081,1593,76.73,32081,30488
AM004617,APP006,2025-12-26,2026-05-04 06:00:00,1401,22519,712,161.17,22519,21807
AM004618,APP004,2026-11-04,2025-06-25 12:00:00,1417,30112,1382,334.72,30112,28730
AM004619,APP003,2025-09-29,2025-06-01 09:00:00,1437,49972,1835,101.54,49972,48137
AM004620,APP002,2025-12-27,2025-10-14 16:00:00,1428,49509,1859,349.88,49509,47650
AM004621,APP007,2026-02-13,2025-12-28 09:00:00,1412,40875,1009,45.72,40875,39866
AM004622,APP004,2026-01-21,2025-07-21 04:00:00,1397,45179,344,86.77,45179,44835
AM004623,APP007,2026-09-24,2025-06-04 08:00:00,1407,49900,1945,294.01,49900,47955
AM004624,APP002,2026-09-13,2026-06-21 23:00:00,1405,10526,357,202.84,10526,10169
AM004625,APP007,2026-12-25,2025-04-07 01:00:00,1404,12687,460,111.91,12687,12227
AM004626,APP001,2026-06-27,2026-07-12 03:00:00,1384,3266,66,117.84,3266,3200
AM004627,APP004,2025-04-01,2026-01-30 22:00:00,1412,49753,1199,24.58,49753,48554
AM004628,APP004,2025-11-19,2025-02-07 06:00:00,1399,29454,1163,272.91,29454,28291
AM004629,APP005,2026-05-31,2025-12-07 10:00:00,1422,28795,165,85.0,28795,28630
AM004630,APP001,2025-03-27,2026-07-26 08:00:00,1396,29380,409,48.13,29380,28971
AM004631,APP005,2026-03-26,2026-04-07 14:00:00,1400,29164,1304,265.35,29164,27860
AM004632,APP005,2025-09-27,2026-04-14 05:00:00,1411,10093,364,91.45,10093,9729
AM004633,APP003,2025-01-15,2026-11-11 06:00:00,1395,21490,659,156.6,21490,20831
AM004634,APP008,2026-05-11,2025-03-12 09:00:00,1407,7464,77,69.37,7464,7387
AM004635,APP001,2026-06-21,2026-06-10 19:00:00,1437,43998,1010,267.0,43998,42988
AM004636,APP001,2026-07-26,2025-04-13 23:00:00,1434,10656,389,30.12,10656,10267
AM004637,APP001,2025-07-07,2025-03-28 00:00:00,1426,40369,1479,230.62,40369,38890
AM004638,APP004,2025-12-23,2026-10-22 12:00:00,1424,7936,221,166.86,7936,7715
AM004639,APP006,2026-01-09,2025-03-02 15:00:00,1386,44049,1884,58.77,44049,42165
AM004640,APP008,2025-04-05,2026-10-15 23:00:00,1412,42720,970,324.76,42720,41750
AM004641,APP002,2026-06-04,2025-09-03 11:00:00,1382,26259,215,133.1,26259,26044
AM004642,APP001,2026-12-28,2026-02-14 14:00:00,1417,7729,292,116.31,7729,7437
AM004643,APP008,2026-07-13,2026-06-21 20:00:00,1405,4498,89,106.05,4498,4409
AM004644,APP004,2025-12-02,2026-12-10 03:00:00,1407,33899,1053,221.37,33899,32846
AM004645,APP004,2025-12-12,2026-03-28 03:00:00,1428,28749,1387,85.29,28749,27362
AM004646,APP006,2026-12-15,2025-07-04 07:00:00,1380,48247,1670,35.08,48247,46577
AM004647,APP003,2026-04-10,2025-04-06 07:00:00,1417,20983,189,304.45,20983,20794
AM004648,APP004,2026-10-01,2025-12-05 02:00:00,1389,27431,350,131.02,27431,27081
AM004649,APP004,2025-05-03,2026-01-25 18:00:00,1435,12185,169,213.38,12185,12016
AM004650,APP006,2026-07-07,2025-11-30 19:00:00,1424,16575,296,142.88,16575,16279
AM004651,APP004,2025-02-24,2025-04-08 08:00:00,1407,48236,1675,214.69,48236,46561
AM004652,APP006,2025-12-07,2025-02-10 05:00:00,1411,7406,168,189.36,7406,7238
AM004653,APP008,2025-03-26,2026-05-25 09:00:00,1439,42525,1985,337.06,42525,40540
AM004654,APP003,2026-09-23,2026-04-17 06:00:00,1401,15198,693,271.09,15198,14505
AM004655,APP005,2025-05-05,2025-05-27 21:00:00,1411,8514,232,291.96,8514,8282
AM004656,APP006,2026-12-31,2026-01-10 13:00:00,1424,17204,732,139.96,17204,16472
AM004657,APP002,2025-06-03,2026-12-27 02:00:00,1415,21564,102,51.1,21564,21462
AM004658,APP008,2026-01-07,2025-04-03 04:00:00,1429,18405,824,263.12,18405,17581
AM004659,APP002,2026-07-31,2026-09-16 09:00:00,1390,13761,129,277.07,13761,13632
AM004660,APP001,2025-08-14,2026-09-01 18:00:00,1383,7811,191,34.51,7811,7620
AM004661,APP008,2025-12-23,2025-09-26 14:00:00,1427,38861,387,266.51,38861,38474
AM004662,APP001,2026-05-14,2026-04-01 19:00:00,1427,46991,985,142.46,46991,46006
AM004663,APP002,2025-08-02,2025-08-19 10:00:00,1426,32708,913,92.66,32708,31795
AM004664,APP001,2026-06-02,2025-07-26 16:00:00,1385,35729,643,308.87,35729,35086
AM004665,APP001,2025-08-17,2026-12-11 11:00:00,1404,45531,1877,249.97,45531,43654
AM004666,APP008,2026-11-30,2026-03-09 19:00:00,1395,28791,825,242.63,28791,27966
AM004667,APP003,2025-01-07,2026-11-05 20:00:00,1405,9671,37,175.15,9671,9634
AM004668,APP004,2026-12-23,2026-09-15 03:00:00,1392,47685,1789,92.89,47685,45896
AM004669,APP007,2025-02-16,2026-05-19 15:00:00,1405,14231,547,239.68,14231,13684
AM004670,APP001,2025-12-16,2026-06-28 07:00:00,1398,29323,1451,158.07,29323,27872
AM004671,APP003,2026-12-26,2025-06-09 19:00:00,1396,27816,1076,136.98,27816,26740
AM004672,APP001,2025-03-11,2026-01-31 04:00:00,1415,32444,653,144.29,32444,31791
AM004673,APP007,2026-01-24,2026-02-02 03:00:00,1403,18671,46,169.22,18671,18625
AM004674,APP004,2026-07-14,2026-07-29 09:00:00,1417,38193,1241,113.36,38193,36952
AM004675,APP007,2026-09-04,2025-03-29 01:00:00,1386,1536,34,170.48,1536,1502
AM004676,APP002,2025-08-12,2025-08-05 08:00:00,1406,9636,416,236.26,9636,9220
AM004677,APP002,2026-04-03,2025-07-12 12:00:00,1400,35644,121,345.27,35644,35523
AM004678,APP002,2025-09-17,2026-07-14 23:00:00,1432,13796,275,181.01,13796,13521
AM004679,APP004,2026-04-16,2025-02-02 10:00:00,1395,32874,1290,344.56,32874,31584
AM004680,APP005,2025-11-23,2026-05-10 10:00:00,1394,2679,105,222.43,2679,2574
AM004681,APP007,2026-02-14,2025-02-03 02:00:00,1433,5271,51,119.59,5271,5220
AM004682,APP007,2026-01-21,2025-07-12 10:00:00,1420,48892,1204,182.89,48892,47688
AM004683,APP005,2026-03-16,2026-02-28 13:00:00,1394,35056,1343,324.2,35056,33713
AM004684,APP008,2025-03-03,2025-07-25 07:00:00,1383,13462,178,325.53,13462,13284
AM004685,APP003,2026-02-10,2026-11-22 23:00:00,1422,48774,1395,150.05,48774,47379
AM004686,APP003,2025-01-17,2026-06-23 10:00:00,1380,20359,501,32.55,20359,19858
AM004687,APP006,2025-02-06,2026-02-15 15:00:00,1389,18986,843,128.76,18986,18143
AM004688,APP005,2026-06-21,2026-11-07 13:00:00,1426,26400,1095,259.04,26400,25305
AM004689,APP003,2026-05-30,2026-01-29 03:00:00,1430,39274,97,147.54,39274,39177
AM004690,APP005,2026-11-04,2025-08-30 15:00:00,1427,38982,1491,296.16,38982,37491
AM004691,APP006,2025-05-06,2026-04-21 00:00:00,1419,31906,612,21.35,31906,31294
AM004692,APP002,2026-12-07,2025-05-26 22:00:00,1401,47438,520,67.3,47438,46918
AM004693,APP008,2026-06-23,2026-11-23 16:00:00,1394,40388,1268,85.38,40388,39120
AM004694,APP002,2026-07-14,2025-05-25 00:00:00,1382,1029,27,212.65,1029,1002
AM004695,APP004,2025-07-31,2026-01-09 20:00:00,1400,31425,1360,349.47,31425,30065
AM004696,APP001,2025-05-22,2026-03-21 11:00:00,1415,31741,464,70.34,31741,31277
AM004697,APP005,2025-04-04,2025-11-28 14:00:00,1385,2503,110,203.5,2503,2393
AM004698,APP005,2026-04-18,2025-05-25 18:00:00,1422,23475,497,106.18,23475,22978
AM004699,APP004,2025-05-05,2025-05-16 09:00:00,1420,18199,579,257.08,18199,17620
AM004700,APP004,2026-06-19,2025-12-03 16:00:00,1404,49680,1522,34.07,49680,48158
AM004701,APP001,2025-07-23,2025-05-13 16:00:00,1417,37428,993,189.43,37428,36435
AM004702,APP004,2025-09-21,2025-06-28 06:00:00,1405,9910,244,341.71,9910,9666
AM004703,APP006,2025-03-18,2026-08-27 07:00:00,1409,15968,387,110.72,15968,15581
AM004704,APP005,2026-08-06,2025-11-20 00:00:00,1381,1552,38,67.18,1552,1514
AM004705,APP003,2025-03-28,2026-08-04 17:00:00,1425,15078,618,348.54,15078,14460
AM004706,APP001,2025-12-09,2025-09-25 01:00:00,1414,16180,51,101.16,16180,16129
AM004707,APP006,2025-03-07,2025-05-28 03:00:00,1420,12245,89,235.2,12245,12156
AM004708,APP004,2025-03-17,2026-04-02 23:00:00,1426,39042,1248,151.38,39042,37794
AM004709,APP006,2026-05-02,2026-07-05 14:00:00,1391,19882,553,297.29,19882,19329
AM004710,APP007,2026-07-21,2025-10-25 19:00:00,1407,23735,1150,122.72,23735,22585
AM004711,APP005,2025-11-29,2026-12-22 10:00:00,1424,30991,90,267.29,30991,30901
AM004712,APP005,2025-06-20,2026-06-07 16:00:00,1424,44273,387,60.35,44273,43886
AM004713,APP006,2025-11-26,2026-10-24 15:00:00,1439,32911,1347,25.11,32911,31564
AM004714,APP002,2025-10-18,2026-08-06 22:00:00,1393,2610,122,55.31,2610,2488
AM004715,APP008,2025-12-17,2025-11-05 14:00:00,1422,7293,129,130.85,7293,7164
AM004716,APP008,2026-02-01,2026-12-31 03:00:00,1410,23581,474,334.05,23581,23107
AM004717,APP002,2025-09-18,2025-02-20 20:00:00,1434,17075,290,180.98,17075,16785
AM004718,APP002,2025-09-06,2026-04-26 16:00:00,1429,15332,731,164.54,15332,14601
AM004719,APP001,2025-05-03,2025-11-10 06:00:00,1384,37044,390,283.16,37044,36654
AM004720,APP006,2026-10-26,2026-02-08 02:00:00,1380,17630,582,24.13,17630,17048
AM004721,APP001,2026-10-02,2025-08-10 15:00:00,1438,48746,1484,125.99,48746,47262
AM004722,APP006,2025-08-24,2025-12-06 08:00:00,1388,44710,919,95.26,44710,43791
AM004723,APP007,2026-10-17,2025-06-04 01:00:00,1385,44344,1887,16.12,44344,42457
AM004724,APP008,2025-07-06,2026-12-09 07:00:00,1439,32728,1549,339.54,32728,31179
AM004725,APP006,2025-11-27,2025-05-16 05:00:00,1387,39523,1661,232.22,39523,37862
AM004726,APP005,2025-11-17,2025-12-25 12:00:00,1418,22995,836,244.08,22995,22159
AM004727,APP007,2025-10-19,2026-01-23 17:00:00,1403,7041,106,177.85,7041,6935
AM004728,APP004,2025-06-15,2026-02-07 11:00:00,1395,15933,530,118.42,15933,15403
AM004729,APP005,2025-01-12,2025-08-27 04:00:00,1396,43964,1306,251.14,43964,42658
AM004730,APP003,2025-08-17,2025-10-17 17:00:00,1401,25701,445,156.6,25701,25256
AM004731,APP004,2025-04-26,2026-06-18 07:00:00,1418,44962,1150,256.59,44962,43812
AM004732,APP006,2025-06-04,2026-06-24 06:00:00,1386,49663,804,258.81,49663,48859
AM004733,APP008,2026-12-24,2025-06-07 09:00:00,1397,29957,615,271.4,29957,29342
AM004734,APP005,2025-01-26,2025-01-01 19:00:00,1434,45195,1945,23.21,45195,43250
AM004735,APP001,2025-12-04,2026-02-04 02:00:00,1403,2717,104,38.15,2717,2613
AM004736,APP004,2025-03-18,2026-02-23 04:00:00,1381,31950,1155,257.13,31950,30795
AM004737,APP005,2025-07-19,2025-06-12 03:00:00,1421,28180,417,34.87,28180,27763
AM004738,APP002,2026-09-27,2026-08-12 01:00:00,1394,9097,269,89.32,9097,8828
AM004739,APP007,2026-07-18,2025-02-09 23:00:00,1435,48055,1299,212.98,48055,46756
AM004740,APP006,2026-01-16,2026-07-04 20:00:00,1430,19202,838,113.73,19202,18364
AM004741,APP001,2025-10-17,2025-11-10 04:00:00,1386,21246,234,347.52,21246,21012
AM004742,APP002,2026-01-07,2025-10-13 22:00:00,1404,5570,218,28.48,5570,5352
AM004743,APP008,2026-02-02,2025-02-11 05:00:00,1414,23145,525,257.83,23145,22620
AM004744,APP008,2026-03-21,2025-03-28 17:00:00,1396,20496,170,143.31,20496,20326
AM004745,APP004,2025-06-21,2026-03-07 00:00:00,1409,33872,1264,165.66,33872,32608
AM004746,APP007,2025-06-23,2026-02-07 11:00:00,1394,26450,1143,333.95,26450,25307
AM004747,APP003,2025-11-06,2026-07-15 10:00:00,1412,19745,804,67.53,19745,18941
AM004748,APP007,2025-02-04,2025-09-24 05:00:00,1435,30122,610,37.87,30122,29512
AM004749,APP002,2026-06-26,2026-01-06 23:00:00,1430,36884,462,311.61,36884,36422
AM004750,APP008,2025-08-06,2025-02-08 15:00:00,1389,40130,1652,278.76,40130,38478
AM004751,APP003,2026-09-08,2025-08-15 00:00:00,1384,42229,1602,127.35,42229,40627
AM004752,APP007,2025-02-19,2025-12-02 05:00:00,1400,12169,149,149.24,12169,12020
AM004753,APP006,2026-05-27,2025-06-04 17:00:00,1415,12794,363,228.23,12794,12431
AM004754,APP001,2026-02-06,2025-06-13 16:00:00,1410,21705,1011,120.73,21705,20694
AM004755,APP004,2025-11-25,2026-01-28 01:00:00,1409,11330,454,184.22,11330,10876
AM004756,APP001,2025-09-14,2025-09-04 10:00:00,1434,7477,286,237.96,7477,7191
AM004757,APP001,2026-11-02,2025-02-28 08:00:00,1416,7484,278,292.1,7484,7206
AM004758,APP005,2026-06-02,2025-07-01 19:00:00,1436,19941,292,200.45,19941,19649
AM004759,APP007,2025-03-17,2026-08-06 03:00:00,1393,10920,466,241.08,10920,10454
AM004760,APP001,2026-05-12,2026-05-06 21:00:00,1404,38167,1832,332.45,38167,36335
AM004761,APP002,2026-12-30,2026-10-11 18:00:00,1393,4570,119,179.07,4570,4451
AM004762,APP006,2025-04-22,2026-01-16 16:00:00,1392,41529,738,277.58,41529,40791
AM004763,APP002,2026-01-30,2025-02-12 03:00:00,1438,42769,2053,305.67,42769,40716
AM004764,APP008,2026-05-28,2025-10-25 05:00:00,1421,28181,1024,286.83,28181,27157
AM004765,APP007,2025-02-25,2025-08-09 07:00:00,1431,26138,867,303.4,26138,25271
AM004766,APP004,2025-11-16,2025-11-04 01:00:00,1429,19497,879,315.6,19497,18618
AM004767,APP002,2026-04-17,2026-02-20 10:00:00,1399,2199,62,72.52,2199,2137
AM004768,APP008,2025-03-26,2025-08-19 01:00:00,1393,14313,112,221.62,14313,14201
AM004769,APP002,2026-08-20,2025-06-06 20:00:00,1403,42630,1317,221.14,42630,41313
AM004770,APP002,2026-03-04,2025-10-20 01:00:00,1380,28733,951,303.15,28733,27782
AM004771,APP001,2025-07-22,2026-03-13 03:00:00,1390,30214,261,198.67,30214,29953
AM004772,APP002,2025-12-09,2026-06-25 09:00:00,1430,34762,1693,305.35,34762,33069
AM004773,APP002,2026-08-02,2025-01-05 19:00:00,1423,7084,307,76.95,7084,6777
AM004774,APP002,2025-01-22,2026-06-06 17:00:00,1435,2285,105,136.06,2285,2180
AM004775,APP006,2025-11-14,2026-09-19 14:00:00,1386,22803,925,241.93,22803,21878
AM004776,APP006,2025-03-18,2026-06-02 11:00:00,1400,20743,314,16.5,20743,20429
AM004777,APP003,2026-07-27,2025-05-30 08:00:00,1417,2622,12,105.68,2622,2610
AM004778,APP008,2025-11-24,2026-01-03 08:00:00,1429,12105,158,267.46,12105,11947
AM004779,APP008,2026-04-19,2025-05-15 01:00:00,1388,31731,1215,42.8,31731,30516
AM004780,APP002,2025-11-26,2026-12-09 10:00:00,1425,1643,70,20.55,1643,1573
AM004781,APP008,2025-05-06,2026-01-20 23:00:00,1427,7202,54,54.12,7202,7148
AM004782,APP001,2025-04-06,2026-06-24 03:00:00,1380,15844,355,30.55,15844,15489
AM004783,APP007,2026-10-06,2026-06-04 08:00:00,1413,18694,527,186.2,18694,18167
AM004784,APP004,2026-05-19,2026-11-05 23:00:00,1396,2918,126,309.11,2918,2792
AM004785,APP001,2025-07-29,2025-04-08 21:00:00,1383,30119,785,273.34,30119,29334
AM004786,APP006,2025-09-29,2026-03-30 14:00:00,1398,25567,213,289.11,25567,25354
AM004787,APP003,2026-06-03,2026-02-09 21:00:00,1386,1211,42,218.03,1211,1169
AM004788,APP003,2026-09-29,2026-06-21 18:00:00,1410,38137,1673,54.66,38137,36464
AM004789,APP008,2026-03-31,2025-09-11 17:00:00,1381,5624,250,273.43,5624,5374
AM004790,APP002,2026-08-04,2026-05-05 20:00:00,1388,7816,292,23.92,7816,7524
AM004791,APP007,2026-08-09,2026-01-02 08:00:00,1428,41571,127,340.23,41571,41444
AM004792,APP004,2025-05-31,2025-10-03 08:00:00,1433,31616,1465,94.54,31616,30151
AM004793,APP004,2026-05-07,2026-10-18 23:00:00,1398,7492,242,157.23,7492,7250
AM004794,APP002,2026-11-30,2025-11-22 03:00:00,1384,22715,623,70.69,22715,22092
AM004795,APP005,2025-07-05,2025-12-23 18:00:00,1392,39159,815,55.27,39159,38344
AM004796,APP005,2026-03-24,2026-01-05 05:00:00,1404,19145,129,252.72,19145,19016
AM004797,APP001,2025-11-22,2026-10-08 13:00:00,1419,38957,1833,158.52,38957,37124
AM004798,APP005,2026-12-19,2025-06-26 03:00:00,1408,12261,242,61.8,12261,12019
AM004799,APP003,2026-01-08,2025-09-24 12:00:00,1417,24786,285,291.37,24786,24501
AM004800,APP006,2025-11-01,2026-12-09 02:00:00,1424,19692,361,141.99,19692,19331
AM004801,APP006,2025-02-03,2026-09-24 00:00:00,1428,17686,56,67.22,17686,17630
AM004802,APP006,2026-06-29,2026-07-28 21:00:00,1386,49871,881,228.91,49871,48990
AM004803,APP001,2025-08-30,2026-05-13 00:00:00,1431,28448,507,45.39,28448,27941
AM004804,APP002,2026-07-15,2026-05-19 23:00:00,1390,22901,503,29.32,22901,22398
AM004805,APP001,2026-01-05,2026-04-03 08:00:00,1423,24426,761,322.01,24426,23665
AM004806,APP002,2026-10-31,2025-10-11 17:00:00,1423,25671,678,75.24,25671,24993
AM004807,APP005,2026-09-22,2025-12-23 20:00:00,1424,15925,245,338.68,15925,15680
AM004808,APP006,2026-06-20,2026-11-06 09:00:00,1417,29396,1217,44.14,29396,28179
AM004809,APP002,2025-08-30,2025-02-10 19:00:00,1429,34125,1055,275.3,34125,33070
AM004810,APP005,2026-07-27,2025-12-20 22:00:00,1408,37873,1747,325.13,37873,36126
AM004811,APP002,2026-11-26,2026-06-08 15:00:00,1437,26997,160,84.76,26997,26837
AM004812,APP004,2026-12-31,2026-12-22 20:00:00,1412,39432,1063,137.71,39432,38369
AM004813,APP001,2026-10-02,2025-11-06 11:00:00,1402,9192,162,260.0,9192,9030
AM004814,APP001,2026-02-09,2026-03-21 06:00:00,1409,44668,715,156.65,44668,43953
AM004815,APP008,2025-05-30,2025-03-22 05:00:00,1393,49102,604,65.18,49102,48498
AM004816,APP002,2025-07-02,2026-06-14 01:00:00,1406,34963,588,328.69,34963,34375
AM004817,APP001,2025-12-28,2025-12-01 01:00:00,1387,36602,1214,61.5,36602,35388
AM004818,APP001,2026-12-14,2025-05-07 02:00:00,1439,21144,632,144.33,21144,20512
AM004819,APP001,2026-08-25,2025-03-14 00:00:00,1431,24355,272,159.68,24355,24083
AM004820,APP003,2026-05-30,2026-10-09 21:00:00,1407,10943,190,259.5,10943,10753
AM004821,APP003,2026-10-21,2026-11-06 06:00:00,1411,9380,362,16.45,9380,9018
AM004822,APP005,2025-09-27,2025-06-13 15:00:00,1404,19276,756,271.14,19276,18520
AM004823,APP002,2025-06-22,2026-05-23 15:00:00,1397,27696,227,38.36,27696,27469
AM004824,APP006,2025-11-23,2025-03-10 05:00:00,1383,15206,509,255.52,15206,14697
AM004825,APP005,2025-10-11,2026-03-25 07:00:00,1385,30841,1481,220.46,30841,29360
AM004826,APP006,2025-11-10,2026-10-11 09:00:00,1402,27197,741,167.74,27197,26456
AM004827,APP006,2026-02-11,2025-04-08 07:00:00,1419,44928,154,266.54,44928,44774
AM004828,APP004,2025-06-02,2026-08-07 04:00:00,1430,43164,625,167.18,43164,42539
AM004829,APP002,2026-04-19,2025-05-21 11:00:00,1435,5316,183,283.01,5316,5133
AM004830,APP001,2025-09-17,2025-11-30 13:00:00,1414,17410,284,78.64,17410,17126
AM004831,APP006,2025-11-08,2025-10-18 16:00:00,1393,40705,551,286.73,40705,40154
AM004832,APP004,2025-05-13,2026-04-16 05:00:00,1387,6871,145,44.42,6871,6726
AM004833,APP003,2025-08-15,2026-06-03 00:00:00,1430,29418,360,76.51,29418,29058
AM004834,APP008,2026-10-02,2025-07-18 01:00:00,1397,25033,1063,27.33,25033,23970
AM004835,APP005,2026-11-28,2025-05-02 02:00:00,1437,37843,1311,64.1,37843,36532
AM004836,APP007,2026-10-25,2026-03-13 15:00:00,1381,17895,750,155.31,17895,17145
AM004837,APP001,2025-02-18,2026-02-26 18:00:00,1426,44809,699,103.59,44809,44110
AM004838,APP008,2025-06-18,2025-05-25 10:00:00,1415,6257,110,252.56,6257,6147
AM004839,APP007,2026-05-13,2026-11-17 13:00:00,1403,32583,971,142.24,32583,31612
AM004840,APP002,2025-09-08,2026-02-15 22:00:00,1436,38250,251,320.98,38250,37999
AM004841,APP001,2025-06-11,2026-10-17 10:00:00,1432,27094,712,75.76,27094,26382
AM004842,APP004,2026-06-26,2026-01-23 09:00:00,1418,12879,454,78.78,12879,12425
AM004843,APP003,2026-03-18,2025-01-24 02:00:00,1396,14494,216,148.83,14494,14278
AM004844,APP004,2026-05-06,2025-05-04 12:00:00,1439,15109,454,69.81,15109,14655
AM004845,APP003,2026-04-30,2026-04-08 12:00:00,1419,42777,1114,303.05,42777,41663
AM004846,APP004,2026-08-08,2025-09-21 21:00:00,1408,4522,52,346.67,4522,4470
AM004847,APP003,2025-04-14,2026-11-07 02:00:00,1433,37134,1634,104.19,37134,35500
AM004848,APP007,2025-12-22,2026-11-25 06:00:00,1430,47051,1115,25.13,47051,45936
AM004849,APP004,2025-08-31,2025-02-21 06:00:00,1433,1254,59,227.36,1254,1195
AM004850,APP007,2026-12-15,2025-04-25 12:00:00,1407,40098,1799,284.0,40098,38299
AM004851,APP007,2026-08-08,2025-04-26 10:00:00,1432,40267,644,241.65,40267,39623
AM004852,APP004,2025-01-10,2025-01-14 16:00:00,1406,34352,423,164.28,34352,33929
AM004853,APP006,2026-04-28,2025-09-03 08:00:00,1399,7617,174,143.4,7617,7443
AM004854,APP002,2025-02-13,2026-07-09 12:00:00,1429,22122,443,188.08,22122,21679
AM004855,APP008,2026-04-04,2026-12-30 08:00:00,1401,26229,595,243.85,26229,25634
AM004856,APP006,2025-05-19,2025-12-16 19:00:00,1410,30941,960,208.98,30941,29981
AM004857,APP007,2026-03-19,2025-05-12 11:00:00,1422,39851,1367,215.63,39851,38484
AM004858,APP003,2025-08-05,2025-02-10 12:00:00,1420,40484,1085,228.87,40484,39399
AM004859,APP006,2025-10-06,2026-03-17 12:00:00,1393,19178,701,310.18,19178,18477
AM004860,APP001,2025-04-12,2025-08-04 10:00:00,1431,36146,1462,206.59,36146,34684
AM004861,APP007,2026-11-27,2025-11-04 01:00:00,1398,38827,763,110.12,38827,38064
AM004862,APP007,2026-01-02,2025-06-13 10:00:00,1439,25452,95,59.09,25452,25357
AM004863,APP005,2025-10-13,2025-01-22 18:00:00,1394,47654,2059,248.67,47654,45595
AM004864,APP001,2025-06-15,2026-08-24 14:00:00,1416,29208,1024,103.98,29208,28184
AM004865,APP003,2025-03-14,2026-05-30 19:00:00,1427,36389,960,146.78,36389,35429
AM004866,APP006,2026-11-22,2025-11-04 04:00:00,1424,49587,1177,303.42,49587,48410
AM004867,APP003,2025-08-05,2026-01-27 09:00:00,1388,39346,1668,180.71,39346,37678
AM004868,APP004,2025-10-26,2025-01-11 08:00:00,1425,5237,42,195.08,5237,5195
AM004869,APP007,2026-08-16,2026-12-03 15:00:00,1423,3714,160,155.75,3714,3554
AM004870,APP006,2025-09-25,2026-10-20 23:00:00,1432,38361,1657,305.15,38361,36704
AM004871,APP007,2026-06-16,2026-12-02 22:00:00,1422,31981,1485,96.4,31981,30496
AM004872,APP006,2025-05-10,2026-03-04 23:00:00,1424,36352,600,319.69,36352,35752
AM004873,APP002,2026-09-26,2026-11-14 13:00:00,1419,36196,309,181.54,36196,35887
AM004874,APP006,2025-07-01,2026-05-02 08:00:00,1393,22723,710,159.7,22723,22013
AM004875,APP005,2026-02-21,2025-07-31 07:00:00,1405,42089,1192,23.17,42089,40897
AM004876,APP005,2025-12-18,2025-02-04 23:00:00,1388,39156,244,146.45,39156,38912
AM004877,APP005,2026-06-26,2026-12-07 14:00:00,1384,47622,903,244.6,47622,46719
AM004878,APP001,2025-10-26,2026-02-01 01:00:00,1424,3197,82,341.42,3197,3115
AM004879,APP005,2025-12-31,2025-02-11 21:00:00,1432,24244,123,285.73,24244,24121
AM004880,APP002,2026-02-04,2026-10-16 08:00:00,1403,32227,1229,332.8,32227,30998
AM004881,APP007,2025-07-08,2026-01-19 09:00:00,1384,17573,257,135.05,17573,17316
AM004882,APP003,2026-04-06,2025-10-11 19:00:00,1411,36278,436,141.26,36278,35842
AM004883,APP004,2025-02-21,2026-02-16 15:00:00,1437,48547,1869,259.21,48547,46678
AM004884,APP007,2025-03-16,2026-10-07 22:00:00,1427,15174,400,43.74,15174,14774
AM004885,APP007,2026-02-18,2026-06-10 19:00:00,1419,29775,264,120.09,29775,29511
AM004886,APP003,2026-03-31,2025-04-12 14:00:00,1390,2202,62,349.13,2202,2140
AM004887,APP001,2025-09-19,2025-08-06 10:00:00,1400,43462,249,24.22,43462,43213
AM004888,APP001,2026-09-07,2025-08-19 10:00:00,1411,3793,115,48.05,3793,3678
AM004889,APP002,2025-05-20,2025-07-26 06:00:00,1422,33983,298,295.03,33983,33685
AM004890,APP008,2026-01-27,2025-01-16 08:00:00,1398,5791,215,164.97,5791,5576
AM004891,APP005,2025-01-13,2026-04-25 16:00:00,1384,9800,18,124.49,9800,9782
AM004892,APP003,2025-02-15,2026-12-30 02:00:00,1432,14019,171,124.37,14019,13848
AM004893,APP001,2025-06-05,2026-02-17 03:00:00,1380,19155,451,50.51,19155,18704
AM004894,APP001,2025-09-28,2025-10-05 14:00:00,1427,26900,981,329.71,26900,25919
AM004895,APP002,2026-08-01,2025-05-17 11:00:00,1384,33994,825,283.04,33994,33169
AM004896,APP004,2026-09-17,2026-01-17 00:00:00,1380,32880,512,192.9,32880,32368
AM004897,APP006,2025-12-29,2025-09-13 05:00:00,1402,38851,1161,206.48,38851,37690
AM004898,APP005,2026-08-06,2025-01-21 09:00:00,1405,24280,354,44.44,24280,23926
AM004899,APP006,2026-10-06,2026-05-15 05:00:00,1388,23058,1053,179.22,23058,22005
AM004900,APP004,2025-11-16,2026-10-29 18:00:00,1430,45009,1969,303.33,45009,43040
AM004901,APP004,2026-03-22,2026-08-19 11:00:00,1418,17197,757,125.69,17197,16440
AM004902,APP006,2026-01-31,2026-07-03 15:00:00,1391,4669,179,275.52,4669,4490
AM004903,APP006,2025-07-28,2025-10-29 15:00:00,1388,34520,1123,242.54,34520,33397
AM004904,APP008,2025-11-01,2025-12-26 04:00:00,1405,36294,60,162.05,36294,36234
AM004905,APP004,2025-03-02,2026-06-14 13:00:00,1439,46681,729,340.4,46681,45952
AM004906,APP002,2025-08-03,2026-04-24 02:00:00,1384,32543,1080,291.9,32543,31463
AM004907,APP001,2026-08-02,2025-01-30 18:00:00,1398,33681,362,41.92,33681,33319
AM004908,APP006,2026-08-22,2025-10-21 14:00:00,1412,46705,2013,269.99,46705,44692
AM004909,APP002,2026-05-03,2025-10-18 19:00:00,1421,47681,329,235.69,47681,47352
AM004910,APP002,2025-09-18,2026-07-09 18:00:00,1382,10596,274,208.06,10596,10322
AM004911,APP006,2026-10-10,2026-02-07 17:00:00,1427,22436,490,304.72,22436,21946
AM004912,APP004,2026-06-18,2025-11-27 21:00:00,1402,31093,926,196.81,31093,30167
AM004913,APP003,2025-03-24,2026-09-20 22:00:00,1427,6054,158,290.63,6054,5896
AM004914,APP002,2025-03-22,2026-05-30 16:00:00,1393,42055,678,114.54,42055,41377
AM004915,APP008,2025-04-17,2025-12-28 03:00:00,1386,29874,162,109.36,29874,29712
AM004916,APP006,2025-09-18,2025-01-22 16:00:00,1424,12267,588,282.74,12267,11679
AM004917,APP008,2025-08-02,2025-07-21 16:00:00,1402,43468,887,334.78,43468,42581
AM004918,APP007,2025-02-09,2026-09-20 07:00:00,1432,3694,104,109.78,3694,3590
AM004919,APP006,2026-07-01,2026-11-09 20:00:00,1434,2328,15,66.43,2328,2313
AM004920,APP003,2025-09-30,2026-08-03 17:00:00,1429,24434,439,126.64,24434,23995
AM004921,APP006,2026-03-18,2026-11-20 00:00:00,1386,24970,697,19.69,24970,24273
AM004922,APP006,2025-06-09,2025-04-18 13:00:00,1396,5803,105,129.07,5803,5698
AM004923,APP004,2025-09-06,2025-06-21 13:00:00,1437,28472,1307,290.94,28472,27165
AM004924,APP003,2026-07-21,2025-05-15 05:00:00,1427,30160,641,251.18,30160,29519
AM004925,APP002,2025-01-21,2025-11-01 19:00:00,1425,12735,526,163.78,12735,12209
AM004926,APP004,2026-08-17,2025-07-22 14:00:00,1405,5162,10,224.99,5162,5152
AM004927,APP001,2025-04-01,2026-11-03 01:00:00,1385,8762,55,267.81,8762,8707
AM004928,APP001,2025-12-27,2026-01-12 03:00:00,1385,29735,789,333.78,29735,28946
AM004929,APP006,2025-03-25,2026-01-07 17:00:00,1427,18189,729,178.8,18189,17460
AM004930,APP003,2026-11-22,2026-09-11 23:00:00,1388,7340,11,229.08,7340,7329
AM004931,APP003,2026-08-25,2025-01-17 12:00:00,1425,19174,87,242.1,19174,19087
AM004932,APP006,2025-07-14,2025-04-11 05:00:00,1407,7256,171,163.61,7256,7085
AM004933,APP006,2025-10-11,2025-09-12 17:00:00,1407,30126,458,134.24,30126,29668
AM004934,APP005,2026-11-11,2025-12-06 08:00:00,1418,40517,774,66.34,40517,39743
AM004935,APP002,2026-08-06,2025-06-18 22:00:00,1394,11930,157,202.22,11930,11773
AM004936,APP008,2025-02-20,2026-01-01 20:00:00,1418,34437,952,62.12,34437,33485
AM004937,APP008,2026-02-01,2025-06-24 14:00:00,1424,15731,134,87.24,15731,15597
AM004938,APP005,2025-03-13,2025-06-01 01:00:00,1426,26590,879,132.87,26590,25711
AM004939,APP004,2025-12-02,2026-12-10 11:00:00,1418,23832,858,39.21,23832,22974
AM004940,APP005,2026-12-25,2026-01-27 13:00:00,1422,42420,1735,77.33,42420,40685
AM004941,APP007,2025-10-12,2025-05-06 04:00:00,1415,28765,696,129.67,28765,28069
AM004942,APP002,2025-10-18,2026-07-30 23:00:00,1393,36258,442,167.82,36258,35816
AM004943,APP002,2025-10-08,2026-06-28 02:00:00,1396,40497,326,177.84,40497,40171
AM004944,APP006,2026-11-24,2026-03-07 04:00:00,1409,13627,352,257.15,13627,13275
AM004945,APP003,2025-07-02,2026-10-23 01:00:00,1421,18729,149,290.55,18729,18580
AM004946,APP004,2026-08-19,2025-01-07 13:00:00,1429,27288,450,326.66,27288,26838
AM004947,APP008,2025-07-28,2026-06-03 13:00:00,1416,21327,791,145.64,21327,20536
AM004948,APP004,2026-07-09,2026-06-17 19:00:00,1394,25186,95,230.44,25186,25091
AM004949,APP003,2025-01-23,2026-12-22 09:00:00,1395,6918,19,274.49,6918,6899
AM004950,APP001,2025-05-30,2026-09-19 20:00:00,1402,45971,704,297.86,45971,45267
AM004951,APP002,2025-10-01,2026-12-07 18:00:00,1400,14824,237,217.79,14824,14587
AM004952,APP001,2025-11-03,2026-08-22 06:00:00,1431,35425,700,157.62,35425,34725
AM004953,APP002,2026-12-11,2026-04-06 07:00:00,1381,44630,292,278.87,44630,44338
AM004954,APP007,2025-09-25,2025-03-05 06:00:00,1435,35803,675,210.58,35803,35128
AM004955,APP002,2025-09-29,2025-07-02 14:00:00,1438,27091,1209,249.83,27091,25882
AM004956,APP005,2025-10-17,2026-11-15 04:00:00,1392,41563,1460,74.11,41563,40103
AM004957,APP007,2025-01-18,2026-05-31 15:00:00,1384,19691,612,143.61,19691,19079
AM004958,APP006,2026-09-02,2026-11-06 06:00:00,1434,28521,523,295.53,28521,27998
AM004959,APP002,2026-02-21,2026-02-23 10:00:00,1414,10377,498,273.24,10377,9879
AM004960,APP005,2026-11-10,2025-08-01 07:00:00,1439,45908,2182,104.62,45908,43726
AM004961,APP001,2026-11-13,2026-05-08 15:00:00,1416,10540,491,154.68,10540,10049
AM004962,APP007,2025-05-22,2026-07-26 01:00:00,1434,43613,1477,270.35,43613,42136
AM004963,APP002,2026-05-31,2025-11-02 04:00:00,1434,5284,58,107.11,5284,5226
AM004964,APP001,2025-01-14,2025-09-08 04:00:00,1422,35227,914,188.69,35227,34313
AM004965,APP002,2026-02-08,2025-04-18 15:00:00,1416,10844,369,106.43,10844,10475
AM004966,APP003,2026-02-22,2026-06-22 19:00:00,1389,22197,504,113.24,22197,21693
AM004967,APP001,2025-04-29,2025-11-26 04:00:00,1431,16553,78,273.28,16553,16475
AM004968,APP008,2025-08-16,2026-04-23 18:00:00,1425,28113,1293,169.12,28113,26820
AM004969,APP008,2026-09-08,2025-05-04 19:00:00,1438,38710,1282,174.01,38710,37428
AM004970,APP007,2026-05-19,2026-10-09 05:00:00,1389,8496,87,100.18,8496,8409
AM004971,APP006,2025-07-11,2025-07-21 11:00:00,1397,17673,378,330.15,17673,17295
AM004972,APP001,2025-02-26,2026-01-26 08:00:00,1426,40977,1734,194.22,40977,39243
AM004973,APP007,2025-02-11,2026-03-11 08:00:00,1402,40686,608,309.82,40686,40078
AM004974,APP007,2025-07-11,2026-01-28 09:00:00,1395,17792,52,84.9,17792,17740
AM004975,APP006,2026-06-19,2026-10-10 01:00:00,1397,48254,1478,179.33,48254,46776
AM004976,APP004,2026-06-10,2025-05-09 17:00:00,1435,11373,520,292.79,11373,10853
AM004977,APP001,2025-12-17,2025-06-11 12:00:00,1412,23814,1077,175.57,23814,22737
AM004978,APP005,2026-02-18,2026-09-20 13:00:00,1391,4310,33,215.4,4310,4277
AM004979,APP007,2026-03-10,2025-01-28 02:00:00,1411,24307,521,84.18,24307,23786
AM004980,APP008,2025-08-01,2025-06-05 18:00:00,1424,36667,1740,302.54,36667,34927
AM004981,APP004,2025-12-06,2025-11-05 17:00:00,1401,5885,260,271.06,5885,5625
AM004982,APP007,2025-03-25,2025-05-08 02:00:00,1419,34430,863,288.44,34430,33567
AM004983,APP006,2025-10-06,2026-06-27 13:00:00,1437,48225,1889,278.75,48225,46336
AM004984,APP002,2026-10-21,2025-05-22 23:00:00,1403,29191,695,190.78,29191,28496
AM004985,APP003,2025-05-22,2026-01-26 02:00:00,1415,33370,582,213.6,33370,32788
AM004986,APP002,2026-09-01,2025-09-19 08:00:00,1404,28320,1157,133.4,28320,27163
AM004987,APP004,2025-07-06,2026-11-06 10:00:00,1404,6760,223,109.82,6760,6537
AM004988,APP001,2026-12-01,2025-04-12 23:00:00,1439,18790,203,128.53,18790,18587
AM004989,APP004,2025-12-06,2025-05-06 02:00:00,1415,34460,699,86.77,34460,33761
AM004990,APP008,2025-01-07,2026-05-26 10:00:00,1409,19639,194,338.49,19639,19445
AM004991,APP008,2026-12-05,2025-10-22 04:00:00,1396,33020,1542,41.98,33020,31478
AM004992,APP001,2025-03-28,2026-10-22 16:00:00,1390,35091,819,282.21,35091,34272
AM004993,APP005,2026-03-16,2026-05-26 07:00:00,1382,38369,1149,136.19,38369,37220
AM004994,APP003,2025-12-11,2026-04-26 12:00:00,1384,1934,67,304.75,1934,1867
AM004995,APP006,2026-01-25,2025-04-21 18:00:00,1409,1582,7,290.71,1582,1575
AM004996,APP007,2025-08-13,2026-01-14 00:00:00,1383,25325,227,290.7,25325,25098
AM004997,APP002,2026-06-01,2025-01-07 01:00:00,1389,6282,55,289.53,6282,6227
AM004998,APP002,2025-04-11,2026-10-27 15:00:00,1418,25024,89,129.3,25024,24935
AM004999,APP002,2026-03-22,2025-09-11 06:00:00,1399,47866,1929,54.14,47866,45937
AM005000,APP001,2025-10-05,2026-12-25 15:00:00,1400,34777,1582,263.06,34777,33195
